{
  "status": "OK",
  "group_id": "W128_mu4_w4_eta4_a1_b15_Bt50_Bm30_Cb5_Cbl4_Co6",
  "best_score": 0.00514940032735467,
  "best": [
    128,
    4,
    113866,
    457343,
    4,
    4
  ],
  "Bmin": 113866,
  "B2": 457343,
  "W": 128,
  "mu": 4,
  "w": 4,
  "eta": 4,
  "alpha": 0.001,
  "beta": 0.15,
  "Btime": 1125899906842624,
  "Bmemory": 1073741824,
  "Cbase": 32,
  "Cblock": 16,
  "Coracle": 64,
  "timestamp": 1762876357.352989
}