{
  "status": "OK",
  "group_id": "W128_mu64_w8_eta8_a1_b25_Bt30_Bm30_Cb5_Cbl4_Co6",
  "best_score": 0.17904973030090332,
  "best": [
    128,
    64,
    194855,
    371880,
    8,
    8
  ],
  "Bmin": 194855,
  "B2": 371880,
  "W": 128,
  "mu": 64,
  "w": 8,
  "eta": 8,
  "alpha": 0.001,
  "beta": 0.25,
  "Btime": 1073741824,
  "Bmemory": 1073741824,
  "Cbase": 32,
  "Cblock": 16,
  "Coracle": 64,
  "timestamp": 1762848279.0746646
}