{
  "status": "OK",
  "group_id": "W128_mu16_w8_eta2_a1_b15_Bt30_Bm30_Cb5_Cbl4_Co6",
  "best_score": 0.007606531959027052,
  "best": [
    128,
    16,
    113866,
    227632,
    8,
    2
  ],
  "Bmin": 113866,
  "B2": 227632,
  "W": 128,
  "mu": 16,
  "w": 8,
  "eta": 2,
  "alpha": 0.001,
  "beta": 0.15,
  "Btime": 1073741824,
  "Bmemory": 1073741824,
  "Cbase": 32,
  "Cblock": 16,
  "Coracle": 64,
  "timestamp": 1762844040.9481866
}