{
  "status": "OK",
  "group_id": "W128_mu16_w4_eta2_a1_b20_Bt50_Bm30_Cb5_Cbl4_Co6",
  "best_score": 0.0046208444982767105,
  "best": [
    128,
    16,
    153841,
    395106,
    4,
    2
  ],
  "Bmin": 153841,
  "B2": 395106,
  "W": 128,
  "mu": 16,
  "w": 4,
  "eta": 2,
  "alpha": 0.001,
  "beta": 0.2,
  "Btime": 1125899906842624,
  "Bmemory": 1073741824,
  "Cbase": 32,
  "Cblock": 16,
  "Coracle": 64,
  "timestamp": 1762864115.0493302
}