{
  "status": "OK",
  "group_id": "W128_mu4_w4_eta2_a1_b15_Bt30_Bm50_Cb5_Cbl4_Co6",
  "best_score": 0.004713425412774086,
  "best": [
    128,
    4,
    113865,
    246592,
    4,
    2
  ],
  "Bmin": 113865,
  "B2": 246592,
  "W": 128,
  "mu": 4,
  "w": 4,
  "eta": 2,
  "alpha": 0.001,
  "beta": 0.15,
  "Btime": 1073741824,
  "Bmemory": 1125899906842624,
  "Cbase": 32,
  "Cblock": 16,
  "Coracle": 64,
  "timestamp": 1762859033.113145
}