{
  "status": "OK",
  "group_id": "W128_mu4_w4_eta16_a1_b5_Bt30_Bm30_Cb5_Cbl4_Co6",
  "best_score": 0.11473135650157928,
  "best": [
    128,
    4,
    36230,
    134743,
    4,
    16
  ],
  "Bmin": 36230,
  "B2": 134743,
  "W": 128,
  "mu": 4,
  "w": 4,
  "eta": 16,
  "alpha": 0.001,
  "beta": 0.05,
  "Btime": 1073741824,
  "Bmemory": 1073741824,
  "Cbase": 32,
  "Cblock": 16,
  "Coracle": 64,
  "timestamp": 1762843283.1787243
}