{
  "status": "OK",
  "group_id": "W128_mu16_w16_eta2_a1_b10_Bt30_Bm30_Cb5_Cbl4_Co6",
  "best_score": 0.019007572904229164,
  "best": [
    128,
    16,
    74968,
    259095,
    16,
    2
  ],
  "Bmin": 74968,
  "B2": 259095,
  "W": 128,
  "mu": 16,
  "w": 16,
  "eta": 2,
  "alpha": 0.001,
  "beta": 0.1,
  "Btime": 1073741824,
  "Bmemory": 1073741824,
  "Cbase": 32,
  "Cblock": 16,
  "Coracle": 64,
  "timestamp": 1762848559.2785518
}