{
  "status": "OK",
  "group_id": "W128_mu4_w8_eta4_a1_b25_Bt30_Bm50_Cb5_Cbl4_Co6",
  "best_score": 0.0017641697777435184,
  "best": [
    128,
    4,
    194856,
    250268,
    8,
    4
  ],
  "Bmin": 194856,
  "B2": 250268,
  "W": 128,
  "mu": 4,
  "w": 8,
  "eta": 4,
  "alpha": 0.001,
  "beta": 0.25,
  "Btime": 1073741824,
  "Bmemory": 1125899906842624,
  "Cbase": 32,
  "Cblock": 16,
  "Coracle": 64,
  "timestamp": 1762882822.300193
}