{
  "status": "OK",
  "group_id": "W128_mu8_w16_eta2_a1_b3_Bt30_Bm50_Cb5_Cbl4_Co6",
  "best_score": 0.19480076432228088,
  "best": [
    128,
    8,
    21595,
    195535,
    16,
    2
  ],
  "Bmin": 21595,
  "B2": 195535,
  "W": 128,
  "mu": 8,
  "w": 16,
  "eta": 2,
  "alpha": 0.001,
  "beta": 0.03,
  "Btime": 1073741824,
  "Bmemory": 1125899906842624,
  "Cbase": 32,
  "Cblock": 16,
  "Coracle": 64,
  "timestamp": 1762886221.7745905
}