{
  "status": "OK",
  "group_id": "W128_mu16_w4_eta2_a1_b15_Bt30_Bm30_Cb5_Cbl4_Co6",
  "best_score": 0.008785679005086422,
  "best": [
    128,
    16,
    113865,
    208671,
    4,
    2
  ],
  "Bmin": 113865,
  "B2": 208671,
  "W": 128,
  "mu": 16,
  "w": 4,
  "eta": 2,
  "alpha": 0.001,
  "beta": 0.15,
  "Btime": 1073741824,
  "Bmemory": 1073741824,
  "Cbase": 32,
  "Cblock": 16,
  "Coracle": 64,
  "timestamp": 1762831808.9450848
}