{
  "status": "OK",
  "group_id": "W128_mu16_w8_eta8_a1_b3_Bt30_Bm30_Cb5_Cbl4_Co6",
  "best_score": 0.1619991958141327,
  "best": [
    128,
    16,
    21594,
    195535,
    8,
    8
  ],
  "Bmin": 21594,
  "B2": 195535,
  "W": 128,
  "mu": 16,
  "w": 8,
  "eta": 8,
  "alpha": 0.001,
  "beta": 0.03,
  "Btime": 1073741824,
  "Bmemory": 1073741824,
  "Cbase": 32,
  "Cblock": 16,
  "Coracle": 64,
  "timestamp": 1762847648.5875626
}