{
  "status": "OK",
  "group_id": "W128_mu32_w16_eta8_a1_b10_Bt30_Bm50_Cb5_Cbl4_Co6",
  "best_score": 0.0413115918636322,
  "best": [
    128,
    32,
    74968,
    121000,
    16,
    8
  ],
  "Bmin": 74968,
  "B2": 121000,
  "W": 128,
  "mu": 32,
  "w": 16,
  "eta": 8,
  "alpha": 0.001,
  "beta": 0.1,
  "Btime": 1073741824,
  "Bmemory": 1125899906842624,
  "Cbase": 32,
  "Cblock": 16,
  "Coracle": 64,
  "timestamp": 1762888687.1416538
}