{
  "status": "OK",
  "group_id": "W128_mu64_w8_eta4_a1_b5_Bt30_Bm30_Cb5_Cbl4_Co6",
  "best_score": 0.13901662826538086,
  "best": [
    128,
    64,
    36230,
    254531,
    8,
    4
  ],
  "Bmin": 36230,
  "B2": 254531,
  "W": 128,
  "mu": 64,
  "w": 8,
  "eta": 4,
  "alpha": 0.001,
  "beta": 0.05,
  "Btime": 1073741824,
  "Bmemory": 1073741824,
  "Cbase": 32,
  "Cblock": 16,
  "Coracle": 64,
  "timestamp": 1762847135.251737
}