{
  "status": "OK",
  "group_id": "W128_mu32_w4_eta2_a1_b20_Bt50_Bm30_Cb5_Cbl4_Co6",
  "best_score": 0.016246391460299492,
  "best": [
    128,
    32,
    153841,
    330768,
    4,
    2
  ],
  "Bmin": 153841,
  "B2": 330768,
  "W": 128,
  "mu": 32,
  "w": 4,
  "eta": 2,
  "alpha": 0.001,
  "beta": 0.2,
  "Btime": 1125899906842624,
  "Bmemory": 1073741824,
  "Cbase": 32,
  "Cblock": 16,
  "Coracle": 64,
  "timestamp": 1762868118.677646
}