{
  "status": "OK",
  "group_id": "W128_mu8_w8_eta8_a1_b3_Bt30_Bm50_Cb5_Cbl4_Co6",
  "best_score": 0.16453996300697327,
  "best": [
    128,
    8,
    21594,
    159140,
    8,
    8
  ],
  "Bmin": 21594,
  "B2": 159140,
  "W": 128,
  "mu": 8,
  "w": 8,
  "eta": 8,
  "alpha": 0.001,
  "beta": 0.03,
  "Btime": 1073741824,
  "Bmemory": 1125899906842624,
  "Cbase": 32,
  "Cblock": 16,
  "Coracle": 64,
  "timestamp": 1762885085.2509954
}