{
  "status": "OK",
  "group_id": "W128_mu32_w8_eta2_a1_b25_Bt30_Bm30_Cb5_Cbl4_Co6",
  "best_score": 0.010433847084641457,
  "best": [
    128,
    32,
    194854,
    264118,
    8,
    2
  ],
  "Bmin": 194854,
  "B2": 264118,
  "W": 128,
  "mu": 32,
  "w": 8,
  "eta": 2,
  "alpha": 0.001,
  "beta": 0.25,
  "Btime": 1073741824,
  "Bmemory": 1073741824,
  "Cbase": 32,
  "Cblock": 16,
  "Coracle": 64,
  "timestamp": 1762844779.5856621
}