{
  "status": "OK",
  "group_id": "W128_mu2_w4_eta8_a1_b15_Bt30_Bm50_Cb5_Cbl4_Co6",
  "best_score": 0.005876364652067423,
  "best": [
    128,
    2,
    113866,
    238201,
    4,
    8
  ],
  "Bmin": 113866,
  "B2": 238201,
  "W": 128,
  "mu": 2,
  "w": 4,
  "eta": 8,
  "alpha": 0.001,
  "beta": 0.15,
  "Btime": 1073741824,
  "Bmemory": 1125899906842624,
  "Cbase": 32,
  "Cblock": 16,
  "Coracle": 64,
  "timestamp": 1762874684.46337
}