{
  "status": "OK",
  "group_id": "W128_mu8_w4_eta2_a1_b10_Bt30_Bm50_Cb5_Cbl4_Co6",
  "best_score": 0.017065949738025665,
  "best": [
    128,
    8,
    74966,
    190046,
    4,
    2
  ],
  "Bmin": 74966,
  "B2": 190046,
  "W": 128,
  "mu": 8,
  "w": 4,
  "eta": 2,
  "alpha": 0.001,
  "beta": 0.1,
  "Btime": 1073741824,
  "Bmemory": 1125899906842624,
  "Cbase": 32,
  "Cblock": 16,
  "Coracle": 64,
  "timestamp": 1762859494.4129283
}