{
  "status": "OK",
  "group_id": "W128_mu8_w4_eta4_a1_b20_Bt50_Bm30_Cb5_Cbl4_Co6",
  "best_score": 0.0033264218363910913,
  "best": [
    128,
    8,
    153840,
    646408,
    4,
    4
  ],
  "Bmin": 153840,
  "B2": 646408,
  "W": 128,
  "mu": 8,
  "w": 4,
  "eta": 4,
  "alpha": 0.001,
  "beta": 0.2,
  "Btime": 1125899906842624,
  "Bmemory": 1073741824,
  "Cbase": 32,
  "Cblock": 16,
  "Coracle": 64,
  "timestamp": 1762877359.3267684
}