{
  "status": "OK",
  "group_id": "W128_mu8_w8_eta2_a1_b15_Bt30_Bm30_Cb5_Cbl4_Co6",
  "best_score": 0.005200388841331005,
  "best": [
    128,
    8,
    113866,
    246594,
    8,
    2
  ],
  "Bmin": 113866,
  "B2": 246594,
  "W": 128,
  "mu": 8,
  "w": 8,
  "eta": 2,
  "alpha": 0.001,
  "beta": 0.15,
  "Btime": 1073741824,
  "Bmemory": 1073741824,
  "Cbase": 32,
  "Cblock": 16,
  "Coracle": 64,
  "timestamp": 1762843754.0623043
}