{
  "status": "OK",
  "group_id": "W128_mu32_w8_eta8_a1_b20_Bt30_Bm50_Cb5_Cbl4_Co6",
  "best_score": 0.026090089231729507,
  "best": [
    128,
    32,
    153840,
    250346,
    8,
    8
  ],
  "Bmin": 153840,
  "B2": 250346,
  "W": 128,
  "mu": 32,
  "w": 8,
  "eta": 8,
  "alpha": 0.001,
  "beta": 0.2,
  "Btime": 1073741824,
  "Bmemory": 1125899906842624,
  "Cbase": 32,
  "Cblock": 16,
  "Coracle": 64,
  "timestamp": 1762885433.241817
}