{
  "status": "OK",
  "group_id": "W128_mu64_w16_eta8_a1_b25_Bt30_Bm50_Cb5_Cbl4_Co6",
  "best_score": 0.06594647467136383,
  "best": [
    128,
    64,
    194855,
    236414,
    16,
    8
  ],
  "Bmin": 194855,
  "B2": 236414,
  "W": 128,
  "mu": 64,
  "w": 16,
  "eta": 8,
  "alpha": 0.001,
  "beta": 0.25,
  "Btime": 1073741824,
  "Bmemory": 1125899906842624,
  "Cbase": 32,
  "Cblock": 16,
  "Coracle": 64,
  "timestamp": 1762888822.6519685
}