{
  "status": "OK",
  "group_id": "W128_mu16_w4_eta4_a1_b10_Bt50_Bm30_Cb5_Cbl4_Co6",
  "best_score": 0.021996717900037766,
  "best": [
    128,
    16,
    74970,
    1126531,
    4,
    4
  ],
  "Bmin": 74970,
  "B2": 1126531,
  "W": 128,
  "mu": 16,
  "w": 4,
  "eta": 4,
  "alpha": 0.001,
  "beta": 0.1,
  "Btime": 1125899906842624,
  "Bmemory": 1073741824,
  "Cbase": 32,
  "Cblock": 16,
  "Coracle": 64,
  "timestamp": 1762879706.9413824
}