{
  "status": "OK",
  "group_id": "W128_mu64_w16_eta2_a1_b5_Bt50_Bm30_Cb5_Cbl4_Co6",
  "best_score": 0.1282985657453537,
  "best": [
    128,
    64,
    36230,
    374320,
    16,
    2
  ],
  "Bmin": 36230,
  "B2": 374320,
  "W": 128,
  "mu": 64,
  "w": 16,
  "eta": 2,
  "alpha": 0.001,
  "beta": 0.05,
  "Btime": 1125899906842624,
  "Bmemory": 1073741824,
  "Cbase": 32,
  "Cblock": 16,
  "Coracle": 64,
  "timestamp": 1762914435.4139023
}