{
  "status": "OK",
  "group_id": "W128_mu32_w8_eta2_a1_b20_Bt30_Bm30_Cb5_Cbl4_Co6",
  "best_score": 0.014298563823103905,
  "best": [
    128,
    32,
    153840,
    234261,
    8,
    2
  ],
  "Bmin": 153840,
  "B2": 234261,
  "W": 128,
  "mu": 32,
  "w": 8,
  "eta": 2,
  "alpha": 0.001,
  "beta": 0.2,
  "Btime": 1073741824,
  "Bmemory": 1073741824,
  "Cbase": 32,
  "Cblock": 16,
  "Coracle": 64,
  "timestamp": 1762844662.1860046
}