{
  "status": "OK",
  "group_id": "W128_mu64_w4_eta2_a1_b3_Bt30_Bm30_Cb5_Cbl4_Co6",
  "best_score": 0.9250956773757935,
  "best": [
    128,
    64,
    21597,
    160480,
    4,
    2
  ],
  "Bmin": 21597,
  "B2": 160480,
  "W": 128,
  "mu": 64,
  "w": 4,
  "eta": 2,
  "alpha": 0.001,
  "beta": 0.03,
  "Btime": 1073741824,
  "Bmemory": 1073741824,
  "Cbase": 32,
  "Cblock": 16,
  "Coracle": 64,
  "timestamp": 1762834633.4063528
}