{
  "status": "OK",
  "group_id": "W128_mu64_w16_eta2_a1_b3_Bt30_Bm30_Cb5_Cbl4_Co6",
  "best_score": 0.19435656070709229,
  "best": [
    128,
    64,
    21595,
    196874,
    16,
    2
  ],
  "Bmin": 21595,
  "B2": 196874,
  "W": 128,
  "mu": 64,
  "w": 16,
  "eta": 2,
  "alpha": 0.001,
  "beta": 0.03,
  "Btime": 1073741824,
  "Bmemory": 1073741824,
  "Cbase": 32,
  "Cblock": 16,
  "Coracle": 64,
  "timestamp": 1762849091.6655474
}