{
  "status": "OK",
  "group_id": "W128_mu2_w16_eta4_a1_b5_Bt30_Bm30_Cb5_Cbl4_Co6",
  "best_score": 0.07613036036491394,
  "best": [
    128,
    2,
    36230,
    96125,
    16,
    4
  ],
  "Bmin": 36230,
  "B2": 96125,
  "W": 128,
  "mu": 2,
  "w": 16,
  "eta": 4,
  "alpha": 0.001,
  "beta": 0.05,
  "Btime": 1073741824,
  "Bmemory": 1073741824,
  "Cbase": 32,
  "Cblock": 16,
  "Coracle": 64,
  "timestamp": 1762849568.3764873
}