{
  "status": "OK",
  "group_id": "W128_mu8_w4_eta4_a1_b10_Bt50_Bm30_Cb5_Cbl4_Co6",
  "best_score": 0.014715009368956089,
  "best": [
    128,
    8,
    74970,
    600238,
    4,
    4
  ],
  "Bmin": 74970,
  "B2": 600238,
  "W": 128,
  "mu": 8,
  "w": 4,
  "eta": 4,
  "alpha": 0.001,
  "beta": 0.1,
  "Btime": 1125899906842624,
  "Bmemory": 1073741824,
  "Cbase": 32,
  "Cblock": 16,
  "Coracle": 64,
  "timestamp": 1762877001.439903
}