{
  "status": "OK",
  "group_id": "W128_mu4_w8_eta4_a1_b15_Bt30_Bm50_Cb5_Cbl4_Co6",
  "best_score": 0.005477541126310825,
  "best": [
    128,
    4,
    113866,
    208671,
    8,
    4
  ],
  "Bmin": 113866,
  "B2": 208671,
  "W": 128,
  "mu": 4,
  "w": 8,
  "eta": 4,
  "alpha": 0.001,
  "beta": 0.15,
  "Btime": 1073741824,
  "Bmemory": 1125899906842624,
  "Cbase": 32,
  "Cblock": 16,
  "Coracle": 64,
  "timestamp": 1762882800.2234604
}