{
  "status": "OK",
  "group_id": "W128_mu2_w4_eta2_a1_b15_Bt30_Bm50_Cb5_Cbl4_Co6",
  "best_score": 0.004290319513529539,
  "best": [
    128,
    2,
    113865,
    465734,
    4,
    2
  ],
  "Bmin": 113865,
  "B2": 465734,
  "W": 128,
  "mu": 2,
  "w": 4,
  "eta": 2,
  "alpha": 0.001,
  "beta": 0.15,
  "Btime": 1073741824,
  "Bmemory": 1125899906842624,
  "Cbase": 32,
  "Cblock": 16,
  "Coracle": 64,
  "timestamp": 1762858626.247197
}