{
  "status": "OK",
  "group_id": "W128_mu2_w8_eta16_a1_b3_Bt30_Bm30_Cb5_Cbl4_Co6",
  "best_score": 0.13369454443454742,
  "best": [
    128,
    2,
    21595,
    56650,
    8,
    16
  ],
  "Bmin": 21595,
  "B2": 56650,
  "W": 128,
  "mu": 2,
  "w": 8,
  "eta": 16,
  "alpha": 0.001,
  "beta": 0.03,
  "Btime": 1073741824,
  "Bmemory": 1073741824,
  "Cbase": 32,
  "Cblock": 16,
  "Coracle": 64,
  "timestamp": 1762848279.4865623
}