{
  "status": "OK",
  "group_id": "W128_mu32_w16_eta8_a1_b20_Bt30_Bm30_Cb5_Cbl4_Co6",
  "best_score": 0.022157976403832436,
  "best": [
    128,
    32,
    153840,
    186009,
    16,
    8
  ],
  "Bmin": 153840,
  "B2": 186009,
  "W": 128,
  "mu": 32,
  "w": 16,
  "eta": 8,
  "alpha": 0.001,
  "beta": 0.2,
  "Btime": 1073741824,
  "Bmemory": 1073741824,
  "Cbase": 32,
  "Cblock": 16,
  "Coracle": 64,
  "timestamp": 1762850159.2288587
}