{
  "status": "OK",
  "group_id": "W128_mu16_w4_eta8_a1_b20_Bt30_Bm30_Cb5_Cbl4_Co6",
  "best_score": 0.006625066511332989,
  "best": [
    128,
    16,
    153841,
    715761,
    4,
    8
  ],
  "Bmin": 153841,
  "B2": 715761,
  "W": 128,
  "mu": 16,
  "w": 4,
  "eta": 8,
  "alpha": 0.001,
  "beta": 0.2,
  "Btime": 1073741824,
  "Bmemory": 1073741824,
  "Cbase": 32,
  "Cblock": 16,
  "Coracle": 64,
  "timestamp": 1762841530.3598359
}