{
  "status": "OK",
  "group_id": "W128_mu2_w8_eta4_a1_b20_Bt30_Bm50_Cb5_Cbl4_Co6",
  "best_score": 0.002880896208807826,
  "best": [
    128,
    2,
    153841,
    218178,
    8,
    4
  ],
  "Bmin": 153841,
  "B2": 218178,
  "W": 128,
  "mu": 2,
  "w": 8,
  "eta": 4,
  "alpha": 0.001,
  "beta": 0.2,
  "Btime": 1073741824,
  "Bmemory": 1125899906842624,
  "Cbase": 32,
  "Cblock": 16,
  "Coracle": 64,
  "timestamp": 1762882754.6250608
}