{
  "status": "OK",
  "group_id": "W128_mu16_w4_eta8_a1_b10_Bt30_Bm30_Cb5_Cbl4_Co6",
  "best_score": 0.032689619809389114,
  "best": [
    128,
    16,
    74968,
    623255,
    4,
    8
  ],
  "Bmin": 74968,
  "B2": 623255,
  "W": 128,
  "mu": 16,
  "w": 4,
  "eta": 8,
  "alpha": 0.001,
  "beta": 0.1,
  "Btime": 1073741824,
  "Bmemory": 1073741824,
  "Cbase": 32,
  "Cblock": 16,
  "Coracle": 64,
  "timestamp": 1762841294.891987
}