{
  "status": "OK",
  "group_id": "W128_mu4_w4_eta16_a1_b15_Bt30_Bm50_Cb5_Cbl4_Co6",
  "best_score": 0.024054447188973427,
  "best": [
    128,
    4,
    113866,
    219240,
    4,
    16
  ],
  "Bmin": 113866,
  "B2": 219240,
  "W": 128,
  "mu": 4,
  "w": 4,
  "eta": 16,
  "alpha": 0.001,
  "beta": 0.15,
  "Btime": 1073741824,
  "Bmemory": 1125899906842624,
  "Cbase": 32,
  "Cblock": 16,
  "Coracle": 64,
  "timestamp": 1762878646.5981398
}