{
  "status": "OK",
  "group_id": "W128_mu32_w8_eta4_a1_b15_Bt30_Bm30_Cb5_Cbl4_Co6",
  "best_score": 0.0219898521900177,
  "best": [
    128,
    32,
    113866,
    322438,
    8,
    4
  ],
  "Bmin": 113866,
  "B2": 322438,
  "W": 128,
  "mu": 32,
  "w": 8,
  "eta": 4,
  "alpha": 0.001,
  "beta": 0.15,
  "Btime": 1073741824,
  "Bmemory": 1073741824,
  "Cbase": 32,
  "Cblock": 16,
  "Coracle": 64,
  "timestamp": 1762846739.9734495
}