{
  "status": "OK",
  "group_id": "W128_mu16_w4_eta4_a1_b20_Bt30_Bm50_Cb5_Cbl4_Co6",
  "best_score": 0.005266167689114809,
  "best": [
    128,
    16,
    153840,
    298598,
    4,
    4
  ],
  "Bmin": 153840,
  "B2": 298598,
  "W": 128,
  "mu": 16,
  "w": 4,
  "eta": 4,
  "alpha": 0.001,
  "beta": 0.2,
  "Btime": 1073741824,
  "Bmemory": 1125899906842624,
  "Cbase": 32,
  "Cblock": 16,
  "Coracle": 64,
  "timestamp": 1762871280.8729627
}