{
  "status": "OK",
  "group_id": "W128_mu32_w8_eta2_a1_b3_Bt30_Bm30_Cb5_Cbl4_Co6",
  "best_score": 0.28398025035858154,
  "best": [
    128,
    32,
    21594,
    196871,
    8,
    2
  ],
  "Bmin": 21594,
  "B2": 196871,
  "W": 128,
  "mu": 32,
  "w": 8,
  "eta": 2,
  "alpha": 0.001,
  "beta": 0.03,
  "Btime": 1073741824,
  "Bmemory": 1073741824,
  "Cbase": 32,
  "Cblock": 16,
  "Coracle": 64,
  "timestamp": 1762844255.9707959
}