{
  "status": "OK",
  "group_id": "W128_mu64_w8_eta2_a1_b3_Bt30_Bm30_Cb5_Cbl4_Co6",
  "best_score": 0.3119112253189087,
  "best": [
    128,
    64,
    21594,
    195533,
    8,
    2
  ],
  "Bmin": 21594,
  "B2": 195533,
  "W": 128,
  "mu": 64,
  "w": 8,
  "eta": 2,
  "alpha": 0.001,
  "beta": 0.03,
  "Btime": 1073741824,
  "Bmemory": 1073741824,
  "Cbase": 32,
  "Cblock": 16,
  "Coracle": 64,
  "timestamp": 1762844981.686145
}