{
  "status": "OK",
  "group_id": "W128_mu2_w8_eta16_a1_b15_Bt30_Bm50_Cb5_Cbl4_Co6",
  "best_score": 0.02901846170425415,
  "best": [
    128,
    2,
    113866,
    132827,
    8,
    16
  ],
  "Bmin": 113866,
  "B2": 132827,
  "W": 128,
  "mu": 2,
  "w": 8,
  "eta": 16,
  "alpha": 0.001,
  "beta": 0.15,
  "Btime": 1073741824,
  "Bmemory": 1125899906842624,
  "Cbase": 32,
  "Cblock": 16,
  "Coracle": 64,
  "timestamp": 1762886058.0756323
}