{
  "status": "OK",
  "group_id": "W128_mu2_w8_eta8_a1_b5_Bt30_Bm50_Cb5_Cbl4_Co6",
  "best_score": 0.07789044082164764,
  "best": [
    128,
    2,
    36230,
    96125,
    8,
    8
  ],
  "Bmin": 36230,
  "B2": 96125,
  "W": 128,
  "mu": 2,
  "w": 8,
  "eta": 8,
  "alpha": 0.001,
  "beta": 0.05,
  "Btime": 1073741824,
  "Bmemory": 1125899906842624,
  "Cbase": 32,
  "Cblock": 16,
  "Coracle": 64,
  "timestamp": 1762885051.6217124
}