{
  "status": "OK",
  "group_id": "W128_mu8_w4_eta2_a1_b5_Bt30_Bm30_Cb5_Cbl4_Co6",
  "best_score": 0.21320897340774536,
  "best": [
    128,
    8,
    36229,
    185968,
    4,
    2
  ],
  "Bmin": 36229,
  "B2": 185968,
  "W": 128,
  "mu": 8,
  "w": 4,
  "eta": 2,
  "alpha": 0.001,
  "beta": 0.05,
  "Btime": 1073741824,
  "Bmemory": 1073741824,
  "Cbase": 32,
  "Cblock": 16,
  "Coracle": 64,
  "timestamp": 1762830833.7501402
}