{
  "status": "OK",
  "group_id": "W128_mu8_w4_eta8_a1_b10_Bt30_Bm50_Cb5_Cbl4_Co6",
  "best_score": 0.020643383264541626,
  "best": [
    128,
    8,
    74968,
    349111,
    4,
    8
  ],
  "Bmin": 74968,
  "B2": 349111,
  "W": 128,
  "mu": 8,
  "w": 4,
  "eta": 8,
  "alpha": 0.001,
  "beta": 0.1,
  "Btime": 1073741824,
  "Bmemory": 1125899906842624,
  "Cbase": 32,
  "Cblock": 16,
  "Coracle": 64,
  "timestamp": 1762874964.5183547
}