{
  "status": "OK",
  "group_id": "W128_mu16_w4_eta4_a1_b15_Bt30_Bm30_Cb5_Cbl4_Co6",
  "best_score": 0.009197767823934555,
  "best": [
    128,
    16,
    113866,
    324615,
    4,
    4
  ],
  "Bmin": 113866,
  "B2": 324615,
  "W": 128,
  "mu": 16,
  "w": 4,
  "eta": 4,
  "alpha": 0.001,
  "beta": 0.15,
  "Btime": 1073741824,
  "Bmemory": 1073741824,
  "Cbase": 32,
  "Cblock": 16,
  "Coracle": 64,
  "timestamp": 1762838322.3256116
}