{
  "status": "OK",
  "group_id": "W128_mu64_w16_eta2_a1_b5_Bt30_Bm30_Cb5_Cbl4_Co6",
  "best_score": 0.13251885771751404,
  "best": [
    128,
    64,
    36230,
    185968,
    16,
    2
  ],
  "Bmin": 36230,
  "B2": 185968,
  "W": 128,
  "mu": 64,
  "w": 16,
  "eta": 2,
  "alpha": 0.001,
  "beta": 0.05,
  "Btime": 1073741824,
  "Bmemory": 1073741824,
  "Cbase": 32,
  "Cblock": 16,
  "Coracle": 64,
  "timestamp": 1762849186.1580422
}