{
  "status": "OK",
  "group_id": "W128_mu16_w4_eta2_a1_b5_Bt30_Bm50_Cb5_Cbl4_Co6",
  "best_score": 0.2594175636768341,
  "best": [
    128,
    16,
    36229,
    185967,
    4,
    2
  ],
  "Bmin": 36229,
  "B2": 185967,
  "W": 128,
  "mu": 16,
  "w": 4,
  "eta": 2,
  "alpha": 0.001,
  "beta": 0.05,
  "Btime": 1073741824,
  "Bmemory": 1125899906842624,
  "Cbase": 32,
  "Cblock": 16,
  "Coracle": 64,
  "timestamp": 1762860435.1085982
}