{
  "status": "OK",
  "group_id": "W128_mu8_w4_eta16_a1_b15_Bt30_Bm30_Cb5_Cbl4_Co6",
  "best_score": 0.031329233199357986,
  "best": [
    128,
    8,
    113866,
    335183,
    4,
    16
  ],
  "Bmin": 113866,
  "B2": 335183,
  "W": 128,
  "mu": 8,
  "w": 4,
  "eta": 16,
  "alpha": 0.001,
  "beta": 0.15,
  "Btime": 1073741824,
  "Bmemory": 1073741824,
  "Cbase": 32,
  "Cblock": 16,
  "Coracle": 64,
  "timestamp": 1762843332.9497292
}