{
  "status": "OK",
  "group_id": "W128_mu4_w8_eta16_a1_b3_Bt30_Bm30_Cb5_Cbl4_Co6",
  "best_score": 0.13755135238170624,
  "best": [
    128,
    4,
    21595,
    90368,
    8,
    16
  ],
  "Bmin": 21595,
  "B2": 90368,
  "W": 128,
  "mu": 4,
  "w": 8,
  "eta": 16,
  "alpha": 0.001,
  "beta": 0.03,
  "Btime": 1073741824,
  "Bmemory": 1073741824,
  "Cbase": 32,
  "Cblock": 16,
  "Coracle": 64,
  "timestamp": 1762848283.3859856
}