{
  "status": "OK",
  "group_id": "W128_mu32_w4_eta8_a1_b20_Bt30_Bm30_Cb5_Cbl4_Co6",
  "best_score": 0.02197333611547947,
  "best": [
    128,
    32,
    153841,
    466968,
    4,
    8
  ],
  "Bmin": 153841,
  "B2": 466968,
  "W": 128,
  "mu": 32,
  "w": 4,
  "eta": 8,
  "alpha": 0.001,
  "beta": 0.2,
  "Btime": 1073741824,
  "Bmemory": 1073741824,
  "Cbase": 32,
  "Cblock": 16,
  "Coracle": 64,
  "timestamp": 1762842296.3722115
}