{
  "status": "OK",
  "group_id": "W128_mu4_w4_eta8_a1_b5_Bt30_Bm30_Cb5_Cbl4_Co6",
  "best_score": 0.08729204535484314,
  "best": [
    128,
    4,
    36230,
    263202,
    4,
    8
  ],
  "Bmin": 36230,
  "B2": 263202,
  "W": 128,
  "mu": 4,
  "w": 4,
  "eta": 8,
  "alpha": 0.001,
  "beta": 0.05,
  "Btime": 1073741824,
  "Bmemory": 1073741824,
  "Cbase": 32,
  "Cblock": 16,
  "Coracle": 64,
  "timestamp": 1762840686.7231076
}