{
  "status": "OK",
  "group_id": "W128_mu32_w8_eta2_a1_b15_Bt30_Bm30_Cb5_Cbl4_Co6",
  "best_score": 0.019206766039133072,
  "best": [
    128,
    32,
    113866,
    208672,
    8,
    2
  ],
  "Bmin": 113866,
  "B2": 208672,
  "W": 128,
  "mu": 32,
  "w": 8,
  "eta": 2,
  "alpha": 0.001,
  "beta": 0.15,
  "Btime": 1073741824,
  "Bmemory": 1073741824,
  "Cbase": 32,
  "Cblock": 16,
  "Coracle": 64,
  "timestamp": 1762844557.7101634
}