{
  "status": "OK",
  "group_id": "W128_mu8_w16_eta2_a1_b15_Bt30_Bm30_Cb5_Cbl4_Co6",
  "best_score": 0.006699278950691223,
  "best": [
    128,
    8,
    113866,
    189710,
    16,
    2
  ],
  "Bmin": 113866,
  "B2": 189710,
  "W": 128,
  "mu": 8,
  "w": 16,
  "eta": 2,
  "alpha": 0.001,
  "beta": 0.15,
  "Btime": 1073741824,
  "Bmemory": 1073741824,
  "Cbase": 32,
  "Cblock": 16,
  "Coracle": 64,
  "timestamp": 1762848425.4830477
}