{
  "status": "OK",
  "group_id": "W128_mu64_w4_eta4_a1_b10_Bt30_Bm30_Cb5_Cbl4_Co6",
  "best_score": 0.1183251142501831,
  "best": [
    128,
    64,
    74970,
    167033,
    4,
    4
  ],
  "Bmin": 74970,
  "B2": 167033,
  "W": 128,
  "mu": 64,
  "w": 4,
  "eta": 4,
  "alpha": 0.001,
  "beta": 0.1,
  "Btime": 1073741824,
  "Bmemory": 1073741824,
  "Cbase": 32,
  "Cblock": 16,
  "Coracle": 64,
  "timestamp": 1762839938.2821834
}