{
  "status": "OK",
  "group_id": "W128_mu16_w16_eta2_a1_b25_Bt30_Bm30_Cb5_Cbl4_Co6",
  "best_score": 0.007378813344985247,
  "best": [
    128,
    16,
    194856,
    305680,
    16,
    2
  ],
  "Bmin": 194856,
  "B2": 305680,
  "W": 128,
  "mu": 16,
  "w": 16,
  "eta": 2,
  "alpha": 0.001,
  "beta": 0.25,
  "Btime": 1073741824,
  "Bmemory": 1073741824,
  "Cbase": 32,
  "Cblock": 16,
  "Coracle": 64,
  "timestamp": 1762848650.5333245
}