{
  "status": "OK",
  "group_id": "W128_mu8_w16_eta2_a1_b5_Bt30_Bm30_Cb5_Cbl4_Co6",
  "best_score": 0.11884584277868271,
  "best": [
    128,
    8,
    36230,
    185967,
    16,
    2
  ],
  "Bmin": 36230,
  "B2": 185967,
  "W": 128,
  "mu": 8,
  "w": 16,
  "eta": 2,
  "alpha": 0.001,
  "beta": 0.05,
  "Btime": 1073741824,
  "Bmemory": 1073741824,
  "Cbase": 32,
  "Cblock": 16,
  "Coracle": 64,
  "timestamp": 1762848403.7853994
}