{
  "status": "OK",
  "group_id": "W128_mu64_w16_eta4_a1_b25_Bt30_Bm30_Cb5_Cbl4_Co6",
  "best_score": 0.07081223279237747,
  "best": [
    128,
    64,
    194855,
    264120,
    16,
    4
  ],
  "Bmin": 194855,
  "B2": 264120,
  "W": 128,
  "mu": 64,
  "w": 16,
  "eta": 4,
  "alpha": 0.001,
  "beta": 0.25,
  "Btime": 1073741824,
  "Bmemory": 1073741824,
  "Cbase": 32,
  "Cblock": 16,
  "Coracle": 64,
  "timestamp": 1762850069.3727646
}