{
  "status": "OK",
  "group_id": "W128_mu4_w16_eta4_a1_b15_Bt30_Bm30_Cb5_Cbl4_Co6",
  "best_score": 0.006670816335827112,
  "best": [
    128,
    4,
    113866,
    151788,
    16,
    4
  ],
  "Bmin": 113866,
  "B2": 151788,
  "W": 128,
  "mu": 4,
  "w": 16,
  "eta": 4,
  "alpha": 0.001,
  "beta": 0.15,
  "Btime": 1073741824,
  "Bmemory": 1073741824,
  "Cbase": 32,
  "Cblock": 16,
  "Coracle": 64,
  "timestamp": 1762849590.5883076
}