{
  "status": "OK",
  "group_id": "W128_mu2_w4_eta32_a1_b10_Bt30_Bm50_Cb5_Cbl4_Co6",
  "best_score": 0.01296327542513609,
  "best": [
    128,
    2,
    74968,
    142992,
    4,
    32
  ],
  "Bmin": 74968,
  "B2": 142992,
  "W": 128,
  "mu": 2,
  "w": 4,
  "eta": 32,
  "alpha": 0.001,
  "beta": 0.1,
  "Btime": 1073741824,
  "Bmemory": 1125899906842624,
  "Cbase": 32,
  "Cblock": 16,
  "Coracle": 64,
  "timestamp": 1762878738.8703322
}