{
  "status": "OK",
  "group_id": "W128_mu2_w4_eta16_a1_b20_Bt30_Bm30_Cb5_Cbl4_Co6",
  "best_score": 0.00901716761291027,
  "best": [
    128,
    2,
    153840,
    236770,
    4,
    16
  ],
  "Bmin": 153840,
  "B2": 236770,
  "W": 128,
  "mu": 2,
  "w": 4,
  "eta": 16,
  "alpha": 0.001,
  "beta": 0.2,
  "Btime": 1073741824,
  "Bmemory": 1073741824,
  "Cbase": 32,
  "Cblock": 16,
  "Coracle": 64,
  "timestamp": 1762843275.6333244
}