{
  "status": "OK",
  "group_id": "W128_mu4_w8_eta16_a1_b5_Bt30_Bm50_Cb5_Cbl4_Co6",
  "best_score": 0.11629108339548111,
  "best": [
    128,
    4,
    36230,
    66178,
    8,
    16
  ],
  "Bmin": 36230,
  "B2": 66178,
  "W": 128,
  "mu": 4,
  "w": 8,
  "eta": 16,
  "alpha": 0.001,
  "beta": 0.05,
  "Btime": 1073741824,
  "Bmemory": 1125899906842624,
  "Cbase": 32,
  "Cblock": 16,
  "Coracle": 64,
  "timestamp": 1762886061.9268427
}