{
  "status": "OK",
  "group_id": "W128_mu2_w4_eta32_a1_b25_Bt30_Bm30_Cb5_Cbl4_Co6",
  "best_score": 0.005182687658816576,
  "best": [
    128,
    2,
    194855,
    208708,
    4,
    32
  ],
  "Bmin": 194855,
  "B2": 208708,
  "W": 128,
  "mu": 2,
  "w": 4,
  "eta": 32,
  "alpha": 0.001,
  "beta": 0.25,
  "Btime": 1073741824,
  "Bmemory": 1073741824,
  "Cbase": 32,
  "Cblock": 16,
  "Coracle": 64,
  "timestamp": 1762843355.7930253
}