{
  "status": "OK",
  "group_id": "W128_mu2_w4_eta16_a1_b3_Bt30_Bm50_Cb5_Cbl4_Co6",
  "best_score": 0.14369812607765198,
  "best": [
    128,
    2,
    21594,
    125423,
    4,
    16
  ],
  "Bmin": 21594,
  "B2": 125423,
  "W": 128,
  "mu": 2,
  "w": 4,
  "eta": 16,
  "alpha": 0.001,
  "beta": 0.03,
  "Btime": 1073741824,
  "Bmemory": 1125899906842624,
  "Cbase": 32,
  "Cblock": 16,
  "Coracle": 64,
  "timestamp": 1762878615.8548741
}