{
  "status": "OK",
  "group_id": "W128_mu2_w4_eta2_a1_b25_Bt30_Bm30_Cb5_Cbl4_Co6",
  "best_score": 0.0009106732904911041,
  "best": [
    128,
    2,
    194852,
    416500,
    4,
    2
  ],
  "Bmin": 194852,
  "B2": 416500,
  "W": 128,
  "mu": 2,
  "w": 4,
  "eta": 2,
  "alpha": 0.001,
  "beta": 0.25,
  "Btime": 1073741824,
  "Bmemory": 1073741824,
  "Cbase": 32,
  "Cblock": 16,
  "Coracle": 64,
  "timestamp": 1762830411.5827975
}