{
  "status": "OK",
  "group_id": "W128_mu8_w4_eta8_a1_b5_Bt30_Bm50_Cb5_Cbl4_Co6",
  "best_score": 0.09284666925668716,
  "best": [
    128,
    8,
    36230,
    468896,
    4,
    8
  ],
  "Bmin": 36230,
  "B2": 468896,
  "W": 128,
  "mu": 8,
  "w": 4,
  "eta": 8,
  "alpha": 0.001,
  "beta": 0.05,
  "Btime": 1073741824,
  "Bmemory": 1125899906842624,
  "Cbase": 32,
  "Cblock": 16,
  "Coracle": 64,
  "timestamp": 1762874930.2010665
}