{
  "status": "OK",
  "group_id": "W128_mu2_w4_eta32_a1_b5_Bt30_Bm50_Cb5_Cbl4_Co6",
  "best_score": 0.017800625413656235,
  "best": [
    128,
    2,
    36230,
    104795,
    4,
    32
  ],
  "Bmin": 36230,
  "B2": 104795,
  "W": 128,
  "mu": 2,
  "w": 4,
  "eta": 32,
  "alpha": 0.001,
  "beta": 0.05,
  "Btime": 1073741824,
  "Bmemory": 1125899906842624,
  "Cbase": 32,
  "Cblock": 16,
  "Coracle": 64,
  "timestamp": 1762878737.940835
}