{
  "status": "OK",
  "group_id": "W128_mu32_w16_eta4_a1_b25_Bt30_Bm50_Cb5_Cbl4_Co6",
  "best_score": 0.0217663012444973,
  "best": [
    128,
    32,
    194855,
    250267,
    16,
    4
  ],
  "Bmin": 194855,
  "B2": 250267,
  "W": 128,
  "mu": 32,
  "w": 16,
  "eta": 4,
  "alpha": 0.001,
  "beta": 0.25,
  "Btime": 1073741824,
  "Bmemory": 1125899906842624,
  "Cbase": 32,
  "Cblock": 16,
  "Coracle": 64,
  "timestamp": 1762888240.524471
}