{
  "status": "OK",
  "group_id": "W128_mu8_w8_eta8_a1_b5_Bt30_Bm30_Cb5_Cbl4_Co6",
  "best_score": 0.08925309032201767,
  "best": [
    128,
    8,
    36230,
    164690,
    8,
    8
  ],
  "Bmin": 36230,
  "B2": 164690,
  "W": 128,
  "mu": 8,
  "w": 8,
  "eta": 8,
  "alpha": 0.001,
  "beta": 0.05,
  "Btime": 1073741824,
  "Bmemory": 1073741824,
  "Cbase": 32,
  "Cblock": 16,
  "Coracle": 64,
  "timestamp": 1762847615.144245
}