{
  "status": "OK",
  "group_id": "W128_mu8_w4_eta8_a1_b20_Bt30_Bm30_Cb5_Cbl4_Co6",
  "best_score": 0.003812648355960846,
  "best": [
    128,
    8,
    153841,
    434799,
    4,
    8
  ],
  "Bmin": 153841,
  "B2": 434799,
  "W": 128,
  "mu": 8,
  "w": 4,
  "eta": 8,
  "alpha": 0.001,
  "beta": 0.2,
  "Btime": 1073741824,
  "Bmemory": 1073741824,
  "Cbase": 32,
  "Cblock": 16,
  "Coracle": 64,
  "timestamp": 1762840895.7451012
}