{
  "status": "OK",
  "group_id": "W128_mu4_w4_eta8_a1_b15_Bt30_Bm30_Cb5_Cbl4_Co6",
  "best_score": 0.006559772416949272,
  "best": [
    128,
    4,
    113866,
    295085,
    4,
    8
  ],
  "Bmin": 113866,
  "B2": 295085,
  "W": 128,
  "mu": 4,
  "w": 4,
  "eta": 8,
  "alpha": 0.001,
  "beta": 0.15,
  "Btime": 1073741824,
  "Bmemory": 1073741824,
  "Cbase": 32,
  "Cblock": 16,
  "Coracle": 64,
  "timestamp": 1762840706.789105
}