{
  "status": "OK",
  "group_id": "W128_mu4_w4_eta4_a1_b5_Bt30_Bm50_Cb5_Cbl4_Co6",
  "best_score": 0.11845505982637405,
  "best": [
    128,
    4,
    36230,
    421609,
    4,
    4
  ],
  "Bmin": 36230,
  "B2": 421609,
  "W": 128,
  "mu": 4,
  "w": 4,
  "eta": 4,
  "alpha": 0.001,
  "beta": 0.05,
  "Btime": 1073741824,
  "Bmemory": 1125899906842624,
  "Cbase": 32,
  "Cblock": 16,
  "Coracle": 64,
  "timestamp": 1762869903.0708182
}