{
  "status": "OK",
  "group_id": "W128_mu32_w4_eta8_a1_b5_Bt30_Bm50_Cb5_Cbl4_Co6",
  "best_score": 0.10317882150411606,
  "best": [
    128,
    32,
    36230,
    528789,
    4,
    8
  ],
  "Bmin": 36230,
  "B2": 528789,
  "W": 128,
  "mu": 32,
  "w": 4,
  "eta": 8,
  "alpha": 0.001,
  "beta": 0.05,
  "Btime": 1073741824,
  "Bmemory": 1125899906842624,
  "Cbase": 32,
  "Cblock": 16,
  "Coracle": 64,
  "timestamp": 1762876599.702959
}