{
  "status": "OK",
  "group_id": "W128_mu2_w16_eta8_a1_b3_Bt30_Bm50_Cb5_Cbl4_Co6",
  "best_score": 0.1401565670967102,
  "best": [
    128,
    2,
    21595,
    56650,
    16,
    8
  ],
  "Bmin": 21595,
  "B2": 56650,
  "W": 128,
  "mu": 2,
  "w": 16,
  "eta": 8,
  "alpha": 0.001,
  "beta": 0.03,
  "Btime": 1073741824,
  "Bmemory": 1125899906842624,
  "Cbase": 32,
  "Cblock": 16,
  "Coracle": 64,
  "timestamp": 1762888582.807423
}