{
  "status": "OK",
  "group_id": "W128_mu16_w16_eta2_a1_b15_Bt30_Bm30_Cb5_Cbl4_Co6",
  "best_score": 0.00980446022003889,
  "best": [
    128,
    16,
    113866,
    265555,
    16,
    2
  ],
  "Bmin": 113866,
  "B2": 265555,
  "W": 128,
  "mu": 16,
  "w": 16,
  "eta": 2,
  "alpha": 0.001,
  "beta": 0.15,
  "Btime": 1073741824,
  "Bmemory": 1073741824,
  "Cbase": 32,
  "Cblock": 16,
  "Coracle": 64,
  "timestamp": 1762848590.3270097
}