{
  "status": "OK",
  "group_id": "W128_mu4_w8_eta8_a1_b15_Bt30_Bm30_Cb5_Cbl4_Co6",
  "best_score": 0.008426902815699577,
  "best": [
    128,
    4,
    113866,
    170749,
    8,
    8
  ],
  "Bmin": 113866,
  "B2": 170749,
  "W": 128,
  "mu": 4,
  "w": 8,
  "eta": 8,
  "alpha": 0.001,
  "beta": 0.15,
  "Btime": 1073741824,
  "Bmemory": 1073741824,
  "Cbase": 32,
  "Cblock": 16,
  "Coracle": 64,
  "timestamp": 1762847599.7671115
}