{
  "status": "OK",
  "group_id": "W128_mu2_w16_eta4_a1_b10_Bt30_Bm30_Cb5_Cbl4_Co6",
  "best_score": 0.010599288158118725,
  "best": [
    128,
    2,
    74968,
    121000,
    16,
    4
  ],
  "Bmin": 74968,
  "B2": 121000,
  "W": 128,
  "mu": 2,
  "w": 16,
  "eta": 4,
  "alpha": 0.001,
  "beta": 0.1,
  "Btime": 1073741824,
  "Bmemory": 1073741824,
  "Cbase": 32,
  "Cblock": 16,
  "Coracle": 64,
  "timestamp": 1762849570.7956202
}