{
  "status": "OK",
  "group_id": "W128_mu4_w4_eta2_a1_b10_Bt50_Bm30_Cb5_Cbl4_Co6",
  "best_score": 0.014183555729687214,
  "best": [
    128,
    4,
    74966,
    693325,
    4,
    2
  ],
  "Bmin": 74966,
  "B2": 693325,
  "W": 128,
  "mu": 4,
  "w": 4,
  "eta": 2,
  "alpha": 0.001,
  "beta": 0.1,
  "Btime": 1125899906842624,
  "Bmemory": 1073741824,
  "Cbase": 32,
  "Cblock": 16,
  "Coracle": 64,
  "timestamp": 1762859667.84197
}