{
  "status": "OK",
  "group_id": "W128_mu2_w4_eta4_a1_b20_Bt30_Bm50_Cb5_Cbl4_Co6",
  "best_score": 0.0022540788631886244,
  "best": [
    128,
    2,
    153840,
    333277,
    4,
    4
  ],
  "Bmin": 153840,
  "B2": 333277,
  "W": 128,
  "mu": 2,
  "w": 4,
  "eta": 4,
  "alpha": 0.001,
  "beta": 0.2,
  "Btime": 1073741824,
  "Bmemory": 1125899906842624,
  "Cbase": 32,
  "Cblock": 16,
  "Coracle": 64,
  "timestamp": 1762869753.7192764
}