{
  "status": "OK",
  "group_id": "W128_mu64_w4_eta8_a1_b20_Bt30_Bm50_Cb5_Cbl4_Co6",
  "best_score": 0.1251469999551773,
  "best": [
    128,
    64,
    153841,
    317192,
    4,
    8
  ],
  "Bmin": 153841,
  "B2": 317192,
  "W": 128,
  "mu": 64,
  "w": 4,
  "eta": 8,
  "alpha": 0.001,
  "beta": 0.2,
  "Btime": 1073741824,
  "Bmemory": 1125899906842624,
  "Cbase": 32,
  "Cblock": 16,
  "Coracle": 64,
  "timestamp": 1762878436.9271586
}