{
  "status": "OK",
  "group_id": "W128_mu2_w4_eta2_a1_b20_Bt30_Bm30_Cb5_Cbl4_Co6",
  "best_score": 0.0019133860478177667,
  "best": [
    128,
    2,
    153841,
    461953,
    4,
    2
  ],
  "Bmin": 153841,
  "B2": 461953,
  "W": 128,
  "mu": 2,
  "w": 4,
  "eta": 2,
  "alpha": 0.001,
  "beta": 0.2,
  "Btime": 1073741824,
  "Bmemory": 1073741824,
  "Cbase": 32,
  "Cblock": 16,
  "Coracle": 64,
  "timestamp": 1762830373.1124978
}