{
  "status": "OK",
  "group_id": "W128_mu64_w8_eta4_a1_b15_Bt30_Bm30_Cb5_Cbl4_Co6",
  "best_score": 0.06425505131483078,
  "best": [
    128,
    64,
    113866,
    276124,
    8,
    4
  ],
  "Bmin": 113866,
  "B2": 276124,
  "W": 128,
  "mu": 64,
  "w": 8,
  "eta": 4,
  "alpha": 0.001,
  "beta": 0.15,
  "Btime": 1073741824,
  "Bmemory": 1073741824,
  "Cbase": 32,
  "Cblock": 16,
  "Coracle": 64,
  "timestamp": 1762847360.9941506
}