{
  "status": "OK",
  "group_id": "W128_mu16_w4_eta8_a1_b3_Bt30_Bm30_Cb5_Cbl4_Co6",
  "best_score": 0.16788099706172943,
  "best": [
    128,
    16,
    21595,
    987093,
    4,
    8
  ],
  "Bmin": 21595,
  "B2": 987093,
  "W": 128,
  "mu": 16,
  "w": 4,
  "eta": 8,
  "alpha": 0.001,
  "beta": 0.03,
  "Btime": 1073741824,
  "Bmemory": 1073741824,
  "Cbase": 32,
  "Cblock": 16,
  "Coracle": 64,
  "timestamp": 1762841066.2574482
}