{
  "status": "OK",
  "group_id": "W128_mu4_w4_eta8_a1_b10_Bt30_Bm50_Cb5_Cbl4_Co6",
  "best_score": 0.016186589375138283,
  "best": [
    128,
    4,
    74968,
    212039,
    4,
    8
  ],
  "Bmin": 74968,
  "B2": 212039,
  "W": 128,
  "mu": 4,
  "w": 4,
  "eta": 8,
  "alpha": 0.001,
  "beta": 0.1,
  "Btime": 1073741824,
  "Bmemory": 1125899906842624,
  "Cbase": 32,
  "Cblock": 16,
  "Coracle": 64,
  "timestamp": 1762874749.9538088
}