{
  "status": "OK",
  "group_id": "W128_mu8_w4_eta4_a1_b25_Bt30_Bm50_Cb5_Cbl4_Co6",
  "best_score": 0.0016059583285823464,
  "best": [
    128,
    8,
    194854,
    333384,
    4,
    4
  ],
  "Bmin": 194854,
  "B2": 333384,
  "W": 128,
  "mu": 8,
  "w": 4,
  "eta": 4,
  "alpha": 0.001,
  "beta": 0.25,
  "Btime": 1073741824,
  "Bmemory": 1125899906842624,
  "Cbase": 32,
  "Cblock": 16,
  "Coracle": 64,
  "timestamp": 1762870552.1526067
}