{
  "status": "OK",
  "group_id": "W128_mu2_w8_eta4_a1_b15_Bt30_Bm50_Cb5_Cbl4_Co6",
  "best_score": 0.004748369101434946,
  "best": [
    128,
    2,
    113866,
    189710,
    8,
    4
  ],
  "Bmin": 113866,
  "B2": 189710,
  "W": 128,
  "mu": 2,
  "w": 8,
  "eta": 4,
  "alpha": 0.001,
  "beta": 0.15,
  "Btime": 1073741824,
  "Bmemory": 1125899906842624,
  "Cbase": 32,
  "Cblock": 16,
  "Coracle": 64,
  "timestamp": 1762882750.706963
}