{
  "status": "OK",
  "group_id": "W128_mu32_w16_eta2_a1_b20_Bt30_Bm50_Cb5_Cbl4_Co6",
  "best_score": 0.01676683872938156,
  "best": [
    128,
    32,
    153841,
    250346,
    16,
    2
  ],
  "Bmin": 153841,
  "B2": 250346,
  "W": 128,
  "mu": 32,
  "w": 16,
  "eta": 2,
  "alpha": 0.001,
  "beta": 0.2,
  "Btime": 1073741824,
  "Bmemory": 1125899906842624,
  "Cbase": 32,
  "Cblock": 16,
  "Coracle": 64,
  "timestamp": 1762887027.989411
}