{
  "status": "OK",
  "group_id": "W128_mu4_w8_eta4_a1_b20_Bt30_Bm30_Cb5_Cbl4_Co6",
  "best_score": 0.0033650926779955626,
  "best": [
    128,
    4,
    153841,
    218178,
    8,
    4
  ],
  "Bmin": 153841,
  "B2": 218178,
  "W": 128,
  "mu": 4,
  "w": 8,
  "eta": 4,
  "alpha": 0.001,
  "beta": 0.2,
  "Btime": 1073741824,
  "Bmemory": 1073741824,
  "Cbase": 32,
  "Cblock": 16,
  "Coracle": 64,
  "timestamp": 1762846066.1327655
}