{
  "status": "OK",
  "group_id": "W128_mu32_w16_eta2_a1_b10_Bt30_Bm50_Cb5_Cbl4_Co6",
  "best_score": 0.030428370460867882,
  "best": [
    128,
    32,
    74968,
    236079,
    16,
    2
  ],
  "Bmin": 74968,
  "B2": 236079,
  "W": 128,
  "mu": 32,
  "w": 16,
  "eta": 2,
  "alpha": 0.001,
  "beta": 0.1,
  "Btime": 1073741824,
  "Bmemory": 1125899906842624,
  "Cbase": 32,
  "Cblock": 16,
  "Coracle": 64,
  "timestamp": 1762886882.6509032
}