{
  "status": "OK",
  "group_id": "W128_mu2_w8_eta8_a1_b3_Bt30_Bm30_Cb5_Cbl4_Co6",
  "best_score": 0.15733306109905243,
  "best": [
    128,
    2,
    21594,
    91706,
    8,
    8
  ],
  "Bmin": 21594,
  "B2": 91706,
  "W": 128,
  "mu": 2,
  "w": 8,
  "eta": 8,
  "alpha": 0.001,
  "beta": 0.03,
  "Btime": 1073741824,
  "Bmemory": 1073741824,
  "Cbase": 32,
  "Cblock": 16,
  "Coracle": 64,
  "timestamp": 1762847583.2228382
}