{
  "status": "OK",
  "group_id": "W128_mu32_w4_eta2_a1_b15_Bt50_Bm30_Cb5_Cbl4_Co6",
  "best_score": 0.02998756617307663,
  "best": [
    128,
    32,
    113865,
    341399,
    4,
    2
  ],
  "Bmin": 113865,
  "B2": 341399,
  "W": 128,
  "mu": 32,
  "w": 4,
  "eta": 2,
  "alpha": 0.001,
  "beta": 0.15,
  "Btime": 1125899906842624,
  "Bmemory": 1073741824,
  "Cbase": 32,
  "Cblock": 16,
  "Coracle": 64,
  "timestamp": 1762867471.032313
}