{
  "status": "OK",
  "group_id": "W128_mu32_w16_eta2_a1_b25_Bt30_Bm30_Cb5_Cbl4_Co6",
  "best_score": 0.017749985679984093,
  "best": [
    128,
    32,
    194856,
    277974,
    16,
    2
  ],
  "Bmin": 194856,
  "B2": 277974,
  "W": 128,
  "mu": 32,
  "w": 16,
  "eta": 2,
  "alpha": 0.001,
  "beta": 0.25,
  "Btime": 1073741824,
  "Bmemory": 1073741824,
  "Cbase": 32,
  "Cblock": 16,
  "Coracle": 64,
  "timestamp": 1762848988.1923594
}