{
  "status": "OK",
  "group_id": "W128_mu64_w4_eta2_a1_b10_Bt30_Bm30_Cb5_Cbl4_Co6",
  "best_score": 0.6351140141487122,
  "best": [
    128,
    64,
    74966,
    144014,
    4,
    2
  ],
  "Bmin": 74966,
  "B2": 144014,
  "W": 128,
  "mu": 64,
  "w": 4,
  "eta": 2,
  "alpha": 0.001,
  "beta": 0.1,
  "Btime": 1073741824,
  "Bmemory": 1073741824,
  "Cbase": 32,
  "Cblock": 16,
  "Coracle": 64,
  "timestamp": 1762835715.5964158
}