{
  "status": "OK",
  "group_id": "W128_mu8_w4_eta2_a1_b20_Bt30_Bm50_Cb5_Cbl4_Co6",
  "best_score": 0.002758287126198411,
  "best": [
    128,
    8,
    153841,
    234263,
    4,
    2
  ],
  "Bmin": 153841,
  "B2": 234263,
  "W": 128,
  "mu": 8,
  "w": 4,
  "eta": 2,
  "alpha": 0.001,
  "beta": 0.2,
  "Btime": 1073741824,
  "Bmemory": 1125899906842624,
  "Cbase": 32,
  "Cblock": 16,
  "Coracle": 64,
  "timestamp": 1762859741.547475
}