{
  "status": "OK",
  "group_id": "W128_mu64_w4_eta4_a1_b5_Bt50_Bm30_Cb5_Cbl4_Co6",
  "best_score": 0.21645833551883698,
  "best": [
    128,
    64,
    36230,
    520120,
    4,
    4
  ],
  "Bmin": 36230,
  "B2": 520120,
  "W": 128,
  "mu": 64,
  "w": 4,
  "eta": 4,
  "alpha": 0.001,
  "beta": 0.05,
  "Btime": 1125899906842624,
  "Bmemory": 1073741824,
  "Cbase": 32,
  "Cblock": 16,
  "Coracle": 64,
  "timestamp": 1762887538.992615
}