{
  "status": "OK",
  "group_id": "W128_mu4_w4_eta2_a1_b10_Bt30_Bm30_Cb5_Cbl4_Co6",
  "best_score": 0.013453095220029354,
  "best": [
    128,
    4,
    74966,
    213061,
    4,
    2
  ],
  "Bmin": 74966,
  "B2": 213061,
  "W": 128,
  "mu": 4,
  "w": 4,
  "eta": 2,
  "alpha": 0.001,
  "beta": 0.1,
  "Btime": 1073741824,
  "Bmemory": 1073741824,
  "Cbase": 32,
  "Cblock": 16,
  "Coracle": 64,
  "timestamp": 1762830545.8866687
}