{
  "status": "OK",
  "group_id": "W128_mu16_w8_eta8_a1_b10_Bt30_Bm30_Cb5_Cbl4_Co6",
  "best_score": 0.026877304539084435,
  "best": [
    128,
    16,
    74968,
    167031,
    8,
    8
  ],
  "Bmin": 74968,
  "B2": 167031,
  "W": 128,
  "mu": 16,
  "w": 8,
  "eta": 8,
  "alpha": 0.001,
  "beta": 0.1,
  "Btime": 1073741824,
  "Bmemory": 1073741824,
  "Cbase": 32,
  "Cblock": 16,
  "Coracle": 64,
  "timestamp": 1762847668.5753899
}