{
  "status": "OK",
  "group_id": "W128_mu16_w4_eta8_a1_b15_Bt30_Bm50_Cb5_Cbl4_Co6",
  "best_score": 0.014854679815471172,
  "best": [
    128,
    16,
    113866,
    902157,
    4,
    8
  ],
  "Bmin": 113866,
  "B2": 902157,
  "W": 128,
  "mu": 16,
  "w": 4,
  "eta": 8,
  "alpha": 0.001,
  "beta": 0.15,
  "Btime": 1073741824,
  "Bmemory": 1125899906842624,
  "Cbase": 32,
  "Cblock": 16,
  "Coracle": 64,
  "timestamp": 1762875890.848414
}