{
  "status": "OK",
  "group_id": "W128_mu8_w16_eta8_a1_b25_Bt30_Bm50_Cb5_Cbl4_Co6",
  "best_score": 0.007580178789794445,
  "best": [
    128,
    8,
    194855,
    208708,
    16,
    8
  ],
  "Bmin": 194855,
  "B2": 208708,
  "W": 128,
  "mu": 8,
  "w": 16,
  "eta": 8,
  "alpha": 0.001,
  "beta": 0.25,
  "Btime": 1073741824,
  "Bmemory": 1125899906842624,
  "Cbase": 32,
  "Cblock": 16,
  "Coracle": 64,
  "timestamp": 1762888627.4046352
}