{
  "status": "OK",
  "group_id": "W128_mu4_w4_eta8_a1_b3_Bt30_Bm30_Cb5_Cbl4_Co6",
  "best_score": 0.1477588266134262,
  "best": [
    128,
    4,
    21595,
    296686,
    4,
    8
  ],
  "Bmin": 21595,
  "B2": 296686,
  "W": 128,
  "mu": 4,
  "w": 4,
  "eta": 8,
  "alpha": 0.001,
  "beta": 0.03,
  "Btime": 1073741824,
  "Bmemory": 1073741824,
  "Cbase": 32,
  "Cblock": 16,
  "Coracle": 64,
  "timestamp": 1762840675.4629138
}