{
  "status": "OK",
  "group_id": "W128_mu4_w8_eta16_a1_b15_Bt30_Bm30_Cb5_Cbl4_Co6",
  "best_score": 0.03195677697658539,
  "best": [
    128,
    4,
    113866,
    151788,
    8,
    16
  ],
  "Bmin": 113866,
  "B2": 151788,
  "W": 128,
  "mu": 4,
  "w": 8,
  "eta": 16,
  "alpha": 0.001,
  "beta": 0.15,
  "Btime": 1073741824,
  "Bmemory": 1073741824,
  "Cbase": 32,
  "Cblock": 16,
  "Coracle": 64,
  "timestamp": 1762848285.7101178
}