{
  "status": "OK",
  "group_id": "W128_mu2_w4_eta16_a1_b15_Bt30_Bm30_Cb5_Cbl4_Co6",
  "best_score": 0.0210930984467268,
  "best": [
    128,
    2,
    113866,
    200279,
    4,
    16
  ],
  "Bmin": 113866,
  "B2": 200279,
  "W": 128,
  "mu": 2,
  "w": 4,
  "eta": 16,
  "alpha": 0.001,
  "beta": 0.15,
  "Btime": 1073741824,
  "Bmemory": 1073741824,
  "Cbase": 32,
  "Cblock": 16,
  "Coracle": 64,
  "timestamp": 1762843273.1374958
}