{
  "status": "OK",
  "group_id": "W128_mu32_w16_eta8_a1_b3_Bt30_Bm30_Cb5_Cbl4_Co6",
  "best_score": 0.17634239792823792,
  "best": [
    128,
    32,
    21595,
    91706,
    16,
    8
  ],
  "Bmin": 21595,
  "B2": 91706,
  "W": 128,
  "mu": 32,
  "w": 16,
  "eta": 8,
  "alpha": 0.001,
  "beta": 0.03,
  "Btime": 1073741824,
  "Bmemory": 1073741824,
  "Cbase": 32,
  "Cblock": 16,
  "Coracle": 64,
  "timestamp": 1762850134.974513
}