{
  "status": "OK",
  "group_id": "W128_mu16_w8_eta4_a1_b25_Bt30_Bm30_Cb5_Cbl4_Co6",
  "best_score": 0.003796024015173316,
  "best": [
    128,
    16,
    194856,
    333385,
    8,
    4
  ],
  "Bmin": 194856,
  "B2": 333385,
  "W": 128,
  "mu": 16,
  "w": 8,
  "eta": 4,
  "alpha": 0.001,
  "beta": 0.25,
  "Btime": 1073741824,
  "Bmemory": 1073741824,
  "Cbase": 32,
  "Cblock": 16,
  "Coracle": 64,
  "timestamp": 1762846414.373006
}