{
  "status": "OK",
  "group_id": "W128_mu4_w8_eta16_a1_b10_Bt50_Bm30_Cb5_Cbl4_Co6",
  "best_score": 0.04772595316171646,
  "best": [
    128,
    4,
    74968,
    97984,
    8,
    16
  ],
  "Bmin": 74968,
  "B2": 97984,
  "W": 128,
  "mu": 4,
  "w": 8,
  "eta": 16,
  "alpha": 0.001,
  "beta": 0.1,
  "Btime": 1125899906842624,
  "Bmemory": 1073741824,
  "Cbase": 32,
  "Cblock": 16,
  "Coracle": 64,
  "timestamp": 1762889105.7438989
}