{
  "status": "OK",
  "group_id": "W128_mu8_w16_eta8_a1_b3_Bt30_Bm30_Cb5_Cbl4_Co6",
  "best_score": 0.15304683148860931,
  "best": [
    128,
    8,
    21595,
    56650,
    16,
    8
  ],
  "Bmin": 21595,
  "B2": 56650,
  "W": 128,
  "mu": 8,
  "w": 16,
  "eta": 8,
  "alpha": 0.001,
  "beta": 0.03,
  "Btime": 1073741824,
  "Bmemory": 1073741824,
  "Cbase": 32,
  "Cblock": 16,
  "Coracle": 64,
  "timestamp": 1762850093.344318
}