{
  "status": "OK",
  "group_id": "W128_mu4_w8_eta4_a1_b10_Bt30_Bm30_Cb5_Cbl4_Co6",
  "best_score": 0.011829541996121407,
  "best": [
    128,
    4,
    74968,
    167031,
    8,
    4
  ],
  "Bmin": 74968,
  "B2": 167031,
  "W": 128,
  "mu": 4,
  "w": 8,
  "eta": 4,
  "alpha": 0.001,
  "beta": 0.1,
  "Btime": 1073741824,
  "Bmemory": 1073741824,
  "Cbase": 32,
  "Cblock": 16,
  "Coracle": 64,
  "timestamp": 1762846053.1391835
}