{
  "status": "OK",
  "group_id": "W128_mu64_w8_eta8_a1_b15_Bt30_Bm50_Cb5_Cbl4_Co6",
  "best_score": 0.05648370459675789,
  "best": [
    128,
    64,
    113866,
    354145,
    8,
    8
  ],
  "Bmin": 113866,
  "B2": 354145,
  "W": 128,
  "mu": 64,
  "w": 8,
  "eta": 8,
  "alpha": 0.001,
  "beta": 0.15,
  "Btime": 1073741824,
  "Bmemory": 1125899906842624,
  "Cbase": 32,
  "Cblock": 16,
  "Coracle": 64,
  "timestamp": 1762885858.7959657
}