{
  "status": "OK",
  "group_id": "W128_mu64_w4_eta4_a1_b25_Bt30_Bm50_Cb5_Cbl4_Co6",
  "best_score": 0.19515392184257507,
  "best": [
    128,
    64,
    194854,
    264118,
    4,
    4
  ],
  "Bmin": 194854,
  "B2": 264118,
  "W": 128,
  "mu": 64,
  "w": 4,
  "eta": 4,
  "alpha": 0.001,
  "beta": 0.25,
  "Btime": 1073741824,
  "Bmemory": 1125899906842624,
  "Cbase": 32,
  "Cblock": 16,
  "Coracle": 64,
  "timestamp": 1762874641.806838
}