{
  "status": "OK",
  "group_id": "W128_mu2_w16_eta8_a1_b15_Bt30_Bm30_Cb5_Cbl4_Co6",
  "best_score": 0.009449456818401814,
  "best": [
    128,
    2,
    113866,
    132827,
    16,
    8
  ],
  "Bmin": 113866,
  "B2": 132827,
  "W": 128,
  "mu": 2,
  "w": 16,
  "eta": 8,
  "alpha": 0.001,
  "beta": 0.15,
  "Btime": 1073741824,
  "Bmemory": 1073741824,
  "Cbase": 32,
  "Cblock": 16,
  "Coracle": 64,
  "timestamp": 1762850076.0782304
}