{
  "status": "OK",
  "group_id": "W128_mu4_w16_eta2_a1_b5_Bt30_Bm50_Cb5_Cbl4_Co6",
  "best_score": 0.09452997893095016,
  "best": [
    128,
    4,
    36230,
    156020,
    16,
    2
  ],
  "Bmin": 36230,
  "B2": 156020,
  "W": 128,
  "mu": 4,
  "w": 16,
  "eta": 2,
  "alpha": 0.001,
  "beta": 0.05,
  "Btime": 1073741824,
  "Bmemory": 1125899906842624,
  "Cbase": 32,
  "Cblock": 16,
  "Coracle": 64,
  "timestamp": 1762886149.7611282
}