{
  "status": "OK",
  "group_id": "W128_mu32_w16_eta4_a1_b3_Bt30_Bm50_Cb5_Cbl4_Co6",
  "best_score": 0.19367317855358124,
  "best": [
    128,
    32,
    21594,
    161817,
    16,
    4
  ],
  "Bmin": 21594,
  "B2": 161817,
  "W": 128,
  "mu": 32,
  "w": 16,
  "eta": 4,
  "alpha": 0.001,
  "beta": 0.03,
  "Btime": 1073741824,
  "Bmemory": 1125899906842624,
  "Cbase": 32,
  "Cblock": 16,
  "Coracle": 64,
  "timestamp": 1762888102.1485198
}