{
  "status": "OK",
  "group_id": "W128_mu64_w4_eta4_a1_b3_Bt30_Bm30_Cb5_Cbl4_Co6",
  "best_score": 0.28097665309906006,
  "best": [
    128,
    64,
    21594,
    195535,
    4,
    4
  ],
  "Bmin": 21594,
  "B2": 195535,
  "W": 128,
  "mu": 64,
  "w": 4,
  "eta": 4,
  "alpha": 0.001,
  "beta": 0.03,
  "Btime": 1073741824,
  "Bmemory": 1073741824,
  "Cbase": 32,
  "Cblock": 16,
  "Coracle": 64,
  "timestamp": 1762839522.5617554
}