{
  "status": "OK",
  "group_id": "W128_mu2_w8_eta2_a1_b20_Bt30_Bm30_Cb5_Cbl4_Co6",
  "best_score": 0.0020605174358934164,
  "best": [
    128,
    2,
    153840,
    282515,
    8,
    2
  ],
  "Bmin": 153840,
  "B2": 282515,
  "W": 128,
  "mu": 2,
  "w": 8,
  "eta": 2,
  "alpha": 0.001,
  "beta": 0.2,
  "Btime": 1073741824,
  "Bmemory": 1073741824,
  "Cbase": 32,
  "Cblock": 16,
  "Coracle": 64,
  "timestamp": 1762843433.4450226
}