{
  "status": "OK",
  "group_id": "W128_mu32_w4_eta2_a1_b3_Bt50_Bm30_Cb5_Cbl4_Co6",
  "best_score": 0.46808746457099915,
  "best": [
    128,
    32,
    21597,
    438249,
    4,
    2
  ],
  "Bmin": 21597,
  "B2": 438249,
  "W": 128,
  "mu": 32,
  "w": 4,
  "eta": 2,
  "alpha": 0.001,
  "beta": 0.03,
  "Btime": 1125899906842624,
  "Bmemory": 1073741824,
  "Cbase": 32,
  "Cblock": 16,
  "Coracle": 64,
  "timestamp": 1762865434.6447835
}