{
  "status": "OK",
  "group_id": "W128_mu32_w8_eta8_a1_b5_Bt30_Bm50_Cb5_Cbl4_Co6",
  "best_score": 0.091138556599617,
  "best": [
    128,
    32,
    36230,
    263201,
    8,
    8
  ],
  "Bmin": 36230,
  "B2": 263201,
  "W": 128,
  "mu": 32,
  "w": 8,
  "eta": 8,
  "alpha": 0.001,
  "beta": 0.05,
  "Btime": 1073741824,
  "Bmemory": 1125899906842624,
  "Cbase": 32,
  "Cblock": 16,
  "Coracle": 64,
  "timestamp": 1762885326.1765811
}