{
  "status": "OK",
  "group_id": "W128_mu8_w4_eta4_a1_b15_Bt50_Bm30_Cb5_Cbl4_Co6",
  "best_score": 0.0065020788460969925,
  "best": [
    128,
    8,
    113866,
    805174,
    4,
    4
  ],
  "Bmin": 113866,
  "B2": 805174,
  "W": 128,
  "mu": 8,
  "w": 4,
  "eta": 4,
  "alpha": 0.001,
  "beta": 0.15,
  "Btime": 1125899906842624,
  "Bmemory": 1073741824,
  "Cbase": 32,
  "Cblock": 16,
  "Coracle": 64,
  "timestamp": 1762877204.7245123
}