{
  "status": "OK",
  "group_id": "W128_mu32_w4_eta8_a1_b25_Bt30_Bm50_Cb5_Cbl4_Co6",
  "best_score": 0.013276584446430206,
  "best": [
    128,
    32,
    194856,
    399586,
    4,
    8
  ],
  "Bmin": 194856,
  "B2": 399586,
  "W": 128,
  "mu": 32,
  "w": 4,
  "eta": 8,
  "alpha": 0.001,
  "beta": 0.25,
  "Btime": 1073741824,
  "Bmemory": 1125899906842624,
  "Cbase": 32,
  "Cblock": 16,
  "Coracle": 64,
  "timestamp": 1762877291.3961692
}