{
  "status": "OK",
  "group_id": "W128_mu8_w4_eta2_a1_b3_Bt50_Bm30_Cb5_Cbl4_Co6",
  "best_score": 0.343559592962265,
  "best": [
    128,
    8,
    21597,
    613525,
    4,
    2
  ],
  "Bmin": 21597,
  "B2": 613525,
  "W": 128,
  "mu": 8,
  "w": 4,
  "eta": 2,
  "alpha": 0.001,
  "beta": 0.03,
  "Btime": 1125899906842624,
  "Bmemory": 1073741824,
  "Cbase": 32,
  "Cblock": 16,
  "Coracle": 64,
  "timestamp": 1762860426.5034714
}