{
  "status": "OK",
  "group_id": "W128_mu16_w4_eta2_a1_b20_Bt30_Bm30_Cb5_Cbl4_Co6",
  "best_score": 0.004547352436929941,
  "best": [
    128,
    16,
    153841,
    234262,
    4,
    2
  ],
  "Bmin": 153841,
  "B2": 234262,
  "W": 128,
  "mu": 16,
  "w": 4,
  "eta": 2,
  "alpha": 0.001,
  "beta": 0.2,
  "Btime": 1073741824,
  "Bmemory": 1073741824,
  "Cbase": 32,
  "Cblock": 16,
  "Coracle": 64,
  "timestamp": 1762831979.6793628
}