{
  "status": "OK",
  "group_id": "W128_mu32_w4_eta4_a1_b5_Bt30_Bm50_Cb5_Cbl4_Co6",
  "best_score": 0.16855338215827942,
  "best": [
    128,
    32,
    36230,
    215914,
    4,
    4
  ],
  "Bmin": 36230,
  "B2": 215914,
  "W": 128,
  "mu": 32,
  "w": 4,
  "eta": 4,
  "alpha": 0.001,
  "beta": 0.05,
  "Btime": 1073741824,
  "Bmemory": 1125899906842624,
  "Cbase": 32,
  "Cblock": 16,
  "Coracle": 64,
  "timestamp": 1762871822.0694509
}