{
  "status": "OK",
  "group_id": "W128_mu64_w8_eta4_a1_b20_Bt30_Bm30_Cb5_Cbl4_Co6",
  "best_score": 0.12615810334682465,
  "best": [
    128,
    64,
    153841,
    266430,
    8,
    4
  ],
  "Bmin": 153841,
  "B2": 266430,
  "W": 128,
  "mu": 64,
  "w": 8,
  "eta": 4,
  "alpha": 0.001,
  "beta": 0.2,
  "Btime": 1073741824,
  "Bmemory": 1073741824,
  "Cbase": 32,
  "Cblock": 16,
  "Coracle": 64,
  "timestamp": 1762847467.339207
}