{
  "status": "OK",
  "group_id": "W128_mu2_w4_eta32_a1_b20_Bt30_Bm50_Cb5_Cbl4_Co6",
  "best_score": 0.007821663282811642,
  "best": [
    128,
    2,
    153840,
    220686,
    4,
    32
  ],
  "Bmin": 153840,
  "B2": 220686,
  "W": 128,
  "mu": 2,
  "w": 4,
  "eta": 32,
  "alpha": 0.001,
  "beta": 0.2,
  "Btime": 1073741824,
  "Bmemory": 1125899906842624,
  "Cbase": 32,
  "Cblock": 16,
  "Coracle": 64,
  "timestamp": 1762878740.8724952
}