{
  "status": "OK",
  "group_id": "W128_mu4_w4_eta16_a1_b10_Bt30_Bm50_Cb5_Cbl4_Co6",
  "best_score": 0.04074839875102043,
  "best": [
    128,
    4,
    74968,
    166008,
    4,
    16
  ],
  "Bmin": 74968,
  "B2": 166008,
  "W": 128,
  "mu": 4,
  "w": 4,
  "eta": 16,
  "alpha": 0.001,
  "beta": 0.1,
  "Btime": 1073741824,
  "Bmemory": 1125899906842624,
  "Cbase": 32,
  "Cblock": 16,
  "Coracle": 64,
  "timestamp": 1762878640.4109504
}