{
  "status": "OK",
  "group_id": "W128_mu4_w8_eta2_a1_b25_Bt30_Bm30_Cb5_Cbl4_Co6",
  "best_score": 0.0014168095076456666,
  "best": [
    128,
    4,
    194854,
    305677,
    8,
    2
  ],
  "Bmin": 194854,
  "B2": 305677,
  "W": 128,
  "mu": 4,
  "w": 8,
  "eta": 2,
  "alpha": 0.001,
  "beta": 0.25,
  "Btime": 1073741824,
  "Bmemory": 1073741824,
  "Cbase": 32,
  "Cblock": 16,
  "Coracle": 64,
  "timestamp": 1762843606.383641
}