{
  "status": "OK",
  "group_id": "W128_mu2_w4_eta32_a1_b15_Bt30_Bm50_Cb5_Cbl4_Co6",
  "best_score": 0.010119419544935226,
  "best": [
    128,
    2,
    113866,
    181318,
    4,
    32
  ],
  "Bmin": 113866,
  "B2": 181318,
  "W": 128,
  "mu": 2,
  "w": 4,
  "eta": 32,
  "alpha": 0.001,
  "beta": 0.15,
  "Btime": 1073741824,
  "Bmemory": 1125899906842624,
  "Cbase": 32,
  "Cblock": 16,
  "Coracle": 64,
  "timestamp": 1762878739.8349683
}