{
  "status": "OK",
  "group_id": "W128_mu4_w8_eta2_a1_b3_Bt30_Bm50_Cb5_Cbl4_Co6",
  "best_score": 0.23402106761932373,
  "best": [
    128,
    4,
    21594,
    403190,
    8,
    2
  ],
  "Bmin": 21594,
  "B2": 403190,
  "W": 128,
  "mu": 4,
  "w": 8,
  "eta": 2,
  "alpha": 0.001,
  "beta": 0.03,
  "Btime": 1073741824,
  "Bmemory": 1125899906842624,
  "Cbase": 32,
  "Cblock": 16,
  "Coracle": 64,
  "timestamp": 1762878927.4035876
}