{
  "status": "OK",
  "group_id": "W128_mu4_w8_eta4_a1_b3_Bt30_Bm30_Cb5_Cbl4_Co6",
  "best_score": 0.1938045173883438,
  "best": [
    128,
    4,
    21595,
    229252,
    8,
    4
  ],
  "Bmin": 21595,
  "B2": 229252,
  "W": 128,
  "mu": 4,
  "w": 8,
  "eta": 4,
  "alpha": 0.001,
  "beta": 0.03,
  "Btime": 1073741824,
  "Bmemory": 1073741824,
  "Cbase": 32,
  "Cblock": 16,
  "Coracle": 64,
  "timestamp": 1762846039.4571333
}