{
  "status": "OK",
  "group_id": "W128_mu32_w4_eta4_a1_b15_Bt30_Bm30_Cb5_Cbl4_Co6",
  "best_score": 0.027080010622739792,
  "best": [
    128,
    32,
    113866,
    246594,
    4,
    4
  ],
  "Bmin": 113866,
  "B2": 246594,
  "W": 128,
  "mu": 32,
  "w": 4,
  "eta": 4,
  "alpha": 0.001,
  "beta": 0.15,
  "Btime": 1073741824,
  "Bmemory": 1073741824,
  "Cbase": 32,
  "Cblock": 16,
  "Coracle": 64,
  "timestamp": 1762839012.6174982
}