{
  "status": "OK",
  "group_id": "W128_mu64_w4_eta2_a1_b25_Bt50_Bm30_Cb5_Cbl4_Co6",
  "best_score": 0.20765691995620728,
  "best": [
    128,
    64,
    194852,
    319529,
    4,
    2
  ],
  "Bmin": 194852,
  "B2": 319529,
  "W": 128,
  "mu": 64,
  "w": 4,
  "eta": 2,
  "alpha": 0.001,
  "beta": 0.25,
  "Btime": 1125899906842624,
  "Bmemory": 1073741824,
  "Cbase": 32,
  "Cblock": 16,
  "Coracle": 64,
  "timestamp": 1762876013.8121662
}