{
  "status": "OK",
  "group_id": "W128_mu16_w4_eta2_a1_b3_Bt30_Bm30_Cb5_Cbl4_Co6",
  "best_score": 0.3711582124233246,
  "best": [
    128,
    16,
    21597,
    196874,
    4,
    2
  ],
  "Bmin": 21597,
  "B2": 196874,
  "W": 128,
  "mu": 16,
  "w": 4,
  "eta": 2,
  "alpha": 0.001,
  "beta": 0.03,
  "Btime": 1073741824,
  "Bmemory": 1073741824,
  "Cbase": 32,
  "Cblock": 16,
  "Coracle": 64,
  "timestamp": 1762831319.2608495
}