{
  "status": "OK",
  "group_id": "W128_mu64_w8_eta8_a1_b10_Bt30_Bm30_Cb5_Cbl4_Co6",
  "best_score": 0.05614122748374939,
  "best": [
    128,
    64,
    74968,
    259095,
    8,
    8
  ],
  "Bmin": 74968,
  "B2": 259095,
  "W": 128,
  "mu": 64,
  "w": 8,
  "eta": 8,
  "alpha": 0.001,
  "beta": 0.1,
  "Btime": 1073741824,
  "Bmemory": 1073741824,
  "Cbase": 32,
  "Cblock": 16,
  "Coracle": 64,
  "timestamp": 1762848073.8562696
}