{
  "status": "OK",
  "group_id": "W128_mu4_w4_eta16_a1_b20_Bt30_Bm50_Cb5_Cbl4_Co6",
  "best_score": 0.010747718624770641,
  "best": [
    128,
    4,
    153840,
    236770,
    4,
    16
  ],
  "Bmin": 153840,
  "B2": 236770,
  "W": 128,
  "mu": 4,
  "w": 4,
  "eta": 16,
  "alpha": 0.001,
  "beta": 0.2,
  "Btime": 1073741824,
  "Bmemory": 1125899906842624,
  "Cbase": 32,
  "Cblock": 16,
  "Coracle": 64,
  "timestamp": 1762878652.457998
}