{
  "status": "OK",
  "group_id": "W128_mu2_w4_eta32_a1_b3_Bt30_Bm30_Cb5_Cbl4_Co6",
  "best_score": 0.019393792375922203,
  "best": [
    128,
    2,
    21595,
    90368,
    4,
    32
  ],
  "Bmin": 21595,
  "B2": 90368,
  "W": 128,
  "mu": 2,
  "w": 4,
  "eta": 32,
  "alpha": 0.001,
  "beta": 0.03,
  "Btime": 1073741824,
  "Bmemory": 1073741824,
  "Cbase": 32,
  "Cblock": 16,
  "Coracle": 64,
  "timestamp": 1762843351.5597398
}