{
  "status": "OK",
  "group_id": "W128_mu64_w8_eta2_a1_b5_Bt30_Bm50_Cb5_Cbl4_Co6",
  "best_score": 0.25322139263153076,
  "best": [
    128,
    64,
    36230,
    185965,
    8,
    2
  ],
  "Bmin": 36230,
  "B2": 185965,
  "W": 128,
  "mu": 64,
  "w": 8,
  "eta": 2,
  "alpha": 0.001,
  "beta": 0.05,
  "Btime": 1073741824,
  "Bmemory": 1125899906842624,
  "Cbase": 32,
  "Cblock": 16,
  "Coracle": 64,
  "timestamp": 1762881467.4952078
}