{
  "status": "OK",
  "group_id": "W128_mu4_w8_eta8_a1_b20_Bt30_Bm30_Cb5_Cbl4_Co6",
  "best_score": 0.004465358331799507,
  "best": [
    128,
    4,
    153840,
    186008,
    8,
    8
  ],
  "Bmin": 153840,
  "B2": 186008,
  "W": 128,
  "mu": 4,
  "w": 8,
  "eta": 8,
  "alpha": 0.001,
  "beta": 0.2,
  "Btime": 1073741824,
  "Bmemory": 1073741824,
  "Cbase": 32,
  "Cblock": 16,
  "Coracle": 64,
  "timestamp": 1762847601.9391377
}