{
  "status": "OK",
  "group_id": "W128_mu8_w4_eta16_a1_b10_Bt30_Bm50_Cb5_Cbl4_Co6",
  "best_score": 0.04854438453912735,
  "best": [
    128,
    8,
    74968,
    257047,
    4,
    16
  ],
  "Bmin": 74968,
  "B2": 257047,
  "W": 128,
  "mu": 8,
  "w": 4,
  "eta": 16,
  "alpha": 0.001,
  "beta": 0.1,
  "Btime": 1073741824,
  "Bmemory": 1125899906842624,
  "Cbase": 32,
  "Cblock": 16,
  "Coracle": 64,
  "timestamp": 1762878695.781971
}