{
  "status": "OK",
  "group_id": "W128_mu8_w8_eta16_a1_b10_Bt30_Bm30_Cb5_Cbl4_Co6",
  "best_score": 0.05260445550084114,
  "best": [
    128,
    8,
    74968,
    121000,
    8,
    16
  ],
  "Bmin": 74968,
  "B2": 121000,
  "W": 128,
  "mu": 8,
  "w": 8,
  "eta": 16,
  "alpha": 0.001,
  "beta": 0.1,
  "Btime": 1073741824,
  "Bmemory": 1073741824,
  "Cbase": 32,
  "Cblock": 16,
  "Coracle": 64,
  "timestamp": 1762848292.1471264
}