{
  "status": "OK",
  "group_id": "W128_mu4_w8_eta2_a1_b20_Bt30_Bm50_Cb5_Cbl4_Co6",
  "best_score": 0.0023925057612359524,
  "best": [
    128,
    4,
    153840,
    298599,
    8,
    2
  ],
  "Bmin": 153840,
  "B2": 298599,
  "W": 128,
  "mu": 4,
  "w": 8,
  "eta": 2,
  "alpha": 0.001,
  "beta": 0.2,
  "Btime": 1073741824,
  "Bmemory": 1125899906842624,
  "Cbase": 32,
  "Cblock": 16,
  "Coracle": 64,
  "timestamp": 1762879060.5934489
}