{
  "status": "OK",
  "group_id": "W128_mu16_w4_eta2_a1_b25_Bt50_Bm30_Cb5_Cbl4_Co6",
  "best_score": 0.0024693887680768967,
  "best": [
    128,
    16,
    194852,
    374941,
    4,
    2
  ],
  "Bmin": 194852,
  "B2": 374941,
  "W": 128,
  "mu": 16,
  "w": 4,
  "eta": 2,
  "alpha": 0.001,
  "beta": 0.25,
  "Btime": 1125899906842624,
  "Bmemory": 1073741824,
  "Cbase": 32,
  "Cblock": 16,
  "Coracle": 64,
  "timestamp": 1762864465.5638611
}