{
  "status": "OK",
  "group_id": "W128_mu4_w4_eta2_a1_b3_Bt30_Bm30_Cb5_Cbl4_Co6",
  "best_score": 0.2758936882019043,
  "best": [
    128,
    4,
    21597,
    264309,
    4,
    2
  ],
  "Bmin": 21597,
  "B2": 264309,
  "W": 128,
  "mu": 4,
  "w": 4,
  "eta": 2,
  "alpha": 0.001,
  "beta": 0.03,
  "Btime": 1073741824,
  "Bmemory": 1073741824,
  "Cbase": 32,
  "Cblock": 16,
  "Coracle": 64,
  "timestamp": 1762830465.3352284
}