{
  "status": "OK",
  "group_id": "W128_mu8_w8_eta4_a1_b3_Bt30_Bm50_Cb5_Cbl4_Co6",
  "best_score": 0.20378518104553223,
  "best": [
    128,
    8,
    21595,
    296686,
    8,
    4
  ],
  "Bmin": 21595,
  "B2": 296686,
  "W": 128,
  "mu": 8,
  "w": 8,
  "eta": 4,
  "alpha": 0.001,
  "beta": 0.03,
  "Btime": 1073741824,
  "Bmemory": 1125899906842624,
  "Cbase": 32,
  "Cblock": 16,
  "Coracle": 64,
  "timestamp": 1762882849.3486102
}