{
  "status": "OK",
  "group_id": "W128_mu16_w4_eta2_a1_b10_Bt30_Bm50_Cb5_Cbl4_Co6",
  "best_score": 0.026780519634485245,
  "best": [
    128,
    16,
    74966,
    190045,
    4,
    2
  ],
  "Bmin": 74966,
  "B2": 190045,
  "W": 128,
  "mu": 16,
  "w": 4,
  "eta": 2,
  "alpha": 0.001,
  "beta": 0.1,
  "Btime": 1073741824,
  "Bmemory": 1125899906842624,
  "Cbase": 32,
  "Cblock": 16,
  "Coracle": 64,
  "timestamp": 1762860669.2141168
}