{
  "status": "OK",
  "group_id": "W128_mu2_w8_eta8_a1_b25_Bt30_Bm30_Cb5_Cbl4_Co6",
  "best_score": 0.0017764262156561017,
  "best": [
    128,
    2,
    194855,
    222561,
    8,
    8
  ],
  "Bmin": 194855,
  "B2": 222561,
  "W": 128,
  "mu": 2,
  "w": 8,
  "eta": 8,
  "alpha": 0.001,
  "beta": 0.25,
  "Btime": 1073741824,
  "Bmemory": 1073741824,
  "Cbase": 32,
  "Cblock": 16,
  "Coracle": 64,
  "timestamp": 1762847590.2250414
}