{
  "status": "OK",
  "group_id": "W128_mu8_w8_eta2_a1_b5_Bt30_Bm30_Cb5_Cbl4_Co6",
  "best_score": 0.1933966726064682,
  "best": [
    128,
    8,
    36230,
    245861,
    8,
    2
  ],
  "Bmin": 36230,
  "B2": 245861,
  "W": 128,
  "mu": 8,
  "w": 8,
  "eta": 2,
  "alpha": 0.001,
  "beta": 0.05,
  "Btime": 1073741824,
  "Bmemory": 1073741824,
  "Cbase": 32,
  "Cblock": 16,
  "Coracle": 64,
  "timestamp": 1762843688.8067439
}