{
  "status": "OK",
  "group_id": "W128_mu4_w4_eta8_a1_b20_Bt30_Bm50_Cb5_Cbl4_Co6",
  "best_score": 0.003013626905158162,
  "best": [
    128,
    4,
    153841,
    285023,
    4,
    8
  ],
  "Bmin": 153841,
  "B2": 285023,
  "W": 128,
  "mu": 4,
  "w": 4,
  "eta": 8,
  "alpha": 0.001,
  "beta": 0.2,
  "Btime": 1073741824,
  "Bmemory": 1125899906842624,
  "Cbase": 32,
  "Cblock": 16,
  "Coracle": 64,
  "timestamp": 1762874782.9607222
}