{
  "status": "OK",
  "group_id": "W128_mu64_w4_eta2_a1_b20_Bt30_Bm50_Cb5_Cbl4_Co6",
  "best_score": 0.2506377100944519,
  "best": [
    128,
    64,
    153841,
    202095,
    4,
    2
  ],
  "Bmin": 153841,
  "B2": 202095,
  "W": 128,
  "mu": 64,
  "w": 4,
  "eta": 2,
  "alpha": 0.001,
  "beta": 0.2,
  "Btime": 1073741824,
  "Bmemory": 1125899906842624,
  "Cbase": 32,
  "Cblock": 16,
  "Coracle": 64,
  "timestamp": 1762868795.5873823
}