{
  "status": "OK",
  "group_id": "W128_mu16_w8_eta4_a1_b20_Bt30_Bm30_Cb5_Cbl4_Co6",
  "best_score": 0.006508855614811182,
  "best": [
    128,
    16,
    153841,
    282514,
    8,
    4
  ],
  "Bmin": 153841,
  "B2": 282514,
  "W": 128,
  "mu": 16,
  "w": 8,
  "eta": 4,
  "alpha": 0.001,
  "beta": 0.2,
  "Btime": 1073741824,
  "Bmemory": 1073741824,
  "Cbase": 32,
  "Cblock": 16,
  "Coracle": 64,
  "timestamp": 1762846379.3539455
}