{
  "status": "OK",
  "group_id": "W128_mu2_w4_eta2_a1_b10_Bt30_Bm30_Cb5_Cbl4_Co6",
  "best_score": 0.012730130925774574,
  "best": [
    128,
    2,
    74966,
    488227,
    4,
    2
  ],
  "Bmin": 74966,
  "B2": 488227,
  "W": 128,
  "mu": 2,
  "w": 4,
  "eta": 2,
  "alpha": 0.001,
  "beta": 0.1,
  "Btime": 1073741824,
  "Bmemory": 1073741824,
  "Cbase": 32,
  "Cblock": 16,
  "Coracle": 64,
  "timestamp": 1762830270.6525593
}