{
  "status": "OK",
  "group_id": "W128_mu16_w4_eta4_a1_b15_Bt50_Bm30_Cb5_Cbl4_Co6",
  "best_score": 0.011088996194303036,
  "best": [
    128,
    16,
    113866,
    1544974,
    4,
    4
  ],
  "Bmin": 113866,
  "B2": 1544974,
  "W": 128,
  "mu": 16,
  "w": 4,
  "eta": 4,
  "alpha": 0.001,
  "beta": 0.15,
  "Btime": 1125899906842624,
  "Bmemory": 1073741824,
  "Cbase": 32,
  "Cblock": 16,
  "Coracle": 64,
  "timestamp": 1762880467.2152836
}