{
  "status": "OK",
  "group_id": "W128_mu8_w8_eta16_a1_b25_Bt30_Bm30_Cb5_Cbl4_Co6",
  "best_score": 0.007853381335735321,
  "best": [
    128,
    8,
    194855,
    222561,
    8,
    16
  ],
  "Bmin": 194855,
  "B2": 222561,
  "W": 128,
  "mu": 8,
  "w": 8,
  "eta": 16,
  "alpha": 0.001,
  "beta": 0.25,
  "Btime": 1073741824,
  "Bmemory": 1073741824,
  "Cbase": 32,
  "Cblock": 16,
  "Coracle": 64,
  "timestamp": 1762848298.6195436
}