{
  "status": "OK",
  "group_id": "W128_mu4_w4_eta2_a1_b25_Bt30_Bm30_Cb5_Cbl4_Co6",
  "best_score": 0.0010788654908537865,
  "best": [
    128,
    4,
    194852,
    277970,
    4,
    2
  ],
  "Bmin": 194852,
  "B2": 277970,
  "W": 128,
  "mu": 4,
  "w": 4,
  "eta": 2,
  "alpha": 0.001,
  "beta": 0.25,
  "Btime": 1073741824,
  "Bmemory": 1073741824,
  "Cbase": 32,
  "Cblock": 16,
  "Coracle": 64,
  "timestamp": 1762830670.9243789
}