{
  "status": "OK",
  "group_id": "W128_mu32_w16_eta4_a1_b5_Bt30_Bm30_Cb5_Cbl4_Co6",
  "best_score": 0.11369553953409195,
  "best": [
    128,
    32,
    36230,
    164690,
    16,
    4
  ],
  "Bmin": 36230,
  "B2": 164690,
  "W": 128,
  "mu": 32,
  "w": 16,
  "eta": 4,
  "alpha": 0.001,
  "beta": 0.05,
  "Btime": 1073741824,
  "Bmemory": 1073741824,
  "Cbase": 32,
  "Cblock": 16,
  "Coracle": 64,
  "timestamp": 1762849727.893519
}