{
  "status": "OK",
  "group_id": "W128_mu16_w16_eta2_a1_b20_Bt30_Bm50_Cb5_Cbl4_Co6",
  "best_score": 0.009856244549155235,
  "best": [
    128,
    16,
    153841,
    282514,
    16,
    2
  ],
  "Bmin": 153841,
  "B2": 282514,
  "W": 128,
  "mu": 16,
  "w": 16,
  "eta": 2,
  "alpha": 0.001,
  "beta": 0.2,
  "Btime": 1073741824,
  "Bmemory": 1125899906842624,
  "Cbase": 32,
  "Cblock": 16,
  "Coracle": 64,
  "timestamp": 1762886610.6371512
}