{
  "status": "OK",
  "group_id": "W128_mu32_w4_eta4_a1_b25_Bt50_Bm30_Cb5_Cbl4_Co6",
  "best_score": 0.01008006650954485,
  "best": [
    128,
    32,
    194854,
    650534,
    4,
    4
  ],
  "Bmin": 194854,
  "B2": 650534,
  "W": 128,
  "mu": 32,
  "w": 4,
  "eta": 4,
  "alpha": 0.001,
  "beta": 0.25,
  "Btime": 1125899906842624,
  "Bmemory": 1073741824,
  "Cbase": 32,
  "Cblock": 16,
  "Coracle": 64,
  "timestamp": 1762885438.8052437
}