{
  "status": "OK",
  "group_id": "W128_mu32_w8_eta4_a1_b20_Bt30_Bm50_Cb5_Cbl4_Co6",
  "best_score": 0.017186449840664864,
  "best": [
    128,
    32,
    153841,
    282515,
    8,
    4
  ],
  "Bmin": 153841,
  "B2": 282515,
  "W": 128,
  "mu": 32,
  "w": 8,
  "eta": 4,
  "alpha": 0.001,
  "beta": 0.2,
  "Btime": 1073741824,
  "Bmemory": 1125899906842624,
  "Cbase": 32,
  "Cblock": 16,
  "Coracle": 64,
  "timestamp": 1762883838.2850676
}