{
  "status": "OK",
  "group_id": "W128_mu64_w4_eta8_a1_b3_Bt30_Bm30_Cb5_Cbl4_Co6",
  "best_score": 0.1444881111383438,
  "best": [
    128,
    64,
    21595,
    366798,
    4,
    8
  ],
  "Bmin": 21595,
  "B2": 366798,
  "W": 128,
  "mu": 64,
  "w": 4,
  "eta": 8,
  "alpha": 0.001,
  "beta": 0.03,
  "Btime": 1073741824,
  "Bmemory": 1073741824,
  "Cbase": 32,
  "Cblock": 16,
  "Coracle": 64,
  "timestamp": 1762842574.2885056
}