{
  "status": "OK",
  "group_id": "W128_mu2_w4_eta2_a1_b3_Bt30_Bm50_Cb5_Cbl4_Co6",
  "best_score": 0.28039249777793884,
  "best": [
    128,
    2,
    21597,
    649916,
    4,
    2
  ],
  "Bmin": 21597,
  "B2": 649916,
  "W": 128,
  "mu": 2,
  "w": 4,
  "eta": 2,
  "alpha": 0.001,
  "beta": 0.03,
  "Btime": 1073741824,
  "Bmemory": 1125899906842624,
  "Cbase": 32,
  "Cblock": 16,
  "Coracle": 64,
  "timestamp": 1762856278.9053717
}