{
  "status": "OK",
  "group_id": "W128_mu32_w4_eta2_a1_b25_Bt50_Bm30_Cb5_Cbl4_Co6",
  "best_score": 0.008453053422272205,
  "best": [
    128,
    32,
    194852,
    333382,
    4,
    2
  ],
  "Bmin": 194852,
  "B2": 333382,
  "W": 128,
  "mu": 32,
  "w": 4,
  "eta": 2,
  "alpha": 0.001,
  "beta": 0.25,
  "Btime": 1125899906842624,
  "Bmemory": 1073741824,
  "Cbase": 32,
  "Cblock": 16,
  "Coracle": 64,
  "timestamp": 1762868703.3689501
}