{
  "status": "OK",
  "group_id": "W128_mu4_w16_eta4_a1_b10_Bt30_Bm50_Cb5_Cbl4_Co6",
  "best_score": 0.011331471614539623,
  "best": [
    128,
    4,
    74968,
    121000,
    16,
    4
  ],
  "Bmin": 74968,
  "B2": 121000,
  "W": 128,
  "mu": 4,
  "w": 16,
  "eta": 4,
  "alpha": 0.001,
  "beta": 0.1,
  "Btime": 1073741824,
  "Bmemory": 1125899906842624,
  "Cbase": 32,
  "Cblock": 16,
  "Coracle": 64,
  "timestamp": 1762887920.522322
}