{
  "status": "OK",
  "group_id": "W128_mu16_w16_eta4_a1_b15_Bt30_Bm30_Cb5_Cbl4_Co6",
  "best_score": 0.010634937323629856,
  "best": [
    128,
    16,
    113866,
    189710,
    16,
    4
  ],
  "Bmin": 113866,
  "B2": 189710,
  "W": 128,
  "mu": 16,
  "w": 16,
  "eta": 4,
  "alpha": 0.001,
  "beta": 0.15,
  "Btime": 1073741824,
  "Bmemory": 1073741824,
  "Cbase": 32,
  "Cblock": 16,
  "Coracle": 64,
  "timestamp": 1762849666.6529188
}