{
  "status": "OK",
  "group_id": "W128_mu32_w4_eta4_a1_b3_Bt50_Bm30_Cb5_Cbl4_Co6",
  "best_score": 0.23710918426513672,
  "best": [
    128,
    32,
    21594,
    953375,
    4,
    4
  ],
  "Bmin": 21594,
  "B2": 953375,
  "W": 128,
  "mu": 32,
  "w": 4,
  "eta": 4,
  "alpha": 0.001,
  "beta": 0.03,
  "Btime": 1125899906842624,
  "Bmemory": 1073741824,
  "Cbase": 32,
  "Cblock": 16,
  "Coracle": 64,
  "timestamp": 1762882378.4393682
}