{
  "status": "OK",
  "group_id": "W128_mu4_w4_eta2_a1_b20_Bt50_Bm30_Cb5_Cbl4_Co6",
  "best_score": 0.0021962213795632124,
  "best": [
    128,
    4,
    153841,
    577051,
    4,
    2
  ],
  "Bmin": 153841,
  "B2": 577051,
  "W": 128,
  "mu": 4,
  "w": 4,
  "eta": 2,
  "alpha": 0.001,
  "beta": 0.2,
  "Btime": 1125899906842624,
  "Bmemory": 1073741824,
  "Cbase": 32,
  "Cblock": 16,
  "Coracle": 64,
  "timestamp": 1762860011.2338176
}