{
  "status": "OK",
  "group_id": "W128_mu16_w8_eta2_a1_b3_Bt30_Bm50_Cb5_Cbl4_Co6",
  "best_score": 0.2660672962665558,
  "best": [
    128,
    16,
    21594,
    230589,
    8,
    2
  ],
  "Bmin": 21594,
  "B2": 230589,
  "W": 128,
  "mu": 16,
  "w": 8,
  "eta": 2,
  "alpha": 0.001,
  "beta": 0.03,
  "Btime": 1073741824,
  "Bmemory": 1125899906842624,
  "Cbase": 32,
  "Cblock": 16,
  "Coracle": 64,
  "timestamp": 1762879525.3225427
}