{
  "status": "OK",
  "group_id": "W128_mu16_w16_eta8_a1_b5_Bt30_Bm50_Cb5_Cbl4_Co6",
  "best_score": 0.10963470488786697,
  "best": [
    128,
    16,
    36230,
    96125,
    16,
    8
  ],
  "Bmin": 36230,
  "B2": 96125,
  "W": 128,
  "mu": 16,
  "w": 16,
  "eta": 8,
  "alpha": 0.001,
  "beta": 0.05,
  "Btime": 1073741824,
  "Bmemory": 1125899906842624,
  "Cbase": 32,
  "Cblock": 16,
  "Coracle": 64,
  "timestamp": 1762888638.229562
}