{
  "status": "OK",
  "group_id": "W128_mu8_w8_eta16_a1_b15_Bt30_Bm50_Cb5_Cbl4_Co6",
  "best_score": 0.03915165737271309,
  "best": [
    128,
    8,
    113866,
    181318,
    8,
    16
  ],
  "Bmin": 113866,
  "B2": 181318,
  "W": 128,
  "mu": 8,
  "w": 8,
  "eta": 16,
  "alpha": 0.001,
  "beta": 0.15,
  "Btime": 1073741824,
  "Bmemory": 1125899906842624,
  "Cbase": 32,
  "Cblock": 16,
  "Coracle": 64,
  "timestamp": 1762886076.0993216
}