{
  "status": "OK",
  "group_id": "W128_mu4_w16_eta8_a1_b10_Bt30_Bm30_Cb5_Cbl4_Co6",
  "best_score": 0.015771409496665,
  "best": [
    128,
    4,
    74968,
    97984,
    16,
    8
  ],
  "Bmin": 74968,
  "B2": 97984,
  "W": 128,
  "mu": 4,
  "w": 16,
  "eta": 8,
  "alpha": 0.001,
  "beta": 0.1,
  "Btime": 1073741824,
  "Bmemory": 1073741824,
  "Cbase": 32,
  "Cblock": 16,
  "Coracle": 64,
  "timestamp": 1762850085.051325
}