{
  "status": "OK",
  "group_id": "W128_mu4_w8_eta16_a1_b25_Bt30_Bm50_Cb5_Cbl4_Co6",
  "best_score": 0.005825837142765522,
  "best": [
    128,
    4,
    194855,
    208708,
    8,
    16
  ],
  "Bmin": 194855,
  "B2": 208708,
  "W": 128,
  "mu": 4,
  "w": 8,
  "eta": 16,
  "alpha": 0.001,
  "beta": 0.25,
  "Btime": 1073741824,
  "Bmemory": 1125899906842624,
  "Cbase": 32,
  "Cblock": 16,
  "Coracle": 64,
  "timestamp": 1762886066.9561021
}