{
  "status": "OK",
  "group_id": "W128_mu2_w16_eta8_a1_b5_Bt30_Bm50_Cb5_Cbl4_Co6",
  "best_score": 0.08946598321199417,
  "best": [
    128,
    2,
    36230,
    66178,
    16,
    8
  ],
  "Bmin": 36230,
  "B2": 66178,
  "W": 128,
  "mu": 2,
  "w": 16,
  "eta": 8,
  "alpha": 0.001,
  "beta": 0.05,
  "Btime": 1073741824,
  "Bmemory": 1125899906842624,
  "Cbase": 32,
  "Cblock": 16,
  "Coracle": 64,
  "timestamp": 1762888584.9450264
}