{
  "status": "OK",
  "group_id": "W128_mu8_w4_eta8_a1_b25_Bt30_Bm30_Cb5_Cbl4_Co6",
  "best_score": 0.001844916376285255,
  "best": [
    128,
    8,
    194856,
    333385,
    4,
    8
  ],
  "Bmin": 194856,
  "B2": 333385,
  "W": 128,
  "mu": 8,
  "w": 4,
  "eta": 8,
  "alpha": 0.001,
  "beta": 0.25,
  "Btime": 1073741824,
  "Bmemory": 1073741824,
  "Cbase": 32,
  "Cblock": 16,
  "Coracle": 64,
  "timestamp": 1762840914.9563684
}