{
  "status": "OK",
  "group_id": "W128_mu32_w4_eta4_a1_b5_Bt50_Bm30_Cb5_Cbl4_Co6",
  "best_score": 0.16003187000751495,
  "best": [
    128,
    32,
    36230,
    785709,
    4,
    4
  ],
  "Bmin": 36230,
  "B2": 785709,
  "W": 128,
  "mu": 32,
  "w": 4,
  "eta": 4,
  "alpha": 0.001,
  "beta": 0.05,
  "Btime": 1125899906842624,
  "Bmemory": 1073741824,
  "Cbase": 32,
  "Cblock": 16,
  "Coracle": 64,
  "timestamp": 1762883099.7325883
}