{
  "status": "OK",
  "group_id": "W128_mu4_w4_eta4_a1_b20_Bt50_Bm30_Cb5_Cbl4_Co6",
  "best_score": 0.0025489977560937405,
  "best": [
    128,
    4,
    153840,
    400123,
    4,
    4
  ],
  "Bmin": 153840,
  "B2": 400123,
  "W": 128,
  "mu": 4,
  "w": 4,
  "eta": 4,
  "alpha": 0.001,
  "beta": 0.2,
  "Btime": 1125899906842624,
  "Bmemory": 1073741824,
  "Cbase": 32,
  "Cblock": 16,
  "Coracle": 64,
  "timestamp": 1762876399.0043328
}