{
  "status": "OK",
  "group_id": "W128_mu8_w8_eta16_a1_b20_Bt30_Bm50_Cb5_Cbl4_Co6",
  "best_score": 0.01946481503546238,
  "best": [
    128,
    8,
    153840,
    186009,
    8,
    16
  ],
  "Bmin": 153840,
  "B2": 186009,
  "W": 128,
  "mu": 8,
  "w": 8,
  "eta": 16,
  "alpha": 0.001,
  "beta": 0.2,
  "Btime": 1073741824,
  "Bmemory": 1125899906842624,
  "Cbase": 32,
  "Cblock": 16,
  "Coracle": 64,
  "timestamp": 1762886079.248139
}