{
  "status": "OK",
  "group_id": "W128_mu8_w8_eta2_a1_b10_Bt30_Bm50_Cb5_Cbl4_Co6",
  "best_score": 0.011361603625118732,
  "best": [
    128,
    8,
    74970,
    213063,
    8,
    2
  ],
  "Bmin": 74970,
  "B2": 213063,
  "W": 128,
  "mu": 8,
  "w": 8,
  "eta": 2,
  "alpha": 0.001,
  "beta": 0.1,
  "Btime": 1073741824,
  "Bmemory": 1125899906842624,
  "Cbase": 32,
  "Cblock": 16,
  "Coracle": 64,
  "timestamp": 1762879269.8751664
}