{
  "status": "OK",
  "group_id": "W128_mu32_w4_eta2_a1_b15_Bt30_Bm50_Cb5_Cbl4_Co6",
  "best_score": 0.03012434020638466,
  "best": [
    128,
    32,
    113865,
    189709,
    4,
    2
  ],
  "Bmin": 113865,
  "B2": 189709,
  "W": 128,
  "mu": 32,
  "w": 4,
  "eta": 2,
  "alpha": 0.001,
  "beta": 0.15,
  "Btime": 1073741824,
  "Bmemory": 1125899906842624,
  "Cbase": 32,
  "Cblock": 16,
  "Coracle": 64,
  "timestamp": 1762863319.560003
}