{
  "status": "OK",
  "group_id": "W128_mu64_w4_eta4_a1_b5_Bt30_Bm50_Cb5_Cbl4_Co6",
  "best_score": 0.2151477336883545,
  "best": [
    128,
    64,
    36230,
    185966,
    4,
    4
  ],
  "Bmin": 36230,
  "B2": 185966,
  "W": 128,
  "mu": 64,
  "w": 4,
  "eta": 4,
  "alpha": 0.001,
  "beta": 0.05,
  "Btime": 1073741824,
  "Bmemory": 1125899906842624,
  "Cbase": 32,
  "Cblock": 16,
  "Coracle": 64,
  "timestamp": 1762873301.2240245
}