{
  "status": "OK",
  "group_id": "W128_mu2_w8_eta2_a1_b10_Bt30_Bm50_Cb5_Cbl4_Co6",
  "best_score": 0.009152768179774284,
  "best": [
    128,
    2,
    74970,
    259095,
    8,
    2
  ],
  "Bmin": 74970,
  "B2": 259095,
  "W": 128,
  "mu": 2,
  "w": 8,
  "eta": 2,
  "alpha": 0.001,
  "beta": 0.1,
  "Btime": 1073741824,
  "Bmemory": 1125899906842624,
  "Cbase": 32,
  "Cblock": 16,
  "Coracle": 64,
  "timestamp": 1762878810.4167974
}