{
  "status": "OK",
  "group_id": "W128_mu4_w4_eta4_a1_b3_Bt50_Bm30_Cb5_Cbl4_Co6",
  "best_score": 0.19397319853305817,
  "best": [
    128,
    4,
    21594,
    538060,
    4,
    4
  ],
  "Bmin": 21594,
  "B2": 538060,
  "W": 128,
  "mu": 4,
  "w": 4,
  "eta": 4,
  "alpha": 0.001,
  "beta": 0.03,
  "Btime": 1125899906842624,
  "Bmemory": 1073741824,
  "Cbase": 32,
  "Cblock": 16,
  "Coracle": 64,
  "timestamp": 1762876217.639314
}