{
  "status": "OK",
  "group_id": "W128_mu8_w4_eta16_a1_b25_Bt30_Bm50_Cb5_Cbl4_Co6",
  "best_score": 0.0064036170952022076,
  "best": [
    128,
    8,
    194855,
    264120,
    4,
    16
  ],
  "Bmin": 194855,
  "B2": 264120,
  "W": 128,
  "mu": 8,
  "w": 4,
  "eta": 16,
  "alpha": 0.001,
  "beta": 0.25,
  "Btime": 1073741824,
  "Bmemory": 1125899906842624,
  "Cbase": 32,
  "Cblock": 16,
  "Coracle": 64,
  "timestamp": 1762878734.1211758
}