{
  "status": "OK",
  "group_id": "W128_mu32_w8_eta4_a1_b10_Bt30_Bm50_Cb5_Cbl4_Co6",
  "best_score": 0.025389892980456352,
  "best": [
    128,
    32,
    74968,
    259095,
    8,
    4
  ],
  "Bmin": 74968,
  "B2": 259095,
  "W": 128,
  "mu": 32,
  "w": 8,
  "eta": 4,
  "alpha": 0.001,
  "beta": 0.1,
  "Btime": 1073741824,
  "Bmemory": 1125899906842624,
  "Cbase": 32,
  "Cblock": 16,
  "Coracle": 64,
  "timestamp": 1762883657.6948433
}