{
  "status": "OK",
  "group_id": "W128_mu2_w8_eta8_a1_b20_Bt30_Bm50_Cb5_Cbl4_Co6",
  "best_score": 0.0039041279815137386,
  "best": [
    128,
    2,
    153840,
    186008,
    8,
    8
  ],
  "Bmin": 153840,
  "B2": 186008,
  "W": 128,
  "mu": 2,
  "w": 8,
  "eta": 8,
  "alpha": 0.001,
  "beta": 0.2,
  "Btime": 1073741824,
  "Bmemory": 1125899906842624,
  "Cbase": 32,
  "Cblock": 16,
  "Coracle": 64,
  "timestamp": 1762885056.6993566
}