{
  "status": "OK",
  "group_id": "W128_mu32_w4_eta2_a1_b25_Bt30_Bm50_Cb5_Cbl4_Co6",
  "best_score": 0.008134405128657818,
  "best": [
    128,
    32,
    194852,
    250264,
    4,
    2
  ],
  "Bmin": 194852,
  "B2": 250264,
  "W": 128,
  "mu": 32,
  "w": 4,
  "eta": 2,
  "alpha": 0.001,
  "beta": 0.25,
  "Btime": 1073741824,
  "Bmemory": 1125899906842624,
  "Cbase": 32,
  "Cblock": 16,
  "Coracle": 64,
  "timestamp": 1762864376.9912157
}