{
  "status": "OK",
  "group_id": "W128_mu64_w4_eta2_a1_b15_Bt30_Bm30_Cb5_Cbl4_Co6",
  "best_score": 0.3139473497867584,
  "best": [
    128,
    64,
    113865,
    170749,
    4,
    2
  ],
  "Bmin": 113865,
  "B2": 170749,
  "W": 128,
  "mu": 64,
  "w": 4,
  "eta": 2,
  "alpha": 0.001,
  "beta": 0.15,
  "Btime": 1073741824,
  "Bmemory": 1073741824,
  "Cbase": 32,
  "Cblock": 16,
  "Coracle": 64,
  "timestamp": 1762836259.694911
}