{
  "status": "OK",
  "group_id": "W128_mu8_w4_eta4_a1_b3_Bt30_Bm30_Cb5_Cbl4_Co6",
  "best_score": 0.1999608427286148,
  "best": [
    128,
    8,
    21594,
    401851,
    4,
    4
  ],
  "Bmin": 21594,
  "B2": 401851,
  "W": 128,
  "mu": 8,
  "w": 4,
  "eta": 4,
  "alpha": 0.001,
  "beta": 0.03,
  "Btime": 1073741824,
  "Bmemory": 1073741824,
  "Cbase": 32,
  "Cblock": 16,
  "Coracle": 64,
  "timestamp": 1762837696.2517874
}