{
  "status": "OK",
  "group_id": "W128_mu16_w8_eta2_a1_b10_Bt30_Bm30_Cb5_Cbl4_Co6",
  "best_score": 0.01766218990087509,
  "best": [
    128,
    16,
    74970,
    190048,
    8,
    2
  ],
  "Bmin": 74970,
  "B2": 190048,
  "W": 128,
  "mu": 16,
  "w": 8,
  "eta": 2,
  "alpha": 0.001,
  "beta": 0.1,
  "Btime": 1073741824,
  "Bmemory": 1073741824,
  "Cbase": 32,
  "Cblock": 16,
  "Coracle": 64,
  "timestamp": 1762843984.8689764
}