{
  "status": "OK",
  "group_id": "W128_mu2_w8_eta2_a1_b5_Bt30_Bm50_Cb5_Cbl4_Co6",
  "best_score": 0.14845500886440277,
  "best": [
    128,
    2,
    36230,
    275809,
    8,
    2
  ],
  "Bmin": 36230,
  "B2": 275809,
  "W": 128,
  "mu": 2,
  "w": 8,
  "eta": 2,
  "alpha": 0.001,
  "beta": 0.05,
  "Btime": 1073741824,
  "Bmemory": 1125899906842624,
  "Cbase": 32,
  "Cblock": 16,
  "Coracle": 64,
  "timestamp": 1762878791.6823623
}