{
  "status": "OK",
  "group_id": "W128_mu8_w4_eta2_a1_b15_Bt50_Bm30_Cb5_Cbl4_Co6",
  "best_score": 0.005818856414407492,
  "best": [
    128,
    8,
    113865,
    514225,
    4,
    2
  ],
  "Bmin": 113865,
  "B2": 514225,
  "W": 128,
  "mu": 8,
  "w": 4,
  "eta": 2,
  "alpha": 0.001,
  "beta": 0.15,
  "Btime": 1125899906842624,
  "Bmemory": 1073741824,
  "Cbase": 32,
  "Cblock": 16,
  "Coracle": 64,
  "timestamp": 1762861208.3746686
}