{
  "status": "OK",
  "group_id": "W128_mu8_w16_eta4_a1_b3_Bt30_Bm50_Cb5_Cbl4_Co6",
  "best_score": 0.18915727734565735,
  "best": [
    128,
    8,
    21594,
    91706,
    16,
    4
  ],
  "Bmin": 21594,
  "B2": 91706,
  "W": 128,
  "mu": 8,
  "w": 16,
  "eta": 4,
  "alpha": 0.001,
  "beta": 0.03,
  "Btime": 1073741824,
  "Bmemory": 1125899906842624,
  "Cbase": 32,
  "Cblock": 16,
  "Coracle": 64,
  "timestamp": 1762887940.4853394
}