{
  "status": "OK",
  "group_id": "W192_mu32_w8_eta8_a1_b5_Bt50_Bm50_Cb5_Cbl4_Co6",
  "best_score": 0.035039134323596954,
  "best": [
    192,
    32,
    51240,
    376723,
    8,
    8
  ],
  "Bmin": 51240,
  "B2": 376723,
  "W": 192,
  "mu": 32,
  "w": 8,
  "eta": 8,
  "alpha": 0.001,
  "beta": 0.05,
  "Btime": 1125899906842624,
  "Bmemory": 1125899906842624,
  "Cbase": 32,
  "Cblock": 16,
  "Coracle": 64,
  "timestamp": 1763663335.7961621
}