{
  "status": "OK",
  "group_id": "W192_mu16_w16_eta4_a1_b15_Bt50_Bm30_Cb5_Cbl4_Co6",
  "best_score": 0.010653641074895859,
  "best": [
    192,
    16,
    161783,
    275549,
    16,
    4
  ],
  "Bmin": 161783,
  "B2": 275549,
  "W": 192,
  "mu": 16,
  "w": 16,
  "eta": 4,
  "alpha": 0.001,
  "beta": 0.15,
  "Btime": 1125899906842624,
  "Bmemory": 1073741824,
  "Cbase": 32,
  "Cblock": 16,
  "Coracle": 64,
  "timestamp": 1763679394.78634
}