{
  "status": "OK",
  "group_id": "W192_mu4_w4_eta8_a1_b5_Bt30_Bm30_Cb5_Cbl4_Co6",
  "best_score": 0.021631501615047455,
  "best": [
    192,
    4,
    51239,
    376722,
    4,
    8
  ],
  "Bmin": 51239,
  "B2": 376722,
  "W": 192,
  "mu": 4,
  "w": 4,
  "eta": 8,
  "alpha": 0.001,
  "beta": 0.05,
  "Btime": 1073741824,
  "Bmemory": 1073741824,
  "Cbase": 32,
  "Cblock": 16,
  "Coracle": 64,
  "timestamp": 1762887098.3918166
}