{
  "status": "OK",
  "group_id": "W192_mu2_w4_eta8_a1_b10_Bt30_Bm50_Cb5_Cbl4_Co6",
  "best_score": 0.00633455254137516,
  "best": [
    192,
    2,
    106796,
    334907,
    4,
    8
  ],
  "Bmin": 106796,
  "B2": 334907,
  "W": 192,
  "mu": 2,
  "w": 4,
  "eta": 8,
  "alpha": 0.001,
  "beta": 0.1,
  "Btime": 1073741824,
  "Bmemory": 1125899906842624,
  "Cbase": 32,
  "Cblock": 16,
  "Coracle": 64,
  "timestamp": 1763521545.2014644
}