{
  "status": "OK",
  "group_id": "W192_mu16_w4_eta8_a1_b15_Bt30_Bm50_Cb5_Cbl4_Co6",
  "best_score": 0.0073183574713766575,
  "best": [
    192,
    16,
    161782,
    507435,
    4,
    8
  ],
  "Bmin": 161782,
  "B2": 507435,
  "W": 192,
  "mu": 16,
  "w": 4,
  "eta": 8,
  "alpha": 0.001,
  "beta": 0.15,
  "Btime": 1073741824,
  "Bmemory": 1125899906842624,
  "Cbase": 32,
  "Cblock": 16,
  "Coracle": 64,
  "timestamp": 1763525313.959334
}