{
  "status": "OK",
  "group_id": "W192_mu2_w16_eta4_a1_b15_Bt50_Bm50_Cb5_Cbl4_Co6",
  "best_score": 0.0035858899354934692,
  "best": [
    192,
    2,
    161783,
    218666,
    16,
    4
  ],
  "Bmin": 161783,
  "B2": 218666,
  "W": 192,
  "mu": 2,
  "w": 16,
  "eta": 4,
  "alpha": 0.001,
  "beta": 0.15,
  "Btime": 1125899906842624,
  "Bmemory": 1125899906842624,
  "Cbase": 32,
  "Cblock": 16,
  "Coracle": 64,
  "timestamp": 1763678853.72865
}