{
  "status": "OK",
  "group_id": "W192_mu16_w4_eta4_a1_b10_Bt50_Bm30_Cb5_Cbl4_Co6",
  "best_score": 0.011222041212022305,
  "best": [
    192,
    16,
    106797,
    608027,
    4,
    4
  ],
  "Bmin": 106797,
  "B2": 608027,
  "W": 192,
  "mu": 16,
  "w": 4,
  "eta": 4,
  "alpha": 0.001,
  "beta": 0.1,
  "Btime": 1125899906842624,
  "Bmemory": 1073741824,
  "Cbase": 32,
  "Cblock": 16,
  "Coracle": 64,
  "timestamp": 1763502198.9764595
}