{
  "status": "OK",
  "group_id": "W192_mu4_w8_eta8_a1_b3_Bt50_Bm30_Cb5_Cbl4_Co6",
  "best_score": 0.05003875121474266,
  "best": [
    192,
    4,
    31392,
    170276,
    8,
    8
  ],
  "Bmin": 31392,
  "B2": 170276,
  "W": 192,
  "mu": 4,
  "w": 8,
  "eta": 8,
  "alpha": 0.001,
  "beta": 0.03,
  "Btime": 1125899906842624,
  "Bmemory": 1073741824,
  "Cbase": 32,
  "Cblock": 16,
  "Coracle": 64,
  "timestamp": 1763661889.4798393
}