{
  "status": "OK",
  "group_id": "W192_mu32_w4_eta4_a1_b20_Bt30_Bm30_Cb5_Cbl4_Co6",
  "best_score": 0.00786203145980835,
  "best": [
    192,
    32,
    219884,
    284223,
    4,
    4
  ],
  "Bmin": 219884,
  "B2": 284223,
  "W": 192,
  "mu": 32,
  "w": 4,
  "eta": 4,
  "alpha": 0.001,
  "beta": 0.2,
  "Btime": 1073741824,
  "Bmemory": 1073741824,
  "Cbase": 32,
  "Cblock": 16,
  "Coracle": 64,
  "timestamp": 1762882575.8393724
}