{
  "status": "OK",
  "group_id": "W192_mu8_w8_eta2_a1_b20_Bt30_Bm50_Cb5_Cbl4_Co6",
  "best_score": 0.0015906654298305511,
  "best": [
    192,
    8,
    219884,
    300306,
    8,
    2
  ],
  "Bmin": 219884,
  "B2": 300306,
  "W": 192,
  "mu": 8,
  "w": 8,
  "eta": 2,
  "alpha": 0.001,
  "beta": 0.2,
  "Btime": 1073741824,
  "Bmemory": 1125899906842624,
  "Cbase": 32,
  "Cblock": 16,
  "Coracle": 64,
  "timestamp": 1763627259.6828694
}