{
  "status": "OK",
  "group_id": "W192_mu2_w4_eta2_a1_b20_Bt30_Bm30_Cb5_Cbl4_Co6",
  "best_score": 0.0006988917593844235,
  "best": [
    192,
    2,
    219887,
    348563,
    4,
    2
  ],
  "Bmin": 219887,
  "B2": 348563,
  "W": 192,
  "mu": 2,
  "w": 4,
  "eta": 2,
  "alpha": 0.001,
  "beta": 0.2,
  "Btime": 1073741824,
  "Bmemory": 1073741824,
  "Cbase": 32,
  "Cblock": 16,
  "Coracle": 64,
  "timestamp": 1762856965.2741754
}