{
  "status": "OK",
  "group_id": "W192_mu32_w4_eta2_a1_b20_Bt50_Bm30_Cb5_Cbl4_Co6",
  "best_score": 0.008782054297626019,
  "best": [
    192,
    32,
    219887,
    364645,
    4,
    2
  ],
  "Bmin": 219887,
  "B2": 364645,
  "W": 192,
  "mu": 32,
  "w": 4,
  "eta": 2,
  "alpha": 0.001,
  "beta": 0.2,
  "Btime": 1125899906842624,
  "Bmemory": 1073741824,
  "Cbase": 32,
  "Cblock": 16,
  "Coracle": 64,
  "timestamp": 1763466331.788718
}