{
  "status": "OK",
  "group_id": "W192_mu64_w16_eta2_a1_b25_Bt50_Bm50_Cb5_Cbl4_Co6",
  "best_score": 0.05445128306746483,
  "best": [
    192,
    64,
    293394,
    515041,
    16,
    2
  ],
  "Bmin": 293394,
  "B2": 515041,
  "W": 192,
  "mu": 64,
  "w": 16,
  "eta": 2,
  "alpha": 0.001,
  "beta": 0.25,
  "Btime": 1125899906842624,
  "Bmemory": 1125899906842624,
  "Cbase": 32,
  "Cblock": 16,
  "Coracle": 64,
  "timestamp": 1763678788.7803795
}