{
  "status": "OK",
  "group_id": "W192_mu16_w16_eta2_a1_b15_Bt30_Bm30_Cb5_Cbl4_Co6",
  "best_score": 0.009862779639661312,
  "best": [
    192,
    16,
    161782,
    256588,
    16,
    2
  ],
  "Bmin": 161782,
  "B2": 256588,
  "W": 192,
  "mu": 16,
  "w": 16,
  "eta": 2,
  "alpha": 0.001,
  "beta": 0.15,
  "Btime": 1073741824,
  "Bmemory": 1073741824,
  "Cbase": 32,
  "Cblock": 16,
  "Coracle": 64,
  "timestamp": 1763669888.8209379
}