{
  "status": "OK",
  "group_id": "W192_mu64_w4_eta2_a1_b3_Bt50_Bm50_Cb5_Cbl4_Co6",
  "best_score": 0.8971378207206726,
  "best": [
    192,
    64,
    31395,
    310500,
    4,
    2
  ],
  "Bmin": 31395,
  "B2": 310500,
  "W": 192,
  "mu": 64,
  "w": 4,
  "eta": 2,
  "alpha": 0.001,
  "beta": 0.03,
  "Btime": 1125899906842624,
  "Bmemory": 1125899906842624,
  "Cbase": 32,
  "Cblock": 16,
  "Coracle": 64,
  "timestamp": 1763474513.2144248
}