{
  "status": "OK",
  "group_id": "W192_mu32_w8_eta2_a1_b15_Bt50_Bm30_Cb5_Cbl4_Co6",
  "best_score": 0.022960389032959938,
  "best": [
    192,
    32,
    161781,
    389315,
    8,
    2
  ],
  "Bmin": 161781,
  "B2": 389315,
  "W": 192,
  "mu": 32,
  "w": 8,
  "eta": 2,
  "alpha": 0.001,
  "beta": 0.15,
  "Btime": 1125899906842624,
  "Bmemory": 1073741824,
  "Cbase": 32,
  "Cblock": 16,
  "Coracle": 64,
  "timestamp": 1763633003.3015137
}