{
  "status": "OK",
  "group_id": "W192_mu16_w4_eta4_a1_b5_Bt50_Bm50_Cb5_Cbl4_Co6",
  "best_score": 0.04065007343888283,
  "best": [
    192,
    16,
    51238,
    616300,
    4,
    4
  ],
  "Bmin": 51238,
  "B2": 616300,
  "W": 192,
  "mu": 16,
  "w": 4,
  "eta": 4,
  "alpha": 0.001,
  "beta": 0.05,
  "Btime": 1125899906842624,
  "Bmemory": 1125899906842624,
  "Cbase": 32,
  "Cblock": 16,
  "Coracle": 64,
  "timestamp": 1763501776.7163374
}