{
  "status": "OK",
  "group_id": "W192_mu4_w4_eta16_a1_b20_Bt50_Bm30_Cb5_Cbl4_Co6",
  "best_score": 0.0019218790112063289,
  "best": [
    192,
    4,
    219885,
    268139,
    4,
    16
  ],
  "Bmin": 219885,
  "B2": 268139,
  "W": 192,
  "mu": 4,
  "w": 4,
  "eta": 16,
  "alpha": 0.001,
  "beta": 0.2,
  "Btime": 1125899906842624,
  "Bmemory": 1073741824,
  "Cbase": 32,
  "Cblock": 16,
  "Coracle": 64,
  "timestamp": 1763623958.2541037
}