{
  "status": "OK",
  "group_id": "W192_mu2_w8_eta8_a1_b10_Bt30_Bm30_Cb5_Cbl4_Co6",
  "best_score": 0.008883009664714336,
  "best": [
    192,
    2,
    106794,
    175842,
    8,
    8
  ],
  "Bmin": 106794,
  "B2": 175842,
  "W": 192,
  "mu": 2,
  "w": 8,
  "eta": 8,
  "alpha": 0.001,
  "beta": 0.1,
  "Btime": 1073741824,
  "Bmemory": 1073741824,
  "Cbase": 32,
  "Cblock": 16,
  "Coracle": 64,
  "timestamp": 1763661832.363755
}