{
  "status": "OK",
  "group_id": "W192_mu8_w4_eta4_a1_b15_Bt30_Bm50_Cb5_Cbl4_Co6",
  "best_score": 0.0030524402391165495,
  "best": [
    192,
    8,
    161781,
    305078,
    4,
    4
  ],
  "Bmin": 161781,
  "B2": 305078,
  "W": 192,
  "mu": 8,
  "w": 4,
  "eta": 4,
  "alpha": 0.001,
  "beta": 0.15,
  "Btime": 1073741824,
  "Bmemory": 1125899906842624,
  "Cbase": 32,
  "Cblock": 16,
  "Coracle": 64,
  "timestamp": 1763498586.6213715
}