{
  "status": "OK",
  "group_id": "W192_mu64_w8_eta2_a1_b3_Bt50_Bm50_Cb5_Cbl4_Co6",
  "best_score": 0.19604618847370148,
  "best": [
    192,
    64,
    31392,
    412988,
    8,
    2
  ],
  "Bmin": 31392,
  "B2": 412988,
  "W": 192,
  "mu": 64,
  "w": 8,
  "eta": 2,
  "alpha": 0.001,
  "beta": 0.03,
  "Btime": 1125899906842624,
  "Bmemory": 1125899906842624,
  "Cbase": 32,
  "Cblock": 16,
  "Coracle": 64,
  "timestamp": 1763636693.1649034
}