{
  "status": "OK",
  "group_id": "W192_mu8_w4_eta16_a1_b3_Bt50_Bm50_Cb5_Cbl4_Co6",
  "best_score": 0.040088508278131485,
  "best": [
    192,
    8,
    31392,
    342878,
    4,
    16
  ],
  "Bmin": 31392,
  "B2": 342878,
  "W": 192,
  "mu": 8,
  "w": 4,
  "eta": 16,
  "alpha": 0.001,
  "beta": 0.03,
  "Btime": 1125899906842624,
  "Bmemory": 1125899906842624,
  "Cbase": 32,
  "Cblock": 16,
  "Coracle": 64,
  "timestamp": 1763624031.1677973
}