{
  "status": "OK",
  "group_id": "W192_mu4_w4_eta4_a1_b20_Bt30_Bm50_Cb5_Cbl4_Co6",
  "best_score": 0.0008433788316324353,
  "best": [
    192,
    4,
    219884,
    348561,
    4,
    4
  ],
  "Bmin": 219884,
  "B2": 348561,
  "W": 192,
  "mu": 4,
  "w": 4,
  "eta": 4,
  "alpha": 0.001,
  "beta": 0.2,
  "Btime": 1073741824,
  "Bmemory": 1125899906842624,
  "Cbase": 32,
  "Cblock": 16,
  "Coracle": 64,
  "timestamp": 1763496339.1348333
}