{
  "status": "OK",
  "group_id": "W192_mu32_w8_eta4_a1_b10_Bt30_Bm30_Cb5_Cbl4_Co6",
  "best_score": 0.02185577154159546,
  "best": [
    192,
    32,
    106796,
    244889,
    8,
    4
  ],
  "Bmin": 106796,
  "B2": 244889,
  "W": 192,
  "mu": 32,
  "w": 8,
  "eta": 4,
  "alpha": 0.001,
  "beta": 0.1,
  "Btime": 1073741824,
  "Bmemory": 1073741824,
  "Cbase": 32,
  "Cblock": 16,
  "Coracle": 64,
  "timestamp": 1763650062.445928
}