{
  "status": "OK",
  "group_id": "W192_mu64_w8_eta8_a1_b15_Bt30_Bm30_Cb5_Cbl4_Co6",
  "best_score": 0.04425841197371483,
  "best": [
    192,
    64,
    161783,
    526396,
    8,
    8
  ],
  "Bmin": 161783,
  "B2": 526396,
  "W": 192,
  "mu": 64,
  "w": 8,
  "eta": 8,
  "alpha": 0.001,
  "beta": 0.15,
  "Btime": 1073741824,
  "Bmemory": 1073741824,
  "Cbase": 32,
  "Cblock": 16,
  "Coracle": 64,
  "timestamp": 1763666345.3111598
}