{
  "status": "OK",
  "group_id": "W192_mu4_w4_eta8_a1_b25_Bt50_Bm50_Cb5_Cbl4_Co6",
  "best_score": 0.0003694561601150781,
  "best": [
    192,
    4,
    293394,
    481206,
    4,
    8
  ],
  "Bmin": 293394,
  "B2": 481206,
  "W": 192,
  "mu": 4,
  "w": 4,
  "eta": 8,
  "alpha": 0.001,
  "beta": 0.25,
  "Btime": 1125899906842624,
  "Bmemory": 1125899906842624,
  "Cbase": 32,
  "Cblock": 16,
  "Coracle": 64,
  "timestamp": 1763522037.9326751
}