{
  "status": "OK",
  "group_id": "W192_mu8_w8_eta4_a1_b3_Bt50_Bm30_Cb5_Cbl4_Co6",
  "best_score": 0.09703361243009567,
  "best": [
    192,
    8,
    31393,
    444030,
    8,
    4
  ],
  "Bmin": 31393,
  "B2": 444030,
  "W": 192,
  "mu": 8,
  "w": 8,
  "eta": 4,
  "alpha": 0.001,
  "beta": 0.03,
  "Btime": 1125899906842624,
  "Bmemory": 1073741824,
  "Cbase": 32,
  "Cblock": 16,
  "Coracle": 64,
  "timestamp": 1763646291.5935853
}