{
  "status": "OK",
  "group_id": "W192_mu64_w16_eta4_a1_b3_Bt50_Bm50_Cb5_Cbl4_Co6",
  "best_score": 0.06368577480316162,
  "best": [
    192,
    64,
    31392,
    342878,
    16,
    4
  ],
  "Bmin": 31392,
  "B2": 342878,
  "W": 192,
  "mu": 64,
  "w": 16,
  "eta": 4,
  "alpha": 0.001,
  "beta": 0.03,
  "Btime": 1125899906842624,
  "Bmemory": 1125899906842624,
  "Cbase": 32,
  "Cblock": 16,
  "Coracle": 64,
  "timestamp": 1763680925.9984894
}