{
  "status": "OK",
  "group_id": "W192_mu2_w16_eta4_a1_b20_Bt50_Bm50_Cb5_Cbl4_Co6",
  "best_score": 0.0017440374940633774,
  "best": [
    192,
    2,
    219885,
    268139,
    16,
    4
  ],
  "Bmin": 219885,
  "B2": 268139,
  "W": 192,
  "mu": 2,
  "w": 16,
  "eta": 4,
  "alpha": 0.001,
  "beta": 0.2,
  "Btime": 1125899906842624,
  "Bmemory": 1125899906842624,
  "Cbase": 32,
  "Cblock": 16,
  "Coracle": 64,
  "timestamp": 1763678871.3327117
}