{
  "status": "OK",
  "group_id": "W192_mu8_w16_eta2_a1_b5_Bt30_Bm50_Cb5_Cbl4_Co6",
  "best_score": 0.03419201821088791,
  "best": [
    192,
    8,
    51239,
    260871,
    16,
    2
  ],
  "Bmin": 51239,
  "B2": 260871,
  "W": 192,
  "mu": 8,
  "w": 16,
  "eta": 2,
  "alpha": 0.001,
  "beta": 0.05,
  "Btime": 1073741824,
  "Bmemory": 1125899906842624,
  "Cbase": 32,
  "Cblock": 16,
  "Coracle": 64,
  "timestamp": 1763668696.364561
}