{
  "status": "OK",
  "group_id": "W192_mu8_w4_eta2_a1_b15_Bt50_Bm50_Cb5_Cbl4_Co6",
  "best_score": 0.002836876781657338,
  "best": [
    192,
    8,
    161784,
    408277,
    4,
    2
  ],
  "Bmin": 161784,
  "B2": 408277,
  "W": 192,
  "mu": 8,
  "w": 4,
  "eta": 2,
  "alpha": 0.001,
  "beta": 0.15,
  "Btime": 1125899906842624,
  "Bmemory": 1125899906842624,
  "Cbase": 32,
  "Cblock": 16,
  "Coracle": 64,
  "timestamp": 1763446597.966856
}