{
  "status": "OK",
  "group_id": "W192_mu16_w16_eta4_a1_b20_Bt50_Bm50_Cb5_Cbl4_Co6",
  "best_score": 0.004394985269755125,
  "best": [
    192,
    16,
    219885,
    316392,
    16,
    4
  ],
  "Bmin": 219885,
  "B2": 316392,
  "W": 192,
  "mu": 16,
  "w": 16,
  "eta": 4,
  "alpha": 0.001,
  "beta": 0.2,
  "Btime": 1125899906842624,
  "Bmemory": 1125899906842624,
  "Cbase": 32,
  "Cblock": 16,
  "Coracle": 64,
  "timestamp": 1763679478.1129348
}