{
  "status": "OK",
  "group_id": "W192_mu64_w16_eta4_a1_b25_Bt50_Bm50_Cb5_Cbl4_Co6",
  "best_score": 0.05165017768740654,
  "best": [
    192,
    64,
    293394,
    390363,
    16,
    4
  ],
  "Bmin": 293394,
  "B2": 390363,
  "W": 192,
  "mu": 64,
  "w": 16,
  "eta": 4,
  "alpha": 0.001,
  "beta": 0.25,
  "Btime": 1125899906842624,
  "Bmemory": 1125899906842624,
  "Cbase": 32,
  "Cblock": 16,
  "Coracle": 64,
  "timestamp": 1763682773.0623085
}