{
  "status": "OK",
  "group_id": "W192_mu8_w16_eta2_a1_b3_Bt50_Bm30_Cb5_Cbl4_Co6",
  "best_score": 0.08821002393960953,
  "best": [
    192,
    8,
    31393,
    275444,
    16,
    2
  ],
  "Bmin": 31393,
  "B2": 275444,
  "W": 192,
  "mu": 8,
  "w": 16,
  "eta": 2,
  "alpha": 0.001,
  "beta": 0.03,
  "Btime": 1125899906842624,
  "Bmemory": 1073741824,
  "Cbase": 32,
  "Cblock": 16,
  "Coracle": 64,
  "timestamp": 1763668611.9829373
}