{
  "status": "OK",
  "group_id": "W192_mu32_w8_eta2_a1_b10_Bt50_Bm30_Cb5_Cbl4_Co6",
  "best_score": 0.031007198616862297,
  "best": [
    192,
    32,
    106797,
    358946,
    8,
    2
  ],
  "Bmin": 106797,
  "B2": 358946,
  "W": 192,
  "mu": 32,
  "w": 8,
  "eta": 2,
  "alpha": 0.001,
  "beta": 0.1,
  "Btime": 1125899906842624,
  "Bmemory": 1073741824,
  "Cbase": 32,
  "Cblock": 16,
  "Coracle": 64,
  "timestamp": 1763632256.586667
}