{
  "status": "OK",
  "group_id": "W192_mu32_w16_eta4_a1_b25_Bt50_Bm30_Cb5_Cbl4_Co6",
  "best_score": 0.006897906307131052,
  "best": [
    192,
    32,
    293394,
    376510,
    16,
    4
  ],
  "Bmin": 293394,
  "B2": 376510,
  "W": 192,
  "mu": 32,
  "w": 16,
  "eta": 4,
  "alpha": 0.001,
  "beta": 0.25,
  "Btime": 1125899906842624,
  "Bmemory": 1073741824,
  "Cbase": 32,
  "Cblock": 16,
  "Coracle": 64,
  "timestamp": 1763680406.8513966
}