{
  "status": "OK",
  "group_id": "W192_mu32_w16_eta2_a1_b15_Bt30_Bm30_Cb5_Cbl4_Co6",
  "best_score": 0.024954549968242645,
  "best": [
    192,
    32,
    161782,
    256587,
    16,
    2
  ],
  "Bmin": 161782,
  "B2": 256587,
  "W": 192,
  "mu": 32,
  "w": 16,
  "eta": 2,
  "alpha": 0.001,
  "beta": 0.15,
  "Btime": 1073741824,
  "Bmemory": 1073741824,
  "Cbase": 32,
  "Cblock": 16,
  "Coracle": 64,
  "timestamp": 1763671890.8634899
}