{
  "status": "OK",
  "group_id": "W192_mu2_w4_eta16_a1_b3_Bt30_Bm30_Cb5_Cbl4_Co6",
  "best_score": 0.033781539648771286,
  "best": [
    192,
    2,
    31392,
    170276,
    4,
    16
  ],
  "Bmin": 31392,
  "B2": 170276,
  "W": 192,
  "mu": 2,
  "w": 4,
  "eta": 16,
  "alpha": 0.001,
  "beta": 0.03,
  "Btime": 1073741824,
  "Bmemory": 1073741824,
  "Cbase": 32,
  "Cblock": 16,
  "Coracle": 64,
  "timestamp": 1763436635.4574916
}