{
  "status": "OK",
  "group_id": "W192_mu2_w8_eta8_a1_b5_Bt50_Bm30_Cb5_Cbl4_Co6",
  "best_score": 0.02375437691807747,
  "best": [
    192,
    2,
    51240,
    141081,
    8,
    8
  ],
  "Bmin": 51240,
  "B2": 141081,
  "W": 192,
  "mu": 2,
  "w": 8,
  "eta": 8,
  "alpha": 0.001,
  "beta": 0.05,
  "Btime": 1125899906842624,
  "Bmemory": 1073741824,
  "Cbase": 32,
  "Cblock": 16,
  "Coracle": 64,
  "timestamp": 1763661827.3205466
}