{
  "status": "OK",
  "group_id": "W192_mu32_w4_eta4_a1_b5_Bt50_Bm50_Cb5_Cbl4_Co6",
  "best_score": 0.043833956122398376,
  "best": [
    192,
    32,
    51238,
    449224,
    4,
    4
  ],
  "Bmin": 51238,
  "B2": 449224,
  "W": 192,
  "mu": 32,
  "w": 4,
  "eta": 4,
  "alpha": 0.001,
  "beta": 0.05,
  "Btime": 1125899906842624,
  "Bmemory": 1125899906842624,
  "Cbase": 32,
  "Cblock": 16,
  "Coracle": 64,
  "timestamp": 1763506983.5341463
}