{
  "status": "OK",
  "group_id": "W192_mu4_w4_eta4_a1_b10_Bt50_Bm50_Cb5_Cbl4_Co6",
  "best_score": 0.005838272627443075,
  "best": [
    192,
    4,
    106797,
    564041,
    4,
    4
  ],
  "Bmin": 106797,
  "B2": 564041,
  "W": 192,
  "mu": 4,
  "w": 4,
  "eta": 4,
  "alpha": 0.001,
  "beta": 0.1,
  "Btime": 1125899906842624,
  "Bmemory": 1125899906842624,
  "Cbase": 32,
  "Cblock": 16,
  "Coracle": 64,
  "timestamp": 1763496096.6716065
}