{
  "status": "OK",
  "group_id": "W192_mu8_w4_eta8_a1_b3_Bt30_Bm30_Cb5_Cbl4_Co6",
  "best_score": 0.04638393595814705,
  "best": [
    192,
    8,
    31393,
    620647,
    4,
    8
  ],
  "Bmin": 31393,
  "B2": 620647,
  "W": 192,
  "mu": 8,
  "w": 4,
  "eta": 8,
  "alpha": 0.001,
  "beta": 0.03,
  "Btime": 1073741824,
  "Bmemory": 1073741824,
  "Cbase": 32,
  "Cblock": 16,
  "Coracle": 64,
  "timestamp": 1762887343.981119
}