{
  "status": "OK",
  "group_id": "W192_mu16_w8_eta8_a1_b15_Bt50_Bm30_Cb5_Cbl4_Co6",
  "best_score": 0.01082330197095871,
  "best": [
    192,
    16,
    161783,
    324040,
    8,
    8
  ],
  "Bmin": 161783,
  "B2": 324040,
  "W": 192,
  "mu": 16,
  "w": 8,
  "eta": 8,
  "alpha": 0.001,
  "beta": 0.15,
  "Btime": 1125899906842624,
  "Bmemory": 1073741824,
  "Cbase": 32,
  "Cblock": 16,
  "Coracle": 64,
  "timestamp": 1763662618.568633
}