{
  "status": "OK",
  "group_id": "W192_mu32_w8_eta4_a1_b5_Bt50_Bm50_Cb5_Cbl4_Co6",
  "best_score": 0.04000018537044525,
  "best": [
    192,
    32,
    51239,
    654918,
    8,
    4
  ],
  "Bmin": 51239,
  "B2": 654918,
  "W": 192,
  "mu": 32,
  "w": 8,
  "eta": 4,
  "alpha": 0.001,
  "beta": 0.05,
  "Btime": 1125899906842624,
  "Bmemory": 1125899906842624,
  "Cbase": 32,
  "Cblock": 16,
  "Coracle": 64,
  "timestamp": 1763649981.0851893
}