{
  "status": "OK",
  "group_id": "W192_mu16_w4_eta2_a1_b20_Bt50_Bm30_Cb5_Cbl4_Co6",
  "best_score": 0.002077683573588729,
  "best": [
    192,
    16,
    219887,
    396814,
    4,
    2
  ],
  "Bmin": 219887,
  "B2": 396814,
  "W": 192,
  "mu": 16,
  "w": 4,
  "eta": 2,
  "alpha": 0.001,
  "beta": 0.2,
  "Btime": 1125899906842624,
  "Bmemory": 1073741824,
  "Cbase": 32,
  "Cblock": 16,
  "Coracle": 64,
  "timestamp": 1763453849.396853
}