{
  "status": "OK",
  "group_id": "W192_mu64_w4_eta2_a1_b5_Bt50_Bm50_Cb5_Cbl4_Co6",
  "best_score": 0.8374032974243164,
  "best": [
    192,
    64,
    51238,
    290817,
    4,
    2
  ],
  "Bmin": 51238,
  "B2": 290817,
  "W": 192,
  "mu": 64,
  "w": 4,
  "eta": 2,
  "alpha": 0.001,
  "beta": 0.05,
  "Btime": 1125899906842624,
  "Bmemory": 1125899906842624,
  "Cbase": 32,
  "Cblock": 16,
  "Coracle": 64,
  "timestamp": 1763478827.9368486
}