{
  "status": "OK",
  "group_id": "W192_mu8_w8_eta4_a1_b15_Bt30_Bm30_Cb5_Cbl4_Co6",
  "best_score": 0.004546268843114376,
  "best": [
    192,
    8,
    161782,
    437807,
    8,
    4
  ],
  "Bmin": 161782,
  "B2": 437807,
  "W": 192,
  "mu": 8,
  "w": 8,
  "eta": 4,
  "alpha": 0.001,
  "beta": 0.15,
  "Btime": 1073741824,
  "Bmemory": 1073741824,
  "Cbase": 32,
  "Cblock": 16,
  "Coracle": 64,
  "timestamp": 1763440011.1567068
}