{
  "status": "OK",
  "group_id": "W192_mu64_w8_eta2_a1_b5_Bt50_Bm50_Cb5_Cbl4_Co6",
  "best_score": 0.11290761828422546,
  "best": [
    192,
    64,
    51238,
    350712,
    8,
    2
  ],
  "Bmin": 51238,
  "B2": 350712,
  "W": 192,
  "mu": 64,
  "w": 8,
  "eta": 2,
  "alpha": 0.001,
  "beta": 0.05,
  "Btime": 1125899906842624,
  "Bmemory": 1125899906842624,
  "Cbase": 32,
  "Cblock": 16,
  "Coracle": 64,
  "timestamp": 1763638390.3201578
}