{
  "status": "OK",
  "group_id": "W192_mu4_w4_eta2_a1_b5_Bt30_Bm30_Cb5_Cbl4_Co6",
  "best_score": 0.03506413474678993,
  "best": [
    192,
    4,
    51238,
    200975,
    4,
    2
  ],
  "Bmin": 51238,
  "B2": 200975,
  "W": 192,
  "mu": 4,
  "w": 4,
  "eta": 2,
  "alpha": 0.001,
  "beta": 0.05,
  "Btime": 1073741824,
  "Bmemory": 1073741824,
  "Cbase": 32,
  "Cblock": 16,
  "Coracle": 64,
  "timestamp": 1762857170.2144375
}