{
  "status": "OK",
  "group_id": "W192_mu8_w8_eta8_a1_b3_Bt30_Bm30_Cb5_Cbl4_Co6",
  "best_score": 0.05366171896457672,
  "best": [
    192,
    8,
    31392,
    237711,
    8,
    8
  ],
  "Bmin": 31392,
  "B2": 237711,
  "W": 192,
  "mu": 8,
  "w": 8,
  "eta": 8,
  "alpha": 0.001,
  "beta": 0.03,
  "Btime": 1073741824,
  "Bmemory": 1073741824,
  "Cbase": 32,
  "Cblock": 16,
  "Coracle": 64,
  "timestamp": 1763661997.6314445
}