{
  "status": "OK",
  "group_id": "W192_mu8_w16_eta2_a1_b20_Bt30_Bm30_Cb5_Cbl4_Co6",
  "best_score": 0.0024433776270598173,
  "best": [
    192,
    8,
    219886,
    316392,
    16,
    2
  ],
  "Bmin": 219886,
  "B2": 316392,
  "W": 192,
  "mu": 8,
  "w": 16,
  "eta": 2,
  "alpha": 0.001,
  "beta": 0.2,
  "Btime": 1073741824,
  "Bmemory": 1073741824,
  "Cbase": 32,
  "Cblock": 16,
  "Coracle": 64,
  "timestamp": 1763668957.2325072
}