{
  "status": "OK",
  "group_id": "W192_mu4_w8_eta2_a1_b15_Bt50_Bm30_Cb5_Cbl4_Co6",
  "best_score": 0.0032221823930740356,
  "best": [
    192,
    4,
    161781,
    408278,
    8,
    2
  ],
  "Bmin": 161781,
  "B2": 408278,
  "W": 192,
  "mu": 4,
  "w": 8,
  "eta": 2,
  "alpha": 0.001,
  "beta": 0.15,
  "Btime": 1125899906842624,
  "Bmemory": 1073741824,
  "Cbase": 32,
  "Cblock": 16,
  "Coracle": 64,
  "timestamp": 1763625360.0772142
}