{
  "status": "OK",
  "group_id": "W192_mu16_w16_eta2_a1_b25_Bt50_Bm30_Cb5_Cbl4_Co6",
  "best_score": 0.001520905876532197,
  "best": [
    192,
    16,
    293394,
    459629,
    16,
    2
  ],
  "Bmin": 293394,
  "B2": 459629,
  "W": 192,
  "mu": 16,
  "w": 16,
  "eta": 2,
  "alpha": 0.001,
  "beta": 0.25,
  "Btime": 1125899906842624,
  "Bmemory": 1073741824,
  "Cbase": 32,
  "Cblock": 16,
  "Coracle": 64,
  "timestamp": 1763670427.47636
}