{
  "status": "OK",
  "group_id": "W192_mu64_w4_eta4_a1_b5_Bt30_Bm30_Cb5_Cbl4_Co6",
  "best_score": 0.08109129220247269,
  "best": [
    192,
    64,
    51238,
    171027,
    4,
    4
  ],
  "Bmin": 51238,
  "B2": 171027,
  "W": 192,
  "mu": 64,
  "w": 4,
  "eta": 4,
  "alpha": 0.001,
  "beta": 0.05,
  "Btime": 1073741824,
  "Bmemory": 1073741824,
  "Cbase": 32,
  "Cblock": 16,
  "Coracle": 64,
  "timestamp": 1762884278.3872592
}