{
  "status": "OK",
  "group_id": "W192_mu4_w4_eta2_a1_b15_Bt50_Bm50_Cb5_Cbl4_Co6",
  "best_score": 0.002208839636296034,
  "best": [
    192,
    4,
    161784,
    446199,
    4,
    2
  ],
  "Bmin": 161784,
  "B2": 446199,
  "W": 192,
  "mu": 4,
  "w": 4,
  "eta": 2,
  "alpha": 0.001,
  "beta": 0.15,
  "Btime": 1125899906842624,
  "Bmemory": 1125899906842624,
  "Cbase": 32,
  "Cblock": 16,
  "Coracle": 64,
  "timestamp": 1763443592.5598009
}