{
  "status": "OK",
  "group_id": "W192_mu2_w4_eta16_a1_b20_Bt30_Bm30_Cb5_Cbl4_Co6",
  "best_score": 0.0016460088081657887,
  "best": [
    192,
    2,
    219885,
    268139,
    4,
    16
  ],
  "Bmin": 219885,
  "B2": 268139,
  "W": 192,
  "mu": 2,
  "w": 4,
  "eta": 16,
  "alpha": 0.001,
  "beta": 0.2,
  "Btime": 1073741824,
  "Bmemory": 1073741824,
  "Cbase": 32,
  "Cblock": 16,
  "Coracle": 64,
  "timestamp": 1763436650.563429
}