{
  "status": "OK",
  "group_id": "W192_mu64_w4_eta8_a1_b5_Bt50_Bm50_Cb5_Cbl4_Co6",
  "best_score": 0.0357801578938961,
  "best": [
    192,
    64,
    51239,
    1541527,
    4,
    8
  ],
  "Bmin": 51239,
  "B2": 1541527,
  "W": 192,
  "mu": 64,
  "w": 4,
  "eta": 8,
  "alpha": 0.001,
  "beta": 0.05,
  "Btime": 1125899906842624,
  "Bmemory": 1125899906842624,
  "Cbase": 32,
  "Cblock": 16,
  "Coracle": 64,
  "timestamp": 1763616370.581198
}