{
  "status": "OK",
  "group_id": "W192_mu8_w4_eta8_a1_b25_Bt50_Bm30_Cb5_Cbl4_Co6",
  "best_score": 0.0005378898931667209,
  "best": [
    192,
    8,
    293394,
    605883,
    4,
    8
  ],
  "Bmin": 293394,
  "B2": 605883,
  "W": 192,
  "mu": 8,
  "w": 4,
  "eta": 8,
  "alpha": 0.001,
  "beta": 0.25,
  "Btime": 1125899906842624,
  "Bmemory": 1073741824,
  "Cbase": 32,
  "Cblock": 16,
  "Coracle": 64,
  "timestamp": 1763523188.2635436
}