{
  "status": "OK",
  "group_id": "W192_mu32_w4_eta4_a1_b25_Bt50_Bm30_Cb5_Cbl4_Co6",
  "best_score": 0.0037073828279972076,
  "best": [
    192,
    32,
    293392,
    487331,
    4,
    4
  ],
  "Bmin": 293392,
  "B2": 487331,
  "W": 192,
  "mu": 32,
  "w": 4,
  "eta": 4,
  "alpha": 0.001,
  "beta": 0.25,
  "Btime": 1125899906842624,
  "Bmemory": 1073741824,
  "Cbase": 32,
  "Cblock": 16,
  "Coracle": 64,
  "timestamp": 1763510613.1130798
}