{
  "status": "OK",
  "group_id": "W192_mu64_w8_eta2_a1_b10_Bt50_Bm30_Cb5_Cbl4_Co6",
  "best_score": 0.05490925535559654,
  "best": [
    192,
    64,
    106797,
    336954,
    8,
    2
  ],
  "Bmin": 106797,
  "B2": 336954,
  "W": 192,
  "mu": 64,
  "w": 8,
  "eta": 2,
  "alpha": 0.001,
  "beta": 0.1,
  "Btime": 1125899906842624,
  "Bmemory": 1073741824,
  "Cbase": 32,
  "Cblock": 16,
  "Coracle": 64,
  "timestamp": 1763639525.1868918
}