{
  "status": "OK",
  "group_id": "W192_mu4_w16_eta4_a1_b10_Bt30_Bm30_Cb5_Cbl4_Co6",
  "best_score": 0.007597915828227997,
  "best": [
    192,
    4,
    106794,
    175842,
    16,
    4
  ],
  "Bmin": 106794,
  "B2": 175842,
  "W": 192,
  "mu": 4,
  "w": 16,
  "eta": 4,
  "alpha": 0.001,
  "beta": 0.1,
  "Btime": 1073741824,
  "Bmemory": 1073741824,
  "Cbase": 32,
  "Cblock": 16,
  "Coracle": 64,
  "timestamp": 1763678937.1063578
}