{
  "status": "OK",
  "group_id": "W192_mu2_w8_eta2_a1_b15_Bt50_Bm30_Cb5_Cbl4_Co6",
  "best_score": 0.0028168074786663055,
  "best": [
    192,
    2,
    161781,
    389317,
    8,
    2
  ],
  "Bmin": 161781,
  "B2": 389317,
  "W": 192,
  "mu": 2,
  "w": 8,
  "eta": 2,
  "alpha": 0.001,
  "beta": 0.15,
  "Btime": 1125899906842624,
  "Bmemory": 1073741824,
  "Cbase": 32,
  "Cblock": 16,
  "Coracle": 64,
  "timestamp": 1763624648.5130706
}