{
  "status": "OK",
  "group_id": "W192_mu64_w4_eta4_a1_b25_Bt50_Bm30_Cb5_Cbl4_Co6",
  "best_score": 0.030688798055052757,
  "best": [
    192,
    64,
    293392,
    445772,
    4,
    4
  ],
  "Bmin": 293392,
  "B2": 445772,
  "W": 192,
  "mu": 64,
  "w": 4,
  "eta": 4,
  "alpha": 0.001,
  "beta": 0.25,
  "Btime": 1125899906842624,
  "Bmemory": 1073741824,
  "Cbase": 32,
  "Cblock": 16,
  "Coracle": 64,
  "timestamp": 1763520827.4482844
}