{
  "status": "OK",
  "group_id": "W192_mu2_w4_eta4_a1_b25_Bt30_Bm50_Cb5_Cbl4_Co6",
  "best_score": 0.00025656865909695625,
  "best": [
    192,
    2,
    293392,
    459626,
    4,
    4
  ],
  "Bmin": 293392,
  "B2": 459626,
  "W": 192,
  "mu": 2,
  "w": 4,
  "eta": 4,
  "alpha": 0.001,
  "beta": 0.25,
  "Btime": 1073741824,
  "Bmemory": 1125899906842624,
  "Cbase": 32,
  "Cblock": 16,
  "Coracle": 64,
  "timestamp": 1763495397.7646022
}