{
  "status": "OK",
  "group_id": "W192_mu4_w16_eta2_a1_b20_Bt50_Bm50_Cb5_Cbl4_Co6",
  "best_score": 0.0018024953315034509,
  "best": [
    192,
    4,
    219886,
    316392,
    16,
    2
  ],
  "Bmin": 219886,
  "B2": 316392,
  "W": 192,
  "mu": 4,
  "w": 16,
  "eta": 2,
  "alpha": 0.001,
  "beta": 0.2,
  "Btime": 1125899906842624,
  "Bmemory": 1125899906842624,
  "Cbase": 32,
  "Cblock": 16,
  "Coracle": 64,
  "timestamp": 1763668461.2929778
}