{
  "status": "OK",
  "group_id": "W192_mu8_w4_eta4_a1_b10_Bt30_Bm30_Cb5_Cbl4_Co6",
  "best_score": 0.006709907669574022,
  "best": [
    192,
    8,
    106797,
    266883,
    4,
    4
  ],
  "Bmin": 106797,
  "B2": 266883,
  "W": 192,
  "mu": 8,
  "w": 4,
  "eta": 4,
  "alpha": 0.001,
  "beta": 0.1,
  "Btime": 1073741824,
  "Bmemory": 1073741824,
  "Cbase": 32,
  "Cblock": 16,
  "Coracle": 64,
  "timestamp": 1762879283.1129255
}