{
  "status": "OK",
  "group_id": "W192_mu32_w4_eta8_a1_b25_Bt30_Bm50_Cb5_Cbl4_Co6",
  "best_score": 0.003939205314964056,
  "best": [
    192,
    32,
    293394,
    404217,
    4,
    8
  ],
  "Bmin": 293394,
  "B2": 404217,
  "W": 192,
  "mu": 32,
  "w": 4,
  "eta": 8,
  "alpha": 0.001,
  "beta": 0.25,
  "Btime": 1073741824,
  "Bmemory": 1125899906842624,
  "Cbase": 32,
  "Cblock": 16,
  "Coracle": 64,
  "timestamp": 1763533710.744268
}