{
  "status": "OK",
  "group_id": "W192_mu8_w4_eta8_a1_b20_Bt30_Bm50_Cb5_Cbl4_Co6",
  "best_score": 0.0014056353829801083,
  "best": [
    192,
    8,
    219886,
    445067,
    4,
    8
  ],
  "Bmin": 219886,
  "B2": 445067,
  "W": 192,
  "mu": 8,
  "w": 4,
  "eta": 8,
  "alpha": 0.001,
  "beta": 0.2,
  "Btime": 1073741824,
  "Bmemory": 1125899906842624,
  "Cbase": 32,
  "Cblock": 16,
  "Coracle": 64,
  "timestamp": 1763522991.6046019
}