{
  "status": "OK",
  "group_id": "W192_mu64_w4_eta4_a1_b5_Bt50_Bm50_Cb5_Cbl4_Co6",
  "best_score": 0.07699311524629593,
  "best": [
    192,
    64,
    51238,
    368054,
    4,
    4
  ],
  "Bmin": 51238,
  "B2": 368054,
  "W": 192,
  "mu": 64,
  "w": 4,
  "eta": 4,
  "alpha": 0.001,
  "beta": 0.05,
  "Btime": 1125899906842624,
  "Bmemory": 1125899906842624,
  "Cbase": 32,
  "Cblock": 16,
  "Coracle": 64,
  "timestamp": 1763514747.741233
}