{
  "status": "OK",
  "group_id": "W192_mu32_w8_eta4_a1_b15_Bt30_Bm30_Cb5_Cbl4_Co6",
  "best_score": 0.02166597731411457,
  "best": [
    192,
    32,
    161782,
    294510,
    8,
    4
  ],
  "Bmin": 161782,
  "B2": 294510,
  "W": 192,
  "mu": 32,
  "w": 8,
  "eta": 4,
  "alpha": 0.001,
  "beta": 0.15,
  "Btime": 1073741824,
  "Bmemory": 1073741824,
  "Cbase": 32,
  "Cblock": 16,
  "Coracle": 64,
  "timestamp": 1763650676.277616
}