{
  "status": "OK",
  "group_id": "W192_mu16_w8_eta2_a1_b20_Bt50_Bm50_Cb5_Cbl4_Co6",
  "best_score": 0.0031244384590536356,
  "best": [
    192,
    16,
    219884,
    412898,
    8,
    2
  ],
  "Bmin": 219884,
  "B2": 412898,
  "W": 192,
  "mu": 16,
  "w": 8,
  "eta": 2,
  "alpha": 0.001,
  "beta": 0.2,
  "Btime": 1125899906842624,
  "Bmemory": 1125899906842624,
  "Cbase": 32,
  "Cblock": 16,
  "Coracle": 64,
  "timestamp": 1763629825.766163
}