{
  "status": "OK",
  "group_id": "W192_mu8_w8_eta2_a1_b15_Bt30_Bm50_Cb5_Cbl4_Co6",
  "best_score": 0.004122177138924599,
  "best": [
    192,
    8,
    161781,
    256587,
    8,
    2
  ],
  "Bmin": 161781,
  "B2": 256587,
  "W": 192,
  "mu": 8,
  "w": 8,
  "eta": 2,
  "alpha": 0.001,
  "beta": 0.15,
  "Btime": 1073741824,
  "Bmemory": 1125899906842624,
  "Cbase": 32,
  "Cblock": 16,
  "Coracle": 64,
  "timestamp": 1763626915.1433105
}