{
  "status": "OK",
  "group_id": "W192_mu4_w8_eta2_a1_b3_Bt50_Bm50_Cb5_Cbl4_Co6",
  "best_score": 0.10707741975784302,
  "best": [
    192,
    4,
    31392,
    553210,
    8,
    2
  ],
  "Bmin": 31392,
  "B2": 553210,
  "W": 192,
  "mu": 4,
  "w": 8,
  "eta": 2,
  "alpha": 0.001,
  "beta": 0.03,
  "Btime": 1125899906842624,
  "Bmemory": 1125899906842624,
  "Cbase": 32,
  "Cblock": 16,
  "Coracle": 64,
  "timestamp": 1763625012.6857092
}