{
  "status": "OK",
  "group_id": "W192_mu32_w8_eta4_a1_b20_Bt30_Bm30_Cb5_Cbl4_Co6",
  "best_score": 0.012588273733854294,
  "best": [
    192,
    32,
    219886,
    300309,
    8,
    4
  ],
  "Bmin": 219886,
  "B2": 300309,
  "W": 192,
  "mu": 32,
  "w": 8,
  "eta": 4,
  "alpha": 0.001,
  "beta": 0.2,
  "Btime": 1073741824,
  "Bmemory": 1073741824,
  "Cbase": 32,
  "Cblock": 16,
  "Coracle": 64,
  "timestamp": 1763651376.116377
}