{
  "status": "OK",
  "group_id": "W192_mu16_w4_eta8_a1_b20_Bt50_Bm50_Cb5_Cbl4_Co6",
  "best_score": 0.002915050135925412,
  "best": [
    192,
    16,
    219886,
    707433,
    4,
    8
  ],
  "Bmin": 219886,
  "B2": 707433,
  "W": 192,
  "mu": 16,
  "w": 4,
  "eta": 8,
  "alpha": 0.001,
  "beta": 0.2,
  "Btime": 1125899906842624,
  "Bmemory": 1125899906842624,
  "Cbase": 32,
  "Cblock": 16,
  "Coracle": 64,
  "timestamp": 1763526237.0754652
}