{
  "status": "OK",
  "group_id": "W192_mu16_w4_eta2_a1_b3_Bt50_Bm50_Cb5_Cbl4_Co6",
  "best_score": 0.2283802330493927,
  "best": [
    192,
    16,
    31395,
    415666,
    4,
    2
  ],
  "Bmin": 31395,
  "B2": 415666,
  "W": 192,
  "mu": 16,
  "w": 4,
  "eta": 2,
  "alpha": 0.001,
  "beta": 0.03,
  "Btime": 1125899906842624,
  "Bmemory": 1125899906842624,
  "Cbase": 32,
  "Cblock": 16,
  "Coracle": 64,
  "timestamp": 1763449132.8087413
}