{
  "status": "OK",
  "group_id": "W192_mu16_w16_eta4_a1_b10_Bt50_Bm50_Cb5_Cbl4_Co6",
  "best_score": 0.01390392892062664,
  "best": [
    192,
    16,
    106794,
    244890,
    16,
    4
  ],
  "Bmin": 106794,
  "B2": 244890,
  "W": 192,
  "mu": 16,
  "w": 16,
  "eta": 4,
  "alpha": 0.001,
  "beta": 0.1,
  "Btime": 1125899906842624,
  "Bmemory": 1125899906842624,
  "Cbase": 32,
  "Cblock": 16,
  "Coracle": 64,
  "timestamp": 1763679354.3879476
}