{
  "status": "OK",
  "group_id": "W192_mu2_w4_eta16_a1_b5_Bt50_Bm50_Cb5_Cbl4_Co6",
  "best_score": 0.017809508368372917,
  "best": [
    192,
    2,
    51240,
    179699,
    4,
    16
  ],
  "Bmin": 51240,
  "B2": 179699,
  "W": 192,
  "mu": 2,
  "w": 4,
  "eta": 16,
  "alpha": 0.001,
  "beta": 0.05,
  "Btime": 1125899906842624,
  "Bmemory": 1125899906842624,
  "Cbase": 32,
  "Cblock": 16,
  "Coracle": 64,
  "timestamp": 1763623832.6675851
}