{
  "status": "OK",
  "group_id": "W192_mu16_w4_eta2_a1_b25_Bt50_Bm50_Cb5_Cbl4_Co6",
  "best_score": 0.0007874295115470886,
  "best": [
    192,
    16,
    293388,
    431918,
    4,
    2
  ],
  "Bmin": 293388,
  "B2": 431918,
  "W": 192,
  "mu": 16,
  "w": 4,
  "eta": 2,
  "alpha": 0.001,
  "beta": 0.25,
  "Btime": 1125899906842624,
  "Bmemory": 1125899906842624,
  "Cbase": 32,
  "Cblock": 16,
  "Coracle": 64,
  "timestamp": 1763455556.8770304
}