{
  "status": "OK",
  "group_id": "W192_mu4_w4_eta4_a1_b25_Bt50_Bm30_Cb5_Cbl4_Co6",
  "best_score": 0.0003155012964271009,
  "best": [
    192,
    4,
    293392,
    592028,
    4,
    4
  ],
  "Bmin": 293392,
  "B2": 592028,
  "W": 192,
  "mu": 4,
  "w": 4,
  "eta": 4,
  "alpha": 0.001,
  "beta": 0.25,
  "Btime": 1125899906842624,
  "Bmemory": 1073741824,
  "Cbase": 32,
  "Cblock": 16,
  "Coracle": 64,
  "timestamp": 1763496570.8845594
}