{
  "status": "OK",
  "group_id": "W192_mu32_w8_eta4_a1_b20_Bt50_Bm30_Cb5_Cbl4_Co6",
  "best_score": 0.01510841865092516,
  "best": [
    192,
    32,
    219886,
    527997,
    8,
    4
  ],
  "Bmin": 219886,
  "B2": 527997,
  "W": 192,
  "mu": 32,
  "w": 8,
  "eta": 4,
  "alpha": 0.001,
  "beta": 0.2,
  "Btime": 1125899906842624,
  "Bmemory": 1073741824,
  "Cbase": 32,
  "Cblock": 16,
  "Coracle": 64,
  "timestamp": 1763651631.5157888
}