{
  "status": "OK",
  "group_id": "W192_mu32_w4_eta2_a1_b25_Bt50_Bm30_Cb5_Cbl4_Co6",
  "best_score": 0.0043410067446529865,
  "best": [
    192,
    32,
    293388,
    372819,
    4,
    2
  ],
  "Bmin": 293388,
  "B2": 372819,
  "W": 192,
  "mu": 32,
  "w": 4,
  "eta": 2,
  "alpha": 0.001,
  "beta": 0.25,
  "Btime": 1125899906842624,
  "Bmemory": 1073741824,
  "Cbase": 32,
  "Cblock": 16,
  "Coracle": 64,
  "timestamp": 1763468626.924054
}