{
  "status": "OK",
  "group_id": "W192_mu8_w16_eta4_a1_b5_Bt30_Bm30_Cb5_Cbl4_Co6",
  "best_score": 0.028862085193395615,
  "best": [
    192,
    8,
    51240,
    171029,
    16,
    4
  ],
  "Bmin": 51240,
  "B2": 171029,
  "W": 192,
  "mu": 8,
  "w": 16,
  "eta": 4,
  "alpha": 0.001,
  "beta": 0.05,
  "Btime": 1073741824,
  "Bmemory": 1073741824,
  "Cbase": 32,
  "Cblock": 16,
  "Coracle": 64,
  "timestamp": 1762914228.6946428
}