{
  "status": "OK",
  "group_id": "W192_mu64_w8_eta4_a1_b15_Bt30_Bm50_Cb5_Cbl4_Co6",
  "best_score": 0.06954190880060196,
  "best": [
    192,
    64,
    161782,
    275549,
    8,
    4
  ],
  "Bmin": 161782,
  "B2": 275549,
  "W": 192,
  "mu": 64,
  "w": 8,
  "eta": 4,
  "alpha": 0.001,
  "beta": 0.15,
  "Btime": 1073741824,
  "Bmemory": 1125899906842624,
  "Cbase": 32,
  "Cblock": 16,
  "Coracle": 64,
  "timestamp": 1763657512.8980923
}