{
  "status": "OK",
  "group_id": "W192_mu16_w8_eta8_a1_b20_Bt30_Bm50_Cb5_Cbl4_Co6",
  "best_score": 0.0041559357196092606,
  "best": [
    192,
    16,
    219885,
    316392,
    8,
    8
  ],
  "Bmin": 219885,
  "B2": 316392,
  "W": 192,
  "mu": 16,
  "w": 8,
  "eta": 8,
  "alpha": 0.001,
  "beta": 0.2,
  "Btime": 1073741824,
  "Bmemory": 1125899906842624,
  "Cbase": 32,
  "Cblock": 16,
  "Coracle": 64,
  "timestamp": 1763662681.0548825
}