{
  "status": "OK",
  "group_id": "W192_mu16_w8_eta4_a1_b10_Bt50_Bm30_Cb5_Cbl4_Co6",
  "best_score": 0.01447407715022564,
  "best": [
    192,
    16,
    106796,
    406000,
    8,
    4
  ],
  "Bmin": 106796,
  "B2": 406000,
  "W": 192,
  "mu": 16,
  "w": 8,
  "eta": 4,
  "alpha": 0.001,
  "beta": 0.1,
  "Btime": 1125899906842624,
  "Bmemory": 1073741824,
  "Cbase": 32,
  "Cblock": 16,
  "Coracle": 64,
  "timestamp": 1763647718.6618576
}