{
  "status": "OK",
  "group_id": "W192_mu16_w4_eta2_a1_b5_Bt30_Bm30_Cb5_Cbl4_Co6",
  "best_score": 0.0764632299542427,
  "best": [
    192,
    16,
    51238,
    171028,
    4,
    2
  ],
  "Bmin": 51238,
  "B2": 171028,
  "W": 192,
  "mu": 16,
  "w": 4,
  "eta": 2,
  "alpha": 0.001,
  "beta": 0.05,
  "Btime": 1073741824,
  "Bmemory": 1073741824,
  "Cbase": 32,
  "Cblock": 16,
  "Coracle": 64,
  "timestamp": 1762859240.9976866
}