{
  "status": "OK",
  "group_id": "W192_mu64_w4_eta4_a1_b10_Bt50_Bm50_Cb5_Cbl4_Co6",
  "best_score": 0.050151415169239044,
  "best": [
    192,
    64,
    106797,
    359969,
    4,
    4
  ],
  "Bmin": 106797,
  "B2": 359969,
  "W": 192,
  "mu": 64,
  "w": 4,
  "eta": 4,
  "alpha": 0.001,
  "beta": 0.1,
  "Btime": 1125899906842624,
  "Bmemory": 1125899906842624,
  "Cbase": 32,
  "Cblock": 16,
  "Coracle": 64,
  "timestamp": 1763516404.7665024
}