{
  "status": "OK",
  "group_id": "W192_mu16_w8_eta2_a1_b25_Bt50_Bm30_Cb5_Cbl4_Co6",
  "best_score": 0.0010650078766047955,
  "best": [
    192,
    16,
    293392,
    459627,
    8,
    2
  ],
  "Bmin": 293392,
  "B2": 459627,
  "W": 192,
  "mu": 16,
  "w": 8,
  "eta": 2,
  "alpha": 0.001,
  "beta": 0.25,
  "Btime": 1125899906842624,
  "Bmemory": 1073741824,
  "Cbase": 32,
  "Cblock": 16,
  "Coracle": 64,
  "timestamp": 1763630075.4167328
}