{
  "status": "OK",
  "group_id": "W192_mu64_w8_eta2_a1_b20_Bt50_Bm50_Cb5_Cbl4_Co6",
  "best_score": 0.15590238571166992,
  "best": [
    192,
    64,
    219884,
    380729,
    8,
    2
  ],
  "Bmin": 219884,
  "B2": 380729,
  "W": 192,
  "mu": 64,
  "w": 8,
  "eta": 2,
  "alpha": 0.001,
  "beta": 0.2,
  "Btime": 1125899906842624,
  "Bmemory": 1125899906842624,
  "Cbase": 32,
  "Cblock": 16,
  "Coracle": 64,
  "timestamp": 1763643711.8530517
}