{
  "status": "OK",
  "group_id": "W192_mu4_w4_eta4_a1_b25_Bt30_Bm30_Cb5_Cbl4_Co6",
  "best_score": 0.00029355662991292775,
  "best": [
    192,
    4,
    293392,
    404215,
    4,
    4
  ],
  "Bmin": 293392,
  "B2": 404215,
  "W": 192,
  "mu": 4,
  "w": 4,
  "eta": 4,
  "alpha": 0.001,
  "beta": 0.25,
  "Btime": 1073741824,
  "Bmemory": 1073741824,
  "Cbase": 32,
  "Cblock": 16,
  "Coracle": 64,
  "timestamp": 1762879018.0348766
}