{
  "status": "OK",
  "group_id": "W192_mu4_w8_eta8_a1_b20_Bt30_Bm30_Cb5_Cbl4_Co6",
  "best_score": 0.0014988291077315807,
  "best": [
    192,
    4,
    219885,
    268139,
    8,
    8
  ],
  "Bmin": 219885,
  "B2": 268139,
  "W": 192,
  "mu": 4,
  "w": 8,
  "eta": 8,
  "alpha": 0.001,
  "beta": 0.2,
  "Btime": 1073741824,
  "Bmemory": 1073741824,
  "Cbase": 32,
  "Cblock": 16,
  "Coracle": 64,
  "timestamp": 1763661952.0652592
}