{
  "status": "OK",
  "group_id": "W192_mu2_w4_eta8_a1_b15_Bt50_Bm30_Cb5_Cbl4_Co6",
  "best_score": 0.0025489709805697203,
  "best": [
    192,
    2,
    161782,
    324040,
    4,
    8
  ],
  "Bmin": 161782,
  "B2": 324040,
  "W": 192,
  "mu": 2,
  "w": 4,
  "eta": 8,
  "alpha": 0.001,
  "beta": 0.15,
  "Btime": 1125899906842624,
  "Bmemory": 1073741824,
  "Cbase": 32,
  "Cblock": 16,
  "Coracle": 64,
  "timestamp": 1763521590.7416427
}