{
  "status": "OK",
  "group_id": "W192_mu4_w8_eta4_a1_b15_Bt50_Bm50_Cb5_Cbl4_Co6",
  "best_score": 0.003405187511816621,
  "best": [
    192,
    4,
    161782,
    294510,
    8,
    4
  ],
  "Bmin": 161782,
  "B2": 294510,
  "W": 192,
  "mu": 4,
  "w": 8,
  "eta": 4,
  "alpha": 0.001,
  "beta": 0.15,
  "Btime": 1125899906842624,
  "Bmemory": 1125899906842624,
  "Cbase": 32,
  "Cblock": 16,
  "Coracle": 64,
  "timestamp": 1763646110.406152
}