{
  "status": "OK",
  "group_id": "W192_mu2_w16_eta2_a1_b20_Bt30_Bm50_Cb5_Cbl4_Co6",
  "best_score": 0.0015501045854762197,
  "best": [
    192,
    2,
    219886,
    316392,
    16,
    2
  ],
  "Bmin": 219886,
  "B2": 316392,
  "W": 192,
  "mu": 2,
  "w": 16,
  "eta": 2,
  "alpha": 0.001,
  "beta": 0.2,
  "Btime": 1073741824,
  "Bmemory": 1125899906842624,
  "Cbase": 32,
  "Cblock": 16,
  "Coracle": 64,
  "timestamp": 1763668104.3625703
}