{
  "status": "OK",
  "group_id": "W192_mu64_w4_eta2_a1_b15_Bt50_Bm50_Cb5_Cbl4_Co6",
  "best_score": 0.18973420560359955,
  "best": [
    192,
    64,
    161784,
    313472,
    4,
    2
  ],
  "Bmin": 161784,
  "B2": 313472,
  "W": 192,
  "mu": 64,
  "w": 4,
  "eta": 2,
  "alpha": 0.001,
  "beta": 0.15,
  "Btime": 1125899906842624,
  "Bmemory": 1125899906842624,
  "Cbase": 32,
  "Cblock": 16,
  "Coracle": 64,
  "timestamp": 1763487246.2274065
}