{
  "status": "OK",
  "group_id": "W192_mu64_w4_eta4_a1_b20_Bt50_Bm50_Cb5_Cbl4_Co6",
  "best_score": 0.11759711802005768,
  "best": [
    192,
    64,
    219884,
    396812,
    4,
    4
  ],
  "Bmin": 219884,
  "B2": 396812,
  "W": 192,
  "mu": 64,
  "w": 4,
  "eta": 4,
  "alpha": 0.001,
  "beta": 0.2,
  "Btime": 1125899906842624,
  "Bmemory": 1125899906842624,
  "Cbase": 32,
  "Cblock": 16,
  "Coracle": 64,
  "timestamp": 1763519735.9511354
}