{
  "status": "OK",
  "group_id": "W192_mu64_w4_eta2_a1_b15_Bt30_Bm30_Cb5_Cbl4_Co6",
  "best_score": 0.17941232025623322,
  "best": [
    192,
    64,
    161784,
    218667,
    4,
    2
  ],
  "Bmin": 161784,
  "B2": 218667,
  "W": 192,
  "mu": 64,
  "w": 4,
  "eta": 2,
  "alpha": 0.001,
  "beta": 0.15,
  "Btime": 1073741824,
  "Bmemory": 1073741824,
  "Cbase": 32,
  "Cblock": 16,
  "Coracle": 64,
  "timestamp": 1762874758.0092287
}