{
  "status": "OK",
  "group_id": "W192_mu16_w16_eta2_a1_b15_Bt50_Bm30_Cb5_Cbl4_Co6",
  "best_score": 0.010236508212983608,
  "best": [
    192,
    16,
    161782,
    389316,
    16,
    2
  ],
  "Bmin": 161782,
  "B2": 389316,
  "W": 192,
  "mu": 16,
  "w": 16,
  "eta": 2,
  "alpha": 0.001,
  "beta": 0.15,
  "Btime": 1125899906842624,
  "Bmemory": 1073741824,
  "Cbase": 32,
  "Cblock": 16,
  "Coracle": 64,
  "timestamp": 1763669991.9188397
}