{
  "status": "OK",
  "group_id": "W192_mu4_w4_eta2_a1_b20_Bt30_Bm50_Cb5_Cbl4_Co6",
  "best_score": 0.0008020129171200097,
  "best": [
    192,
    4,
    219887,
    300307,
    4,
    2
  ],
  "Bmin": 219887,
  "B2": 300307,
  "W": 192,
  "mu": 4,
  "w": 4,
  "eta": 2,
  "alpha": 0.001,
  "beta": 0.2,
  "Btime": 1073741824,
  "Bmemory": 1125899906842624,
  "Cbase": 32,
  "Cblock": 16,
  "Coracle": 64,
  "timestamp": 1763443669.3401978
}