{
  "status": "OK",
  "group_id": "W192_mu16_w4_eta4_a1_b25_Bt50_Bm50_Cb5_Cbl4_Co6",
  "best_score": 0.000842542271129787,
  "best": [
    192,
    16,
    293392,
    608945,
    4,
    4
  ],
  "Bmin": 293392,
  "B2": 608945,
  "W": 192,
  "mu": 16,
  "w": 4,
  "eta": 4,
  "alpha": 0.001,
  "beta": 0.25,
  "Btime": 1125899906842624,
  "Bmemory": 1125899906842624,
  "Cbase": 32,
  "Cblock": 16,
  "Coracle": 64,
  "timestamp": 1763504619.5568182
}