{
  "status": "OK",
  "group_id": "W192_mu32_w8_eta8_a1_b25_Bt30_Bm50_Cb5_Cbl4_Co6",
  "best_score": 0.005462700966745615,
  "best": [
    192,
    32,
    293394,
    442711,
    8,
    8
  ],
  "Bmin": 293394,
  "B2": 442711,
  "W": 192,
  "mu": 32,
  "w": 8,
  "eta": 8,
  "alpha": 0.001,
  "beta": 0.25,
  "Btime": 1073741824,
  "Bmemory": 1125899906842624,
  "Cbase": 32,
  "Cblock": 16,
  "Coracle": 64,
  "timestamp": 1763664173.8085923
}