{
  "status": "OK",
  "group_id": "W192_mu8_w8_eta8_a1_b15_Bt50_Bm30_Cb5_Cbl4_Co6",
  "best_score": 0.006731451489031315,
  "best": [
    192,
    8,
    161783,
    305079,
    8,
    8
  ],
  "Bmin": 161783,
  "B2": 305079,
  "W": 192,
  "mu": 8,
  "w": 8,
  "eta": 8,
  "alpha": 0.001,
  "beta": 0.15,
  "Btime": 1125899906842624,
  "Bmemory": 1073741824,
  "Cbase": 32,
  "Cblock": 16,
  "Coracle": 64,
  "timestamp": 1763662159.3005083
}