{
  "status": "OK",
  "group_id": "W192_mu16_w4_eta2_a1_b25_Bt30_Bm50_Cb5_Cbl4_Co6",
  "best_score": 0.0007688741316087544,
  "best": [
    192,
    16,
    293388,
    348800,
    4,
    2
  ],
  "Bmin": 293388,
  "B2": 348800,
  "W": 192,
  "mu": 16,
  "w": 4,
  "eta": 2,
  "alpha": 0.001,
  "beta": 0.25,
  "Btime": 1073741824,
  "Bmemory": 1125899906842624,
  "Cbase": 32,
  "Cblock": 16,
  "Coracle": 64,
  "timestamp": 1763454671.4157748
}