{
  "status": "OK",
  "group_id": "W192_mu16_w8_eta2_a1_b5_Bt50_Bm50_Cb5_Cbl4_Co6",
  "best_score": 0.06587196886539459,
  "best": [
    192,
    16,
    51238,
    410607,
    8,
    2
  ],
  "Bmin": 51238,
  "B2": 410607,
  "W": 192,
  "mu": 16,
  "w": 8,
  "eta": 2,
  "alpha": 0.001,
  "beta": 0.05,
  "Btime": 1125899906842624,
  "Bmemory": 1125899906842624,
  "Cbase": 32,
  "Cblock": 16,
  "Coracle": 64,
  "timestamp": 1763628697.1558504
}