{
  "status": "OK",
  "group_id": "W192_mu4_w8_eta2_a1_b3_Bt30_Bm30_Cb5_Cbl4_Co6",
  "best_score": 0.08573683351278305,
  "best": [
    192,
    4,
    31392,
    276781,
    8,
    2
  ],
  "Bmin": 31392,
  "B2": 276781,
  "W": 192,
  "mu": 4,
  "w": 8,
  "eta": 2,
  "alpha": 0.001,
  "beta": 0.03,
  "Btime": 1073741824,
  "Bmemory": 1073741824,
  "Cbase": 32,
  "Cblock": 16,
  "Coracle": 64,
  "timestamp": 1763437064.5482888
}