{
  "status": "OK",
  "group_id": "W192_mu32_w16_eta4_a1_b3_Bt30_Bm50_Cb5_Cbl4_Co6",
  "best_score": 0.08563805371522903,
  "best": [
    192,
    32,
    31392,
    241726,
    16,
    4
  ],
  "Bmin": 31392,
  "B2": 241726,
  "W": 192,
  "mu": 32,
  "w": 16,
  "eta": 4,
  "alpha": 0.001,
  "beta": 0.03,
  "Btime": 1073741824,
  "Bmemory": 1125899906842624,
  "Cbase": 32,
  "Cblock": 16,
  "Coracle": 64,
  "timestamp": 1763679586.9075272
}