{
  "status": "OK",
  "group_id": "W192_mu16_w4_eta2_a1_b15_Bt50_Bm30_Cb5_Cbl4_Co6",
  "best_score": 0.004777128342539072,
  "best": [
    192,
    16,
    161784,
    389317,
    4,
    2
  ],
  "Bmin": 161784,
  "B2": 389317,
  "W": 192,
  "mu": 16,
  "w": 4,
  "eta": 2,
  "alpha": 0.001,
  "beta": 0.15,
  "Btime": 1125899906842624,
  "Bmemory": 1073741824,
  "Cbase": 32,
  "Cblock": 16,
  "Coracle": 64,
  "timestamp": 1763452558.1038105
}