{
  "status": "OK",
  "group_id": "W192_mu16_w8_eta4_a1_b5_Bt50_Bm30_Cb5_Cbl4_Co6",
  "best_score": 0.04036039859056473,
  "best": [
    192,
    16,
    51239,
    449224,
    8,
    4
  ],
  "Bmin": 51239,
  "B2": 449224,
  "W": 192,
  "mu": 16,
  "w": 8,
  "eta": 4,
  "alpha": 0.001,
  "beta": 0.05,
  "Btime": 1125899906842624,
  "Bmemory": 1073741824,
  "Cbase": 32,
  "Cblock": 16,
  "Coracle": 64,
  "timestamp": 1763647461.7554605
}