{
  "status": "OK",
  "group_id": "W192_mu32_w4_eta2_a1_b25_Bt30_Bm50_Cb5_Cbl4_Co6",
  "best_score": 0.004279364366084337,
  "best": [
    192,
    32,
    293388,
    334947,
    4,
    2
  ],
  "Bmin": 293388,
  "B2": 334947,
  "W": 192,
  "mu": 32,
  "w": 4,
  "eta": 2,
  "alpha": 0.001,
  "beta": 0.25,
  "Btime": 1073741824,
  "Bmemory": 1125899906842624,
  "Cbase": 32,
  "Cblock": 16,
  "Coracle": 64,
  "timestamp": 1763467882.5690672
}