{
  "status": "OK",
  "group_id": "W192_mu16_w8_eta8_a1_b10_Bt30_Bm50_Cb5_Cbl4_Co6",
  "best_score": 0.013823021203279495,
  "best": [
    192,
    16,
    106794,
    267906,
    8,
    8
  ],
  "Bmin": 106794,
  "B2": 267906,
  "W": 192,
  "mu": 16,
  "w": 8,
  "eta": 8,
  "alpha": 0.001,
  "beta": 0.1,
  "Btime": 1073741824,
  "Bmemory": 1125899906842624,
  "Cbase": 32,
  "Cblock": 16,
  "Coracle": 64,
  "timestamp": 1763662506.4490612
}