{
  "status": "OK",
  "group_id": "W192_mu16_w16_eta4_a1_b5_Bt50_Bm50_Cb5_Cbl4_Co6",
  "best_score": 0.032829537987709045,
  "best": [
    192,
    16,
    51240,
    230923,
    16,
    4
  ],
  "Bmin": 51240,
  "B2": 230923,
  "W": 192,
  "mu": 16,
  "w": 16,
  "eta": 4,
  "alpha": 0.001,
  "beta": 0.05,
  "Btime": 1125899906842624,
  "Bmemory": 1125899906842624,
  "Cbase": 32,
  "Cblock": 16,
  "Coracle": 64,
  "timestamp": 1763679293.399914
}