{
  "status": "OK",
  "group_id": "W192_mu16_w16_eta2_a1_b20_Bt50_Bm50_Cb5_Cbl4_Co6",
  "best_score": 0.004441757686436176,
  "best": [
    192,
    16,
    219886,
    412898,
    16,
    2
  ],
  "Bmin": 219886,
  "B2": 412898,
  "W": 192,
  "mu": 16,
  "w": 16,
  "eta": 2,
  "alpha": 0.001,
  "beta": 0.2,
  "Btime": 1125899906842624,
  "Bmemory": 1125899906842624,
  "Cbase": 32,
  "Cblock": 16,
  "Coracle": 64,
  "timestamp": 1763670266.6823592
}