{
  "status": "OK",
  "group_id": "W192_mu32_w8_eta8_a1_b10_Bt50_Bm30_Cb5_Cbl4_Co6",
  "best_score": 0.01879790797829628,
  "best": [
    192,
    32,
    106794,
    357922,
    8,
    8
  ],
  "Bmin": 106794,
  "B2": 357922,
  "W": 192,
  "mu": 32,
  "w": 8,
  "eta": 8,
  "alpha": 0.001,
  "beta": 0.1,
  "Btime": 1125899906842624,
  "Bmemory": 1073741824,
  "Cbase": 32,
  "Cblock": 16,
  "Coracle": 64,
  "timestamp": 1763663505.3886387
}