{
  "status": "OK",
  "group_id": "W192_mu64_w4_eta8_a1_b3_Bt50_Bm30_Cb5_Cbl4_Co6",
  "best_score": 0.05625111237168312,
  "best": [
    192,
    64,
    31393,
    1723690,
    4,
    8
  ],
  "Bmin": 31393,
  "B2": 1723690,
  "W": 192,
  "mu": 64,
  "w": 4,
  "eta": 8,
  "alpha": 0.001,
  "beta": 0.03,
  "Btime": 1125899906842624,
  "Bmemory": 1073741824,
  "Cbase": 32,
  "Cblock": 16,
  "Coracle": 64,
  "timestamp": 1763612149.9249058
}