{
  "status": "OK",
  "group_id": "W192_mu64_w8_eta2_a1_b3_Bt30_Bm30_Cb5_Cbl4_Co6",
  "best_score": 0.2004031389951706,
  "best": [
    192,
    64,
    31392,
    171612,
    8,
    2
  ],
  "Bmin": 31392,
  "B2": 171612,
  "W": 192,
  "mu": 64,
  "w": 8,
  "eta": 2,
  "alpha": 0.001,
  "beta": 0.03,
  "Btime": 1073741824,
  "Bmemory": 1073741824,
  "Cbase": 32,
  "Cblock": 16,
  "Coracle": 64,
  "timestamp": 1763635076.2241383
}