{
  "status": "OK",
  "group_id": "W192_mu16_w16_eta2_a1_b3_Bt50_Bm50_Cb5_Cbl4_Co6",
  "best_score": 0.08831188082695007,
  "best": [
    192,
    16,
    31393,
    444030,
    16,
    2
  ],
  "Bmin": 31393,
  "B2": 444030,
  "W": 192,
  "mu": 16,
  "w": 16,
  "eta": 2,
  "alpha": 0.001,
  "beta": 0.03,
  "Btime": 1125899906842624,
  "Bmemory": 1125899906842624,
  "Cbase": 32,
  "Cblock": 16,
  "Coracle": 64,
  "timestamp": 1763669384.422373
}