{
  "status": "OK",
  "group_id": "W192_mu32_w16_eta2_a1_b3_Bt30_Bm30_Cb5_Cbl4_Co6",
  "best_score": 0.09690529853105545,
  "best": [
    192,
    32,
    31393,
    205332,
    16,
    2
  ],
  "Bmin": 31393,
  "B2": 205332,
  "W": 192,
  "mu": 32,
  "w": 16,
  "eta": 2,
  "alpha": 0.001,
  "beta": 0.03,
  "Btime": 1073741824,
  "Bmemory": 1073741824,
  "Cbase": 32,
  "Cblock": 16,
  "Coracle": 64,
  "timestamp": 1763670560.2534602
}