{
  "status": "OK",
  "group_id": "W192_mu32_w4_eta8_a1_b10_Bt30_Bm30_Cb5_Cbl4_Co6",
  "best_score": 0.01826060190796852,
  "best": [
    192,
    32,
    106796,
    311891,
    4,
    8
  ],
  "Bmin": 106796,
  "B2": 311891,
  "W": 192,
  "mu": 32,
  "w": 4,
  "eta": 8,
  "alpha": 0.001,
  "beta": 0.1,
  "Btime": 1073741824,
  "Bmemory": 1073741824,
  "Cbase": 32,
  "Cblock": 16,
  "Coracle": 64,
  "timestamp": 1763435028.0830731
}