{
  "status": "OK",
  "group_id": "W192_mu2_w8_eta4_a1_b3_Bt50_Bm30_Cb5_Cbl4_Co6",
  "best_score": 0.06366603821516037,
  "best": [
    192,
    2,
    31393,
    241727,
    8,
    4
  ],
  "Bmin": 31393,
  "B2": 241727,
  "W": 192,
  "mu": 2,
  "w": 8,
  "eta": 4,
  "alpha": 0.001,
  "beta": 0.03,
  "Btime": 1125899906842624,
  "Bmemory": 1073741824,
  "Cbase": 32,
  "Cblock": 16,
  "Coracle": 64,
  "timestamp": 1763645781.9285426
}