{
  "status": "OK",
  "group_id": "W192_mu8_w8_eta2_a1_b5_Bt50_Bm30_Cb5_Cbl4_Co6",
  "best_score": 0.052369374781847,
  "best": [
    192,
    8,
    51238,
    778647,
    8,
    2
  ],
  "Bmin": 51238,
  "B2": 778647,
  "W": 192,
  "mu": 8,
  "w": 8,
  "eta": 2,
  "alpha": 0.001,
  "beta": 0.05,
  "Btime": 1125899906842624,
  "Bmemory": 1073741824,
  "Cbase": 32,
  "Cblock": 16,
  "Coracle": 64,
  "timestamp": 1763626337.623949
}