{
  "status": "OK",
  "group_id": "W192_mu64_w8_eta4_a1_b10_Bt50_Bm30_Cb5_Cbl4_Co6",
  "best_score": 0.029264187440276146,
  "best": [
    192,
    64,
    106796,
    769135,
    8,
    4
  ],
  "Bmin": 106796,
  "B2": 769135,
  "W": 192,
  "mu": 64,
  "w": 8,
  "eta": 4,
  "alpha": 0.001,
  "beta": 0.1,
  "Btime": 1125899906842624,
  "Bmemory": 1073741824,
  "Cbase": 32,
  "Cblock": 16,
  "Coracle": 64,
  "timestamp": 1763656612.884901
}