{
  "status": "OK",
  "group_id": "W192_mu4_w8_eta4_a1_b20_Bt30_Bm30_Cb5_Cbl4_Co6",
  "best_score": 0.001238918281160295,
  "best": [
    192,
    4,
    219886,
    316392,
    8,
    4
  ],
  "Bmin": 219886,
  "B2": 316392,
  "W": 192,
  "mu": 4,
  "w": 8,
  "eta": 4,
  "alpha": 0.001,
  "beta": 0.2,
  "Btime": 1073741824,
  "Bmemory": 1073741824,
  "Cbase": 32,
  "Cblock": 16,
  "Coracle": 64,
  "timestamp": 1763439798.3853903
}