{
  "status": "OK",
  "group_id": "W192_mu2_w4_eta2_a1_b25_Bt50_Bm30_Cb5_Cbl4_Co6",
  "best_score": 0.0002593947865534574,
  "best": [
    192,
    2,
    293388,
    625860,
    4,
    2
  ],
  "Bmin": 293388,
  "B2": 625860,
  "W": 192,
  "mu": 2,
  "w": 4,
  "eta": 2,
  "alpha": 0.001,
  "beta": 0.25,
  "Btime": 1125899906842624,
  "Bmemory": 1073741824,
  "Cbase": 32,
  "Cblock": 16,
  "Coracle": 64,
  "timestamp": 1763442054.4467113
}