{
  "status": "OK",
  "group_id": "W192_mu16_w4_eta2_a1_b3_Bt30_Bm30_Cb5_Cbl4_Co6",
  "best_score": 0.21605946123600006,
  "best": [
    192,
    16,
    31395,
    171617,
    4,
    2
  ],
  "Bmin": 31395,
  "B2": 171617,
  "W": 192,
  "mu": 16,
  "w": 4,
  "eta": 2,
  "alpha": 0.001,
  "beta": 0.03,
  "Btime": 1073741824,
  "Bmemory": 1073741824,
  "Cbase": 32,
  "Cblock": 16,
  "Coracle": 64,
  "timestamp": 1762858791.5664313
}