{
  "status": "OK",
  "group_id": "W192_mu16_w4_eta8_a1_b25_Bt30_Bm30_Cb5_Cbl4_Co6",
  "best_score": 0.0010879929177463055,
  "best": [
    192,
    16,
    293394,
    508913,
    4,
    8
  ],
  "Bmin": 293394,
  "B2": 508913,
  "W": 192,
  "mu": 16,
  "w": 4,
  "eta": 8,
  "alpha": 0.001,
  "beta": 0.25,
  "Btime": 1073741824,
  "Bmemory": 1073741824,
  "Cbase": 32,
  "Cblock": 16,
  "Coracle": 64,
  "timestamp": 1762888640.8998306
}