{
  "status": "OK",
  "group_id": "W192_mu2_w8_eta8_a1_b15_Bt30_Bm50_Cb5_Cbl4_Co6",
  "best_score": 0.004153313580900431,
  "best": [
    192,
    2,
    161783,
    218666,
    8,
    8
  ],
  "Bmin": 161783,
  "B2": 218666,
  "W": 192,
  "mu": 2,
  "w": 8,
  "eta": 8,
  "alpha": 0.001,
  "beta": 0.15,
  "Btime": 1073741824,
  "Bmemory": 1125899906842624,
  "Cbase": 32,
  "Cblock": 16,
  "Coracle": 64,
  "timestamp": 1763661845.1432223
}