{
  "status": "OK",
  "group_id": "W192_mu64_w4_eta8_a1_b20_Bt50_Bm50_Cb5_Cbl4_Co6",
  "best_score": 0.07992452383041382,
  "best": [
    192,
    64,
    219886,
    765721,
    4,
    8
  ],
  "Bmin": 219886,
  "B2": 765721,
  "W": 192,
  "mu": 64,
  "w": 4,
  "eta": 8,
  "alpha": 0.001,
  "beta": 0.2,
  "Btime": 1125899906842624,
  "Bmemory": 1125899906842624,
  "Cbase": 32,
  "Cblock": 16,
  "Coracle": 64,
  "timestamp": 1763622448.4647946
}