{
  "status": "OK",
  "group_id": "W192_mu8_w8_eta4_a1_b10_Bt30_Bm50_Cb5_Cbl4_Co6",
  "best_score": 0.009722702205181122,
  "best": [
    192,
    8,
    106796,
    382984,
    8,
    4
  ],
  "Bmin": 106796,
  "B2": 382984,
  "W": 192,
  "mu": 8,
  "w": 8,
  "eta": 4,
  "alpha": 0.001,
  "beta": 0.1,
  "Btime": 1073741824,
  "Bmemory": 1125899906842624,
  "Cbase": 32,
  "Cblock": 16,
  "Coracle": 64,
  "timestamp": 1763646522.45877
}