{
  "status": "OK",
  "group_id": "W192_mu32_w4_eta4_a1_b3_Bt50_Bm30_Cb5_Cbl4_Co6",
  "best_score": 0.11514998227357864,
  "best": [
    192,
    32,
    31392,
    520831,
    4,
    4
  ],
  "Bmin": 31392,
  "B2": 520831,
  "W": 192,
  "mu": 32,
  "w": 4,
  "eta": 4,
  "alpha": 0.001,
  "beta": 0.03,
  "Btime": 1125899906842624,
  "Bmemory": 1073741824,
  "Cbase": 32,
  "Cblock": 16,
  "Coracle": 64,
  "timestamp": 1763505387.35917
}