{
  "status": "OK",
  "group_id": "W192_mu4_w4_eta8_a1_b10_Bt50_Bm30_Cb5_Cbl4_Co6",
  "best_score": 0.007218547631055117,
  "best": [
    192,
    4,
    106796,
    357923,
    4,
    8
  ],
  "Bmin": 106796,
  "B2": 357923,
  "W": 192,
  "mu": 4,
  "w": 4,
  "eta": 8,
  "alpha": 0.001,
  "beta": 0.1,
  "Btime": 1125899906842624,
  "Bmemory": 1073741824,
  "Cbase": 32,
  "Cblock": 16,
  "Coracle": 64,
  "timestamp": 1763521837.637906
}