{
  "status": "OK",
  "group_id": "W192_mu32_w16_eta2_a1_b5_Bt30_Bm30_Cb5_Cbl4_Co6",
  "best_score": 0.03731299936771393,
  "best": [
    192,
    32,
    51239,
    200976,
    16,
    2
  ],
  "Bmin": 51239,
  "B2": 200976,
  "W": 192,
  "mu": 32,
  "w": 16,
  "eta": 2,
  "alpha": 0.001,
  "beta": 0.05,
  "Btime": 1073741824,
  "Bmemory": 1073741824,
  "Cbase": 32,
  "Cblock": 16,
  "Coracle": 64,
  "timestamp": 1763671024.396132
}