{
  "status": "OK",
  "group_id": "W192_mu32_w4_eta8_a1_b5_Bt50_Bm50_Cb5_Cbl4_Co6",
  "best_score": 0.02826433628797531,
  "best": [
    192,
    32,
    51239,
    1451684,
    4,
    8
  ],
  "Bmin": 51239,
  "B2": 1451684,
  "W": 192,
  "mu": 32,
  "w": 4,
  "eta": 8,
  "alpha": 0.001,
  "beta": 0.05,
  "Btime": 1125899906842624,
  "Bmemory": 1125899906842624,
  "Cbase": 32,
  "Cblock": 16,
  "Coracle": 64,
  "timestamp": 1763530246.9513645
}