{
  "status": "OK",
  "group_id": "W192_mu64_w8_eta4_a1_b20_Bt50_Bm30_Cb5_Cbl4_Co6",
  "best_score": 0.14120924472808838,
  "best": [
    192,
    64,
    219886,
    721009,
    8,
    4
  ],
  "Bmin": 219886,
  "B2": 721009,
  "W": 192,
  "mu": 64,
  "w": 8,
  "eta": 4,
  "alpha": 0.001,
  "beta": 0.2,
  "Btime": 1125899906842624,
  "Bmemory": 1073741824,
  "Cbase": 32,
  "Cblock": 16,
  "Coracle": 64,
  "timestamp": 1763659662.1780386
}