{
  "status": "OK",
  "group_id": "W192_mu4_w4_eta4_a1_b20_Bt50_Bm30_Cb5_Cbl4_Co6",
  "best_score": 0.0008902979898266494,
  "best": [
    192,
    4,
    219884,
    530508,
    4,
    4
  ],
  "Bmin": 219884,
  "B2": 530508,
  "W": 192,
  "mu": 4,
  "w": 4,
  "eta": 4,
  "alpha": 0.001,
  "beta": 0.2,
  "Btime": 1125899906842624,
  "Bmemory": 1073741824,
  "Cbase": 32,
  "Cblock": 16,
  "Coracle": 64,
  "timestamp": 1763496402.4907103
}