{
  "status": "OK",
  "group_id": "W192_mu64_w8_eta8_a1_b5_Bt30_Bm30_Cb5_Cbl4_Co6",
  "best_score": 0.03292681649327278,
  "best": [
    192,
    64,
    51240,
    466564,
    8,
    8
  ],
  "Bmin": 51240,
  "B2": 466564,
  "W": 192,
  "mu": 64,
  "w": 8,
  "eta": 8,
  "alpha": 0.001,
  "beta": 0.05,
  "Btime": 1073741824,
  "Bmemory": 1073741824,
  "Cbase": 32,
  "Cblock": 16,
  "Coracle": 64,
  "timestamp": 1763665101.0949748
}