{
  "status": "OK",
  "group_id": "W192_mu32_w8_eta2_a1_b25_Bt50_Bm30_Cb5_Cbl4_Co6",
  "best_score": 0.00550477672368288,
  "best": [
    192,
    32,
    293392,
    445773,
    8,
    2
  ],
  "Bmin": 293392,
  "B2": 445773,
  "W": 192,
  "mu": 32,
  "w": 8,
  "eta": 2,
  "alpha": 0.001,
  "beta": 0.25,
  "Btime": 1125899906842624,
  "Bmemory": 1073741824,
  "Cbase": 32,
  "Cblock": 16,
  "Coracle": 64,
  "timestamp": 1763634487.0395727
}