{
  "status": "OK",
  "group_id": "W192_mu32_w8_eta4_a1_b5_Bt30_Bm30_Cb5_Cbl4_Co6",
  "best_score": 0.04242466762661934,
  "best": [
    192,
    32,
    51239,
    230923,
    8,
    4
  ],
  "Bmin": 51239,
  "B2": 230923,
  "W": 192,
  "mu": 32,
  "w": 8,
  "eta": 4,
  "alpha": 0.001,
  "beta": 0.05,
  "Btime": 1073741824,
  "Bmemory": 1073741824,
  "Cbase": 32,
  "Cblock": 16,
  "Coracle": 64,
  "timestamp": 1763649382.8135414
}