{
  "status": "OK",
  "group_id": "W192_mu2_w16_eta2_a1_b5_Bt30_Bm30_Cb5_Cbl4_Co6",
  "best_score": 0.024284811690449715,
  "best": [
    192,
    2,
    51239,
    230924,
    16,
    2
  ],
  "Bmin": 51239,
  "B2": 230924,
  "W": 192,
  "mu": 2,
  "w": 16,
  "eta": 2,
  "alpha": 0.001,
  "beta": 0.05,
  "Btime": 1073741824,
  "Bmemory": 1073741824,
  "Cbase": 32,
  "Cblock": 16,
  "Coracle": 64,
  "timestamp": 1763667978.0592468
}