{
  "status": "OK",
  "group_id": "W192_mu32_w4_eta2_a1_b3_Bt30_Bm30_Cb5_Cbl4_Co6",
  "best_score": 0.3811098337173462,
  "best": [
    192,
    32,
    31395,
    170278,
    4,
    2
  ],
  "Bmin": 31395,
  "B2": 170278,
  "W": 192,
  "mu": 32,
  "w": 4,
  "eta": 2,
  "alpha": 0.001,
  "beta": 0.03,
  "Btime": 1073741824,
  "Bmemory": 1073741824,
  "Cbase": 32,
  "Cblock": 16,
  "Coracle": 64,
  "timestamp": 1762862464.7215295
}