{
  "status": "OK",
  "group_id": "W192_mu32_w4_eta2_a1_b15_Bt30_Bm50_Cb5_Cbl4_Co6",
  "best_score": 0.016102179884910583,
  "best": [
    192,
    32,
    161784,
    237628,
    4,
    2
  ],
  "Bmin": 161784,
  "B2": 237628,
  "W": 192,
  "mu": 32,
  "w": 4,
  "eta": 2,
  "alpha": 0.001,
  "beta": 0.15,
  "Btime": 1073741824,
  "Bmemory": 1125899906842624,
  "Cbase": 32,
  "Cblock": 16,
  "Coracle": 64,
  "timestamp": 1763463232.8327856
}