{
  "status": "OK",
  "group_id": "W192_mu4_w8_eta2_a1_b20_Bt30_Bm50_Cb5_Cbl4_Co6",
  "best_score": 0.0011739983456209302,
  "best": [
    192,
    4,
    219884,
    332476,
    8,
    2
  ],
  "Bmin": 219884,
  "B2": 332476,
  "W": 192,
  "mu": 4,
  "w": 8,
  "eta": 2,
  "alpha": 0.001,
  "beta": 0.2,
  "Btime": 1073741824,
  "Bmemory": 1125899906842624,
  "Cbase": 32,
  "Cblock": 16,
  "Coracle": 64,
  "timestamp": 1763625436.501394
}