{
  "status": "OK",
  "group_id": "W192_mu8_w8_eta2_a1_b15_Bt50_Bm50_Cb5_Cbl4_Co6",
  "best_score": 0.004338781349360943,
  "best": [
    192,
    8,
    161781,
    684302,
    8,
    2
  ],
  "Bmin": 161781,
  "B2": 684302,
  "W": 192,
  "mu": 8,
  "w": 8,
  "eta": 2,
  "alpha": 0.001,
  "beta": 0.15,
  "Btime": 1125899906842624,
  "Bmemory": 1125899906842624,
  "Cbase": 32,
  "Cblock": 16,
  "Coracle": 64,
  "timestamp": 1763627207.54277
}