{
  "status": "OK",
  "group_id": "W192_mu64_w4_eta4_a1_b15_Bt50_Bm30_Cb5_Cbl4_Co6",
  "best_score": 0.10604224354028702,
  "best": [
    192,
    64,
    161781,
    389316,
    4,
    4
  ],
  "Bmin": 161781,
  "B2": 389316,
  "W": 192,
  "mu": 64,
  "w": 4,
  "eta": 4,
  "alpha": 0.001,
  "beta": 0.15,
  "Btime": 1125899906842624,
  "Bmemory": 1073741824,
  "Cbase": 32,
  "Cblock": 16,
  "Coracle": 64,
  "timestamp": 1763517457.2477367
}