{
  "status": "OK",
  "group_id": "W192_mu16_w8_eta2_a1_b3_Bt50_Bm50_Cb5_Cbl4_Co6",
  "best_score": 0.16546398401260376,
  "best": [
    192,
    16,
    31392,
    483099,
    8,
    2
  ],
  "Bmin": 31392,
  "B2": 483099,
  "W": 192,
  "mu": 16,
  "w": 8,
  "eta": 2,
  "alpha": 0.001,
  "beta": 0.03,
  "Btime": 1125899906842624,
  "Bmemory": 1125899906842624,
  "Cbase": 32,
  "Cblock": 16,
  "Coracle": 64,
  "timestamp": 1763628291.7354639
}