{
  "status": "OK",
  "group_id": "W192_mu2_w4_eta8_a1_b3_Bt30_Bm30_Cb5_Cbl4_Co6",
  "best_score": 0.03969782218337059,
  "best": [
    192,
    2,
    31393,
    309161,
    4,
    8
  ],
  "Bmin": 31393,
  "B2": 309161,
  "W": 192,
  "mu": 2,
  "w": 4,
  "eta": 8,
  "alpha": 0.001,
  "beta": 0.03,
  "Btime": 1073741824,
  "Bmemory": 1073741824,
  "Cbase": 32,
  "Cblock": 16,
  "Coracle": 64,
  "timestamp": 1762886939.337354
}