{
  "status": "OK",
  "group_id": "W192_mu4_w8_eta4_a1_b5_Bt30_Bm50_Cb5_Cbl4_Co6",
  "best_score": 0.03160572424530983,
  "best": [
    192,
    4,
    51239,
    260871,
    8,
    4
  ],
  "Bmin": 51239,
  "B2": 260871,
  "W": 192,
  "mu": 4,
  "w": 8,
  "eta": 4,
  "alpha": 0.001,
  "beta": 0.05,
  "Btime": 1073741824,
  "Bmemory": 1125899906842624,
  "Cbase": 32,
  "Cblock": 16,
  "Coracle": 64,
  "timestamp": 1763645996.189441
}