{
  "status": "OK",
  "group_id": "W192_mu64_w8_eta2_a1_b5_Bt30_Bm30_Cb5_Cbl4_Co6",
  "best_score": 0.1155252605676651,
  "best": [
    192,
    64,
    51238,
    171027,
    8,
    2
  ],
  "Bmin": 51238,
  "B2": 171027,
  "W": 192,
  "mu": 64,
  "w": 8,
  "eta": 2,
  "alpha": 0.001,
  "beta": 0.05,
  "Btime": 1073741824,
  "Bmemory": 1073741824,
  "Cbase": 32,
  "Cblock": 16,
  "Coracle": 64,
  "timestamp": 1763636974.6294506
}