{
  "status": "OK",
  "group_id": "W192_mu8_w4_eta2_a1_b20_Bt30_Bm30_Cb5_Cbl4_Co6",
  "best_score": 0.001075662556104362,
  "best": [
    192,
    8,
    219887,
    284225,
    4,
    2
  ],
  "Bmin": 219887,
  "B2": 284225,
  "W": 192,
  "mu": 8,
  "w": 4,
  "eta": 2,
  "alpha": 0.001,
  "beta": 0.2,
  "Btime": 1073741824,
  "Bmemory": 1073741824,
  "Cbase": 32,
  "Cblock": 16,
  "Coracle": 64,
  "timestamp": 1762858128.539626
}