{
  "status": "OK",
  "group_id": "W192_mu2_w4_eta4_a1_b20_Bt50_Bm50_Cb5_Cbl4_Co6",
  "best_score": 0.0007424293435178697,
  "best": [
    192,
    2,
    219884,
    412900,
    4,
    4
  ],
  "Bmin": 219884,
  "B2": 412900,
  "W": 192,
  "mu": 2,
  "w": 4,
  "eta": 4,
  "alpha": 0.001,
  "beta": 0.2,
  "Btime": 1125899906842624,
  "Bmemory": 1125899906842624,
  "Cbase": 32,
  "Cblock": 16,
  "Coracle": 64,
  "timestamp": 1763495369.0968616
}