{
  "status": "OK",
  "group_id": "W192_mu4_w8_eta8_a1_b5_Bt30_Bm50_Cb5_Cbl4_Co6",
  "best_score": 0.024904480203986168,
  "best": [
    192,
    4,
    51240,
    171029,
    8,
    8
  ],
  "Bmin": 51240,
  "B2": 171029,
  "W": 192,
  "mu": 4,
  "w": 8,
  "eta": 8,
  "alpha": 0.001,
  "beta": 0.05,
  "Btime": 1073741824,
  "Bmemory": 1125899906842624,
  "Cbase": 32,
  "Cblock": 16,
  "Coracle": 64,
  "timestamp": 1763661903.5589797
}