{
  "status": "OK",
  "group_id": "W192_mu16_w8_eta2_a1_b20_Bt30_Bm50_Cb5_Cbl4_Co6",
  "best_score": 0.0029502809047698975,
  "best": [
    192,
    16,
    219884,
    284223,
    8,
    2
  ],
  "Bmin": 219884,
  "B2": 284223,
  "W": 192,
  "mu": 16,
  "w": 8,
  "eta": 2,
  "alpha": 0.001,
  "beta": 0.2,
  "Btime": 1073741824,
  "Bmemory": 1125899906842624,
  "Cbase": 32,
  "Cblock": 16,
  "Coracle": 64,
  "timestamp": 1763629547.7225502
}