{
  "status": "OK",
  "group_id": "W192_mu16_w8_eta2_a1_b15_Bt30_Bm30_Cb5_Cbl4_Co6",
  "best_score": 0.006716766860336065,
  "best": [
    192,
    16,
    161781,
    256586,
    8,
    2
  ],
  "Bmin": 161781,
  "B2": 256586,
  "W": 192,
  "mu": 16,
  "w": 8,
  "eta": 2,
  "alpha": 0.001,
  "beta": 0.15,
  "Btime": 1073741824,
  "Bmemory": 1073741824,
  "Cbase": 32,
  "Cblock": 16,
  "Coracle": 64,
  "timestamp": 1763437962.0110867
}