{
  "status": "OK",
  "group_id": "W192_mu16_w4_eta8_a1_b5_Bt30_Bm50_Cb5_Cbl4_Co6",
  "best_score": 0.029024573042988777,
  "best": [
    192,
    16,
    51239,
    436616,
    4,
    8
  ],
  "Bmin": 51239,
  "B2": 436616,
  "W": 192,
  "mu": 16,
  "w": 4,
  "eta": 8,
  "alpha": 0.001,
  "beta": 0.05,
  "Btime": 1073741824,
  "Bmemory": 1125899906842624,
  "Cbase": 32,
  "Cblock": 16,
  "Coracle": 64,
  "timestamp": 1763524046.3771458
}