{
  "status": "OK",
  "group_id": "W192_mu32_w4_eta2_a1_b3_Bt50_Bm30_Cb5_Cbl4_Co6",
  "best_score": 0.3892727792263031,
  "best": [
    192,
    32,
    31395,
    345556,
    4,
    2
  ],
  "Bmin": 31395,
  "B2": 345556,
  "W": 192,
  "mu": 32,
  "w": 4,
  "eta": 2,
  "alpha": 0.001,
  "beta": 0.03,
  "Btime": 1125899906842624,
  "Bmemory": 1073741824,
  "Cbase": 32,
  "Cblock": 16,
  "Coracle": 64,
  "timestamp": 1763457278.5499766
}