{
  "status": "OK",
  "group_id": "W192_mu64_w8_eta4_a1_b5_Bt50_Bm50_Cb5_Cbl4_Co6",
  "best_score": 0.03519551828503609,
  "best": [
    192,
    64,
    51239,
    834602,
    8,
    4
  ],
  "Bmin": 51239,
  "B2": 834602,
  "W": 192,
  "mu": 64,
  "w": 8,
  "eta": 4,
  "alpha": 0.001,
  "beta": 0.05,
  "Btime": 1125899906842624,
  "Bmemory": 1125899906842624,
  "Cbase": 32,
  "Cblock": 16,
  "Coracle": 64,
  "timestamp": 1763655749.4380941
}