{
  "status": "OK",
  "group_id": "W192_mu2_w4_eta4_a1_b10_Bt50_Bm30_Cb5_Cbl4_Co6",
  "best_score": 0.005310590844601393,
  "best": [
    192,
    2,
    106797,
    473002,
    4,
    4
  ],
  "Bmin": 106797,
  "B2": 473002,
  "W": 192,
  "mu": 2,
  "w": 4,
  "eta": 4,
  "alpha": 0.001,
  "beta": 0.1,
  "Btime": 1125899906842624,
  "Bmemory": 1073741824,
  "Cbase": 32,
  "Cblock": 16,
  "Coracle": 64,
  "timestamp": 1763495143.3341877
}