{
  "status": "OK",
  "group_id": "W192_mu32_w4_eta2_a1_b5_Bt30_Bm50_Cb5_Cbl4_Co6",
  "best_score": 0.2026519626379013,
  "best": [
    192,
    32,
    51238,
    171026,
    4,
    2
  ],
  "Bmin": 51238,
  "B2": 171026,
  "W": 192,
  "mu": 32,
  "w": 4,
  "eta": 2,
  "alpha": 0.001,
  "beta": 0.05,
  "Btime": 1073741824,
  "Bmemory": 1125899906842624,
  "Cbase": 32,
  "Cblock": 16,
  "Coracle": 64,
  "timestamp": 1763458827.1490178
}