{
  "status": "OK",
  "group_id": "W192_mu16_w4_eta2_a1_b10_Bt50_Bm30_Cb5_Cbl4_Co6",
  "best_score": 0.012525411322712898,
  "best": [
    192,
    16,
    106790,
    359964,
    4,
    2
  ],
  "Bmin": 106790,
  "B2": 359964,
  "W": 192,
  "mu": 16,
  "w": 4,
  "eta": 2,
  "alpha": 0.001,
  "beta": 0.1,
  "Btime": 1125899906842624,
  "Bmemory": 1073741824,
  "Cbase": 32,
  "Cblock": 16,
  "Coracle": 64,
  "timestamp": 1763451250.6315038
}