{
  "status": "OK",
  "group_id": "W192_mu64_w4_eta8_a1_b20_Bt30_Bm30_Cb5_Cbl4_Co6",
  "best_score": 0.07227849960327148,
  "best": [
    192,
    64,
    219886,
    300308,
    4,
    8
  ],
  "Bmin": 219886,
  "B2": 300308,
  "W": 192,
  "mu": 64,
  "w": 4,
  "eta": 8,
  "alpha": 0.001,
  "beta": 0.2,
  "Btime": 1073741824,
  "Bmemory": 1073741824,
  "Cbase": 32,
  "Cblock": 16,
  "Coracle": 64,
  "timestamp": 1763436397.0313125
}