{
  "status": "OK",
  "group_id": "W192_mu64_w8_eta2_a1_b10_Bt30_Bm50_Cb5_Cbl4_Co6",
  "best_score": 0.0548863522708416,
  "best": [
    192,
    64,
    106797,
    198859,
    8,
    2
  ],
  "Bmin": 106797,
  "B2": 198859,
  "W": 192,
  "mu": 64,
  "w": 8,
  "eta": 2,
  "alpha": 0.001,
  "beta": 0.1,
  "Btime": 1073741824,
  "Bmemory": 1125899906842624,
  "Cbase": 32,
  "Cblock": 16,
  "Coracle": 64,
  "timestamp": 1763639004.0649593
}