{
  "status": "OK",
  "group_id": "W192_mu2_w4_eta16_a1_b15_Bt30_Bm50_Cb5_Cbl4_Co6",
  "best_score": 0.004623556509613991,
  "best": [
    192,
    2,
    161783,
    267157,
    4,
    16
  ],
  "Bmin": 161783,
  "B2": 267157,
  "W": 192,
  "mu": 2,
  "w": 4,
  "eta": 16,
  "alpha": 0.001,
  "beta": 0.15,
  "Btime": 1073741824,
  "Bmemory": 1125899906842624,
  "Cbase": 32,
  "Cblock": 16,
  "Coracle": 64,
  "timestamp": 1763623846.7016413
}