{
  "status": "OK",
  "group_id": "W192_mu32_w8_eta8_a1_b15_Bt30_Bm50_Cb5_Cbl4_Co6",
  "best_score": 0.02503654547035694,
  "best": [
    192,
    32,
    161783,
    448375,
    8,
    8
  ],
  "Bmin": 161783,
  "B2": 448375,
  "W": 192,
  "mu": 32,
  "w": 8,
  "eta": 8,
  "alpha": 0.001,
  "beta": 0.15,
  "Btime": 1073741824,
  "Bmemory": 1125899906842624,
  "Cbase": 32,
  "Cblock": 16,
  "Coracle": 64,
  "timestamp": 1763663708.1198235
}