{
  "status": "OK",
  "group_id": "W192_mu8_w4_eta2_a1_b5_Bt30_Bm50_Cb5_Cbl4_Co6",
  "best_score": 0.0459011048078537,
  "best": [
    192,
    8,
    51238,
    171030,
    4,
    2
  ],
  "Bmin": 51238,
  "B2": 171030,
  "W": 192,
  "mu": 8,
  "w": 4,
  "eta": 2,
  "alpha": 0.001,
  "beta": 0.05,
  "Btime": 1073741824,
  "Bmemory": 1125899906842624,
  "Cbase": 32,
  "Cblock": 16,
  "Coracle": 64,
  "timestamp": 1763444976.4201863
}