{
  "status": "OK",
  "group_id": "W192_mu2_w8_eta8_a1_b20_Bt30_Bm50_Cb5_Cbl4_Co6",
  "best_score": 0.0012779368553310633,
  "best": [
    192,
    2,
    219885,
    268139,
    8,
    8
  ],
  "Bmin": 219885,
  "B2": 268139,
  "W": 192,
  "mu": 2,
  "w": 8,
  "eta": 8,
  "alpha": 0.001,
  "beta": 0.2,
  "Btime": 1073741824,
  "Bmemory": 1125899906842624,
  "Cbase": 32,
  "Cblock": 16,
  "Coracle": 64,
  "timestamp": 1763661856.0442705
}