{
  "status": "OK",
  "group_id": "W192_mu64_w16_eta2_a1_b3_Bt30_Bm50_Cb5_Cbl4_Co6",
  "best_score": 0.08518440276384354,
  "best": [
    192,
    64,
    31393,
    171615,
    16,
    2
  ],
  "Bmin": 31393,
  "B2": 171615,
  "W": 192,
  "mu": 64,
  "w": 16,
  "eta": 2,
  "alpha": 0.001,
  "beta": 0.03,
  "Btime": 1073741824,
  "Bmemory": 1125899906842624,
  "Cbase": 32,
  "Cblock": 16,
  "Coracle": 64,
  "timestamp": 1763673207.8494043
}