{
  "status": "OK",
  "group_id": "W192_mu32_w8_eta2_a1_b20_Bt30_Bm30_Cb5_Cbl4_Co6",
  "best_score": 0.011379805393517017,
  "best": [
    192,
    32,
    219884,
    284222,
    8,
    2
  ],
  "Bmin": 219884,
  "B2": 284222,
  "W": 192,
  "mu": 32,
  "w": 8,
  "eta": 2,
  "alpha": 0.001,
  "beta": 0.2,
  "Btime": 1073741824,
  "Bmemory": 1073741824,
  "Cbase": 32,
  "Cblock": 16,
  "Coracle": 64,
  "timestamp": 1763439108.5998898
}