{
  "status": "OK",
  "group_id": "W192_mu8_w16_eta4_a1_b20_Bt50_Bm50_Cb5_Cbl4_Co6",
  "best_score": 0.0024836892262101173,
  "best": [
    192,
    8,
    219885,
    268139,
    16,
    4
  ],
  "Bmin": 219885,
  "B2": 268139,
  "W": 192,
  "mu": 8,
  "w": 16,
  "eta": 4,
  "alpha": 0.001,
  "beta": 0.2,
  "Btime": 1125899906842624,
  "Bmemory": 1125899906842624,
  "Cbase": 32,
  "Cblock": 16,
  "Coracle": 64,
  "timestamp": 1763679132.6536024
}