{
  "status": "OK",
  "group_id": "W192_mu8_w16_eta2_a1_b25_Bt30_Bm50_Cb5_Cbl4_Co6",
  "best_score": 0.0007993082399480045,
  "best": [
    192,
    8,
    293394,
    376511,
    16,
    2
  ],
  "Bmin": 293394,
  "B2": 376511,
  "W": 192,
  "mu": 8,
  "w": 16,
  "eta": 2,
  "alpha": 0.001,
  "beta": 0.25,
  "Btime": 1073741824,
  "Bmemory": 1125899906842624,
  "Cbase": 32,
  "Cblock": 16,
  "Coracle": 64,
  "timestamp": 1763669079.0017552
}