{
  "status": "OK",
  "group_id": "W192_mu8_w16_eta4_a1_b25_Bt30_Bm30_Cb5_Cbl4_Co6",
  "best_score": 0.0008377014892175794,
  "best": [
    192,
    8,
    293394,
    334953,
    16,
    4
  ],
  "Bmin": 293394,
  "B2": 334953,
  "W": 192,
  "mu": 8,
  "w": 16,
  "eta": 4,
  "alpha": 0.001,
  "beta": 0.25,
  "Btime": 1073741824,
  "Bmemory": 1073741824,
  "Cbase": 32,
  "Cblock": 16,
  "Coracle": 64,
  "timestamp": 1762914267.2724462
}