{
  "status": "OK",
  "group_id": "W192_mu2_w4_eta16_a1_b25_Bt50_Bm50_Cb5_Cbl4_Co6",
  "best_score": 0.0003408841439522803,
  "best": [
    192,
    2,
    293394,
    334953,
    4,
    16
  ],
  "Bmin": 293394,
  "B2": 334953,
  "W": 192,
  "mu": 2,
  "w": 4,
  "eta": 16,
  "alpha": 0.001,
  "beta": 0.25,
  "Btime": 1125899906842624,
  "Bmemory": 1125899906842624,
  "Cbase": 32,
  "Cblock": 16,
  "Coracle": 64,
  "timestamp": 1763623872.3462646
}