{
  "status": "OK",
  "group_id": "W192_mu8_w4_eta2_a1_b3_Bt30_Bm50_Cb5_Cbl4_Co6",
  "best_score": 0.15673601627349854,
  "best": [
    192,
    8,
    31395,
    205333,
    4,
    2
  ],
  "Bmin": 31395,
  "B2": 205333,
  "W": 192,
  "mu": 8,
  "w": 4,
  "eta": 2,
  "alpha": 0.001,
  "beta": 0.03,
  "Btime": 1073741824,
  "Bmemory": 1125899906842624,
  "Cbase": 32,
  "Cblock": 16,
  "Coracle": 64,
  "timestamp": 1763444342.819787
}