{
  "status": "OK",
  "group_id": "W192_mu64_w16_eta4_a1_b15_Bt50_Bm30_Cb5_Cbl4_Co6",
  "best_score": 0.029395466670393944,
  "best": [
    192,
    64,
    161783,
    313471,
    16,
    4
  ],
  "Bmin": 161783,
  "B2": 313471,
  "W": 192,
  "mu": 64,
  "w": 16,
  "eta": 4,
  "alpha": 0.001,
  "beta": 0.15,
  "Btime": 1125899906842624,
  "Bmemory": 1073741824,
  "Cbase": 32,
  "Cblock": 16,
  "Coracle": 64,
  "timestamp": 1763682007.4955332
}