{
  "status": "OK",
  "group_id": "W192_mu8_w4_eta16_a1_b25_Bt50_Bm30_Cb5_Cbl4_Co6",
  "best_score": 0.0005741121130995452,
  "best": [
    192,
    8,
    293394,
    404216,
    4,
    16
  ],
  "Bmin": 293394,
  "B2": 404216,
  "W": 192,
  "mu": 8,
  "w": 4,
  "eta": 16,
  "alpha": 0.001,
  "beta": 0.25,
  "Btime": 1125899906842624,
  "Bmemory": 1073741824,
  "Cbase": 32,
  "Cblock": 16,
  "Coracle": 64,
  "timestamp": 1763624268.043551
}