{
  "status": "OK",
  "group_id": "W192_mu8_w16_eta2_a1_b15_Bt30_Bm50_Cb5_Cbl4_Co6",
  "best_score": 0.005068150814622641,
  "best": [
    192,
    8,
    161782,
    275549,
    16,
    2
  ],
  "Bmin": 161782,
  "B2": 275549,
  "W": 192,
  "mu": 8,
  "w": 16,
  "eta": 2,
  "alpha": 0.001,
  "beta": 0.15,
  "Btime": 1073741824,
  "Bmemory": 1125899906842624,
  "Cbase": 32,
  "Cblock": 16,
  "Coracle": 64,
  "timestamp": 1763668888.9681628
}