{
  "status": "OK",
  "group_id": "W192_mu2_w8_eta4_a1_b5_Bt30_Bm50_Cb5_Cbl4_Co6",
  "best_score": 0.028061557561159134,
  "best": [
    192,
    2,
    51239,
    230924,
    8,
    4
  ],
  "Bmin": 51239,
  "B2": 230924,
  "W": 192,
  "mu": 2,
  "w": 8,
  "eta": 4,
  "alpha": 0.001,
  "beta": 0.05,
  "Btime": 1073741824,
  "Bmemory": 1125899906842624,
  "Cbase": 32,
  "Cblock": 16,
  "Coracle": 64,
  "timestamp": 1763645800.8303316
}