{
  "status": "OK",
  "group_id": "W192_mu32_w16_eta2_a1_b5_Bt50_Bm30_Cb5_Cbl4_Co6",
  "best_score": 0.036719903349876404,
  "best": [
    192,
    32,
    51239,
    427947,
    16,
    2
  ],
  "Bmin": 51239,
  "B2": 427947,
  "W": 192,
  "mu": 32,
  "w": 16,
  "eta": 2,
  "alpha": 0.001,
  "beta": 0.05,
  "Btime": 1125899906842624,
  "Bmemory": 1073741824,
  "Cbase": 32,
  "Cblock": 16,
  "Coracle": 64,
  "timestamp": 1763671245.626941
}