{
  "status": "OK",
  "group_id": "W192_mu32_w16_eta2_a1_b3_Bt50_Bm50_Cb5_Cbl4_Co6",
  "best_score": 0.09304884076118469,
  "best": [
    192,
    32,
    31393,
    452060,
    16,
    2
  ],
  "Bmin": 31393,
  "B2": 452060,
  "W": 192,
  "mu": 32,
  "w": 16,
  "eta": 2,
  "alpha": 0.001,
  "beta": 0.03,
  "Btime": 1125899906842624,
  "Bmemory": 1125899906842624,
  "Cbase": 32,
  "Cblock": 16,
  "Coracle": 64,
  "timestamp": 1763670959.2208757
}