{
  "status": "OK",
  "group_id": "W192_mu64_w8_eta4_a1_b5_Bt30_Bm30_Cb5_Cbl4_Co6",
  "best_score": 0.04544743895530701,
  "best": [
    192,
    64,
    51239,
    200977,
    8,
    4
  ],
  "Bmin": 51239,
  "B2": 200977,
  "W": 192,
  "mu": 64,
  "w": 8,
  "eta": 4,
  "alpha": 0.001,
  "beta": 0.05,
  "Btime": 1073741824,
  "Bmemory": 1073741824,
  "Cbase": 32,
  "Cblock": 16,
  "Coracle": 64,
  "timestamp": 1763654329.4082687
}