{
  "status": "OK",
  "group_id": "W192_mu16_w4_eta4_a1_b25_Bt30_Bm30_Cb5_Cbl4_Co6",
  "best_score": 0.0007839114987291396,
  "best": [
    192,
    16,
    293392,
    376508,
    4,
    4
  ],
  "Bmin": 293392,
  "B2": 376508,
  "W": 192,
  "mu": 16,
  "w": 4,
  "eta": 4,
  "alpha": 0.001,
  "beta": 0.25,
  "Btime": 1073741824,
  "Bmemory": 1073741824,
  "Cbase": 32,
  "Cblock": 16,
  "Coracle": 64,
  "timestamp": 1762880831.5766466
}