{
  "status": "OK",
  "group_id": "W192_mu16_w4_eta8_a1_b3_Bt30_Bm50_Cb5_Cbl4_Co6",
  "best_score": 0.05185340717434883,
  "best": [
    192,
    16,
    31393,
    445368,
    4,
    8
  ],
  "Bmin": 31393,
  "B2": 445368,
  "W": 192,
  "mu": 16,
  "w": 4,
  "eta": 8,
  "alpha": 0.001,
  "beta": 0.03,
  "Btime": 1073741824,
  "Bmemory": 1125899906842624,
  "Cbase": 32,
  "Cblock": 16,
  "Coracle": 64,
  "timestamp": 1763523343.799156
}