{
  "status": "OK",
  "group_id": "W192_mu4_w4_eta16_a1_b15_Bt50_Bm50_Cb5_Cbl4_Co6",
  "best_score": 0.005184442736208439,
  "best": [
    192,
    4,
    161783,
    305079,
    4,
    16
  ],
  "Bmin": 161783,
  "B2": 305079,
  "W": 192,
  "mu": 4,
  "w": 4,
  "eta": 16,
  "alpha": 0.001,
  "beta": 0.15,
  "Btime": 1125899906842624,
  "Bmemory": 1125899906842624,
  "Cbase": 32,
  "Cblock": 16,
  "Coracle": 64,
  "timestamp": 1763623949.3476639
}