{
  "status": "OK",
  "group_id": "W192_mu16_w8_eta4_a1_b25_Bt30_Bm50_Cb5_Cbl4_Co6",
  "best_score": 0.0011301952181383967,
  "best": [
    192,
    16,
    293394,
    390365,
    8,
    4
  ],
  "Bmin": 293394,
  "B2": 390365,
  "W": 192,
  "mu": 16,
  "w": 8,
  "eta": 4,
  "alpha": 0.001,
  "beta": 0.25,
  "Btime": 1073741824,
  "Bmemory": 1125899906842624,
  "Cbase": 32,
  "Cblock": 16,
  "Coracle": 64,
  "timestamp": 1763648377.3824096
}