{
  "status": "OK",
  "group_id": "W192_mu2_w8_eta2_a1_b10_Bt50_Bm30_Cb5_Cbl4_Co6",
  "best_score": 0.006437778938561678,
  "best": [
    192,
    2,
    106797,
    382986,
    8,
    2
  ],
  "Bmin": 106797,
  "B2": 382986,
  "W": 192,
  "mu": 2,
  "w": 8,
  "eta": 2,
  "alpha": 0.001,
  "beta": 0.1,
  "Btime": 1125899906842624,
  "Bmemory": 1073741824,
  "Cbase": 32,
  "Cblock": 16,
  "Coracle": 64,
  "timestamp": 1763624566.690168
}