{
  "status": "OK",
  "group_id": "W192_mu8_w8_eta4_a1_b25_Bt50_Bm50_Cb5_Cbl4_Co6",
  "best_score": 0.0005995610263198614,
  "best": [
    192,
    8,
    293394,
    473482,
    8,
    4
  ],
  "Bmin": 293394,
  "B2": 473482,
  "W": 192,
  "mu": 8,
  "w": 8,
  "eta": 4,
  "alpha": 0.001,
  "beta": 0.25,
  "Btime": 1125899906842624,
  "Bmemory": 1125899906842624,
  "Cbase": 32,
  "Cblock": 16,
  "Coracle": 64,
  "timestamp": 1763646949.6470423
}