{
  "status": "OK",
  "group_id": "W192_mu8_w4_eta4_a1_b15_Bt50_Bm50_Cb5_Cbl4_Co6",
  "best_score": 0.0036593005061149597,
  "best": [
    192,
    8,
    161781,
    1150253,
    4,
    4
  ],
  "Bmin": 161781,
  "B2": 1150253,
  "W": 192,
  "mu": 8,
  "w": 4,
  "eta": 4,
  "alpha": 0.001,
  "beta": 0.15,
  "Btime": 1125899906842624,
  "Bmemory": 1125899906842624,
  "Cbase": 32,
  "Cblock": 16,
  "Coracle": 64,
  "timestamp": 1763499155.4025152
}