{
  "status": "OK",
  "group_id": "W192_mu4_w4_eta4_a1_b10_Bt30_Bm50_Cb5_Cbl4_Co6",
  "best_score": 0.0056110527366399765,
  "best": [
    192,
    4,
    106797,
    313937,
    4,
    4
  ],
  "Bmin": 106797,
  "B2": 313937,
  "W": 192,
  "mu": 4,
  "w": 4,
  "eta": 4,
  "alpha": 0.001,
  "beta": 0.1,
  "Btime": 1073741824,
  "Bmemory": 1125899906842624,
  "Cbase": 32,
  "Cblock": 16,
  "Coracle": 64,
  "timestamp": 1763495946.9115403
}