{
  "status": "OK",
  "group_id": "W192_mu64_w8_eta2_a1_b25_Bt50_Bm30_Cb5_Cbl4_Co6",
  "best_score": 0.04491856321692467,
  "best": [
    192,
    64,
    293392,
    431921,
    8,
    2
  ],
  "Bmin": 293392,
  "B2": 431921,
  "W": 192,
  "mu": 64,
  "w": 8,
  "eta": 2,
  "alpha": 0.001,
  "beta": 0.25,
  "Btime": 1125899906842624,
  "Bmemory": 1073741824,
  "Cbase": 32,
  "Cblock": 16,
  "Coracle": 64,
  "timestamp": 1763645182.5165162
}