{
  "status": "OK",
  "group_id": "W192_mu4_w4_eta4_a1_b3_Bt30_Bm50_Cb5_Cbl4_Co6",
  "best_score": 0.05381125956773758,
  "best": [
    192,
    4,
    31392,
    344215,
    4,
    4
  ],
  "Bmin": 31392,
  "B2": 344215,
  "W": 192,
  "mu": 4,
  "w": 4,
  "eta": 4,
  "alpha": 0.001,
  "beta": 0.03,
  "Btime": 1073741824,
  "Bmemory": 1125899906842624,
  "Cbase": 32,
  "Cblock": 16,
  "Coracle": 64,
  "timestamp": 1763495503.8093178
}