{
  "status": "OK",
  "group_id": "W192_mu4_w16_eta4_a1_b5_Bt50_Bm30_Cb5_Cbl4_Co6",
  "best_score": 0.022786743938922882,
  "best": [
    192,
    4,
    51240,
    141081,
    16,
    4
  ],
  "Bmin": 51240,
  "B2": 141081,
  "W": 192,
  "mu": 4,
  "w": 16,
  "eta": 4,
  "alpha": 0.001,
  "beta": 0.05,
  "Btime": 1125899906842624,
  "Bmemory": 1073741824,
  "Cbase": 32,
  "Cblock": 16,
  "Coracle": 64,
  "timestamp": 1763678926.5537932
}