{
  "status": "OK",
  "group_id": "W192_mu2_w8_eta2_a1_b5_Bt30_Bm30_Cb5_Cbl4_Co6",
  "best_score": 0.033165428787469864,
  "best": [
    192,
    2,
    51238,
    410608,
    8,
    2
  ],
  "Bmin": 51238,
  "B2": 410608,
  "W": 192,
  "mu": 2,
  "w": 8,
  "eta": 2,
  "alpha": 0.001,
  "beta": 0.05,
  "Btime": 1073741824,
  "Bmemory": 1073741824,
  "Cbase": 32,
  "Cblock": 16,
  "Coracle": 64,
  "timestamp": 1763436896.7814531
}