{
  "status": "OK",
  "group_id": "W192_mu8_w4_eta2_a1_b20_Bt50_Bm50_Cb5_Cbl4_Co6",
  "best_score": 0.0011101140407845378,
  "best": [
    192,
    8,
    219887,
    396816,
    4,
    2
  ],
  "Bmin": 219887,
  "B2": 396816,
  "W": 192,
  "mu": 8,
  "w": 4,
  "eta": 2,
  "alpha": 0.001,
  "beta": 0.2,
  "Btime": 1125899906842624,
  "Bmemory": 1125899906842624,
  "Cbase": 32,
  "Cblock": 16,
  "Coracle": 64,
  "timestamp": 1763447132.2270608
}