{
  "status": "OK",
  "group_id": "W192_mu2_w16_eta4_a1_b10_Bt50_Bm50_Cb5_Cbl4_Co6",
  "best_score": 0.006836686283349991,
  "best": [
    192,
    2,
    106794,
    175842,
    16,
    4
  ],
  "Bmin": 106794,
  "B2": 175842,
  "W": 192,
  "mu": 2,
  "w": 16,
  "eta": 4,
  "alpha": 0.001,
  "beta": 0.1,
  "Btime": 1125899906842624,
  "Bmemory": 1125899906842624,
  "Cbase": 32,
  "Cblock": 16,
  "Coracle": 64,
  "timestamp": 1763678837.3128211
}