{
  "status": "OK",
  "group_id": "W192_mu2_w8_eta4_a1_b10_Bt50_Bm50_Cb5_Cbl4_Co6",
  "best_score": 0.007074174005538225,
  "best": [
    192,
    2,
    106796,
    244890,
    8,
    4
  ],
  "Bmin": 106796,
  "B2": 244890,
  "W": 192,
  "mu": 2,
  "w": 8,
  "eta": 4,
  "alpha": 0.001,
  "beta": 0.1,
  "Btime": 1125899906842624,
  "Bmemory": 1125899906842624,
  "Cbase": 32,
  "Cblock": 16,
  "Coracle": 64,
  "timestamp": 1763645844.3813934
}