{
  "status": "OK",
  "group_id": "W192_mu32_w16_eta2_a1_b20_Bt30_Bm30_Cb5_Cbl4_Co6",
  "best_score": 0.01652466505765915,
  "best": [
    192,
    32,
    219886,
    300306,
    16,
    2
  ],
  "Bmin": 219886,
  "B2": 300306,
  "W": 192,
  "mu": 32,
  "w": 16,
  "eta": 2,
  "alpha": 0.001,
  "beta": 0.2,
  "Btime": 1073741824,
  "Bmemory": 1073741824,
  "Cbase": 32,
  "Cblock": 16,
  "Coracle": 64,
  "timestamp": 1763672280.9724498
}