{
  "status": "OK",
  "group_id": "W192_mu8_w4_eta2_a1_b25_Bt30_Bm30_Cb5_Cbl4_Co6",
  "best_score": 0.0003815862874034792,
  "best": [
    192,
    8,
    293388,
    348800,
    4,
    2
  ],
  "Bmin": 293388,
  "B2": 348800,
  "W": 192,
  "mu": 8,
  "w": 4,
  "eta": 2,
  "alpha": 0.001,
  "beta": 0.25,
  "Btime": 1073741824,
  "Bmemory": 1073741824,
  "Cbase": 32,
  "Cblock": 16,
  "Coracle": 64,
  "timestamp": 1762858289.2219644
}