{
  "status": "OK",
  "group_id": "W192_mu16_w4_eta4_a1_b20_Bt30_Bm30_Cb5_Cbl4_Co6",
  "best_score": 0.0020540710538625717,
  "best": [
    192,
    16,
    219884,
    300308,
    4,
    4
  ],
  "Bmin": 219884,
  "B2": 300308,
  "W": 192,
  "mu": 16,
  "w": 4,
  "eta": 4,
  "alpha": 0.001,
  "beta": 0.2,
  "Btime": 1073741824,
  "Bmemory": 1073741824,
  "Cbase": 32,
  "Cblock": 16,
  "Coracle": 64,
  "timestamp": 1762880591.6118581
}