{
  "status": "OK",
  "group_id": "W192_mu16_w4_eta8_a1_b5_Bt50_Bm30_Cb5_Cbl4_Co6",
  "best_score": 0.026194749400019646,
  "best": [
    192,
    16,
    51239,
    1271999,
    4,
    8
  ],
  "Bmin": 51239,
  "B2": 1271999,
  "W": 192,
  "mu": 16,
  "w": 4,
  "eta": 8,
  "alpha": 0.001,
  "beta": 0.05,
  "Btime": 1125899906842624,
  "Bmemory": 1073741824,
  "Cbase": 32,
  "Cblock": 16,
  "Coracle": 64,
  "timestamp": 1763524338.8526957
}