{
  "status": "OK",
  "group_id": "W192_mu2_w4_eta2_a1_b3_Bt30_Bm50_Cb5_Cbl4_Co6",
  "best_score": 0.10656539350748062,
  "best": [
    192,
    2,
    31395,
    346891,
    4,
    2
  ],
  "Bmin": 31395,
  "B2": 346891,
  "W": 192,
  "mu": 2,
  "w": 4,
  "eta": 2,
  "alpha": 0.001,
  "beta": 0.03,
  "Btime": 1073741824,
  "Bmemory": 1125899906842624,
  "Cbase": 32,
  "Cblock": 16,
  "Coracle": 64,
  "timestamp": 1763440266.9007993
}