{
  "status": "OK",
  "group_id": "W192_mu64_w16_eta2_a1_b25_Bt30_Bm30_Cb5_Cbl4_Co6",
  "best_score": 0.05367277190089226,
  "best": [
    192,
    64,
    293394,
    348805,
    16,
    2
  ],
  "Bmin": 293394,
  "B2": 348805,
  "W": 192,
  "mu": 64,
  "w": 16,
  "eta": 2,
  "alpha": 0.001,
  "beta": 0.25,
  "Btime": 1073741824,
  "Bmemory": 1073741824,
  "Cbase": 32,
  "Cblock": 16,
  "Coracle": 64,
  "timestamp": 1763678060.6381407
}