{
  "status": "OK",
  "group_id": "W192_mu32_w4_eta8_a1_b10_Bt50_Bm30_Cb5_Cbl4_Co6",
  "best_score": 0.0200163796544075,
  "best": [
    192,
    32,
    106796,
    1223312,
    4,
    8
  ],
  "Bmin": 106796,
  "B2": 1223312,
  "W": 192,
  "mu": 32,
  "w": 4,
  "eta": 8,
  "alpha": 0.001,
  "beta": 0.1,
  "Btime": 1125899906842624,
  "Bmemory": 1073741824,
  "Cbase": 32,
  "Cblock": 16,
  "Coracle": 64,
  "timestamp": 1763530930.2375436
}