{
  "status": "OK",
  "group_id": "W192_mu64_w16_eta2_a1_b10_Bt50_Bm50_Cb5_Cbl4_Co6",
  "best_score": 0.027799522504210472,
  "best": [
    192,
    64,
    106796,
    521079,
    16,
    2
  ],
  "Bmin": 106796,
  "B2": 521079,
  "W": 192,
  "mu": 64,
  "w": 16,
  "eta": 2,
  "alpha": 0.001,
  "beta": 0.1,
  "Btime": 1125899906842624,
  "Bmemory": 1125899906842624,
  "Cbase": 32,
  "Cblock": 16,
  "Coracle": 64,
  "timestamp": 1763676219.5886304
}