{
  "status": "OK",
  "group_id": "W192_mu32_w16_eta2_a1_b20_Bt50_Bm30_Cb5_Cbl4_Co6",
  "best_score": 0.017038365826010704,
  "best": [
    192,
    32,
    219886,
    412898,
    16,
    2
  ],
  "Bmin": 219886,
  "B2": 412898,
  "W": 192,
  "mu": 32,
  "w": 16,
  "eta": 2,
  "alpha": 0.001,
  "beta": 0.2,
  "Btime": 1125899906842624,
  "Bmemory": 1073741824,
  "Cbase": 32,
  "Cblock": 16,
  "Coracle": 64,
  "timestamp": 1763672475.6597233
}