{
  "status": "OK",
  "group_id": "W192_mu32_w8_eta2_a1_b3_Bt50_Bm30_Cb5_Cbl4_Co6",
  "best_score": 0.18490402400493622,
  "best": [
    192,
    32,
    31392,
    415664,
    8,
    2
  ],
  "Bmin": 31392,
  "B2": 415664,
  "W": 192,
  "mu": 32,
  "w": 8,
  "eta": 2,
  "alpha": 0.001,
  "beta": 0.03,
  "Btime": 1125899906842624,
  "Bmemory": 1073741824,
  "Cbase": 32,
  "Cblock": 16,
  "Coracle": 64,
  "timestamp": 1763630725.2160144
}