{
  "status": "OK",
  "group_id": "W192_mu4_w8_eta8_a1_b15_Bt50_Bm50_Cb5_Cbl4_Co6",
  "best_score": 0.004912048578262329,
  "best": [
    192,
    4,
    161783,
    237627,
    8,
    8
  ],
  "Bmin": 161783,
  "B2": 237627,
  "W": 192,
  "mu": 4,
  "w": 8,
  "eta": 8,
  "alpha": 0.001,
  "beta": 0.15,
  "Btime": 1125899906842624,
  "Bmemory": 1125899906842624,
  "Cbase": 32,
  "Cblock": 16,
  "Coracle": 64,
  "timestamp": 1763661947.550735
}