{
  "status": "OK",
  "group_id": "W192_mu16_w4_eta2_a1_b15_Bt30_Bm30_Cb5_Cbl4_Co6",
  "best_score": 0.004558282904326916,
  "best": [
    192,
    16,
    161784,
    237628,
    4,
    2
  ],
  "Bmin": 161784,
  "B2": 237628,
  "W": 192,
  "mu": 16,
  "w": 4,
  "eta": 2,
  "alpha": 0.001,
  "beta": 0.15,
  "Btime": 1073741824,
  "Bmemory": 1073741824,
  "Cbase": 32,
  "Cblock": 16,
  "Coracle": 64,
  "timestamp": 1762860278.3016868
}