{
  "status": "OK",
  "group_id": "W192_mu4_w4_eta4_a1_b15_Bt30_Bm50_Cb5_Cbl4_Co6",
  "best_score": 0.002400074852630496,
  "best": [
    192,
    4,
    161781,
    343002,
    4,
    4
  ],
  "Bmin": 161781,
  "B2": 343002,
  "W": 192,
  "mu": 4,
  "w": 4,
  "eta": 4,
  "alpha": 0.001,
  "beta": 0.15,
  "Btime": 1073741824,
  "Bmemory": 1125899906842624,
  "Cbase": 32,
  "Cblock": 16,
  "Coracle": 64,
  "timestamp": 1763496136.9090104
}