{
  "status": "OK",
  "group_id": "W192_mu2_w8_eta2_a1_b20_Bt50_Bm30_Cb5_Cbl4_Co6",
  "best_score": 0.0010288545163348317,
  "best": [
    192,
    2,
    219884,
    412900,
    8,
    2
  ],
  "Bmin": 219884,
  "B2": 412900,
  "W": 192,
  "mu": 2,
  "w": 8,
  "eta": 2,
  "alpha": 0.001,
  "beta": 0.2,
  "Btime": 1125899906842624,
  "Bmemory": 1073741824,
  "Cbase": 32,
  "Cblock": 16,
  "Coracle": 64,
  "timestamp": 1763624726.0338397
}