{
  "status": "OK",
  "group_id": "W192_mu2_w16_eta2_a1_b3_Bt30_Bm30_Cb5_Cbl4_Co6",
  "best_score": 0.06927096098661423,
  "best": [
    192,
    2,
    31393,
    241727,
    16,
    2
  ],
  "Bmin": 31393,
  "B2": 241727,
  "W": 192,
  "mu": 2,
  "w": 16,
  "eta": 2,
  "alpha": 0.001,
  "beta": 0.03,
  "Btime": 1073741824,
  "Bmemory": 1073741824,
  "Cbase": 32,
  "Cblock": 16,
  "Coracle": 64,
  "timestamp": 1763667933.6732998
}