{
  "status": "OK",
  "group_id": "W192_mu8_w4_eta8_a1_b5_Bt30_Bm30_Cb5_Cbl4_Co6",
  "best_score": 0.02559436671435833,
  "best": [
    192,
    8,
    51239,
    642311,
    4,
    8
  ],
  "Bmin": 51239,
  "B2": 642311,
  "W": 192,
  "mu": 8,
  "w": 4,
  "eta": 8,
  "alpha": 0.001,
  "beta": 0.05,
  "Btime": 1073741824,
  "Bmemory": 1073741824,
  "Cbase": 32,
  "Cblock": 16,
  "Coracle": 64,
  "timestamp": 1762887473.659553
}