{
  "status": "OK",
  "group_id": "W192_mu32_w4_eta8_a1_b15_Bt50_Bm30_Cb5_Cbl4_Co6",
  "best_score": 0.02339090406894684,
  "best": [
    192,
    32,
    161782,
    1255629,
    4,
    8
  ],
  "Bmin": 161782,
  "B2": 1255629,
  "W": 192,
  "mu": 32,
  "w": 4,
  "eta": 8,
  "alpha": 0.001,
  "beta": 0.15,
  "Btime": 1125899906842624,
  "Bmemory": 1073741824,
  "Cbase": 32,
  "Cblock": 16,
  "Coracle": 64,
  "timestamp": 1763532218.0852582
}