{
  "status": "OK",
  "group_id": "W192_mu2_w4_eta2_a1_b15_Bt50_Bm50_Cb5_Cbl4_Co6",
  "best_score": 0.0020412264857441187,
  "best": [
    192,
    2,
    161784,
    665340,
    4,
    2
  ],
  "Bmin": 161784,
  "B2": 665340,
  "W": 192,
  "mu": 2,
  "w": 4,
  "eta": 2,
  "alpha": 0.001,
  "beta": 0.15,
  "Btime": 1125899906842624,
  "Bmemory": 1125899906842624,
  "Cbase": 32,
  "Cblock": 16,
  "Coracle": 64,
  "timestamp": 1763441668.1427517
}