{
  "status": "OK",
  "group_id": "W192_mu2_w16_eta4_a1_b5_Bt30_Bm50_Cb5_Cbl4_Co6",
  "best_score": 0.01979217678308487,
  "best": [
    192,
    2,
    51240,
    141081,
    16,
    4
  ],
  "Bmin": 51240,
  "B2": 141081,
  "W": 192,
  "mu": 2,
  "w": 16,
  "eta": 4,
  "alpha": 0.001,
  "beta": 0.05,
  "Btime": 1073741824,
  "Bmemory": 1125899906842624,
  "Cbase": 32,
  "Cblock": 16,
  "Coracle": 64,
  "timestamp": 1763678813.0499837
}