{
  "status": "OK",
  "group_id": "W192_mu2_w4_eta4_a1_b5_Bt30_Bm50_Cb5_Cbl4_Co6",
  "best_score": 0.022080862894654274,
  "best": [
    192,
    2,
    51238,
    487842,
    4,
    4
  ],
  "Bmin": 51238,
  "B2": 487842,
  "W": 192,
  "mu": 2,
  "w": 4,
  "eta": 4,
  "alpha": 0.001,
  "beta": 0.05,
  "Btime": 1073741824,
  "Bmemory": 1125899906842624,
  "Cbase": 32,
  "Cblock": 16,
  "Coracle": 64,
  "timestamp": 1763494978.9490597
}