{
  "status": "OK",
  "group_id": "W192_mu2_w4_eta16_a1_b10_Bt50_Bm50_Cb5_Cbl4_Co6",
  "best_score": 0.007983552291989326,
  "best": [
    192,
    2,
    106794,
    220850,
    4,
    16
  ],
  "Bmin": 106794,
  "B2": 220850,
  "W": 192,
  "mu": 2,
  "w": 4,
  "eta": 16,
  "alpha": 0.001,
  "beta": 0.1,
  "Btime": 1125899906842624,
  "Bmemory": 1125899906842624,
  "Cbase": 32,
  "Cblock": 16,
  "Coracle": 64,
  "timestamp": 1763623842.9293814
}