{
  "status": "OK",
  "group_id": "W192_mu16_w8_eta4_a1_b15_Bt50_Bm30_Cb5_Cbl4_Co6",
  "best_score": 0.00836461316794157,
  "best": [
    192,
    16,
    161782,
    486298,
    8,
    4
  ],
  "Bmin": 161782,
  "B2": 486298,
  "W": 192,
  "mu": 16,
  "w": 8,
  "eta": 4,
  "alpha": 0.001,
  "beta": 0.15,
  "Btime": 1125899906842624,
  "Bmemory": 1073741824,
  "Cbase": 32,
  "Cblock": 16,
  "Coracle": 64,
  "timestamp": 1763647975.6659033
}