{
  "status": "OK",
  "group_id": "W192_mu32_w8_eta4_a1_b3_Bt30_Bm50_Cb5_Cbl4_Co6",
  "best_score": 0.1193634495139122,
  "best": [
    192,
    32,
    31393,
    241725,
    8,
    4
  ],
  "Bmin": 31393,
  "B2": 241725,
  "W": 192,
  "mu": 32,
  "w": 8,
  "eta": 4,
  "alpha": 0.001,
  "beta": 0.03,
  "Btime": 1073741824,
  "Bmemory": 1125899906842624,
  "Cbase": 32,
  "Cblock": 16,
  "Coracle": 64,
  "timestamp": 1763648728.1580775
}