{
  "status": "OK",
  "group_id": "W192_mu64_w4_eta8_a1_b10_Bt50_Bm50_Cb5_Cbl4_Co6",
  "best_score": 0.033758096396923065,
  "best": [
    192,
    64,
    106796,
    1337368,
    4,
    8
  ],
  "Bmin": 106796,
  "B2": 1337368,
  "W": 192,
  "mu": 64,
  "w": 4,
  "eta": 8,
  "alpha": 0.001,
  "beta": 0.1,
  "Btime": 1125899906842624,
  "Bmemory": 1125899906842624,
  "Cbase": 32,
  "Cblock": 16,
  "Coracle": 64,
  "timestamp": 1763618759.897701
}