{
  "status": "OK",
  "group_id": "W192_mu2_w4_eta8_a1_b25_Bt30_Bm50_Cb5_Cbl4_Co6",
  "best_score": 0.0003106330113951117,
  "best": [
    192,
    2,
    293394,
    376511,
    4,
    8
  ],
  "Bmin": 293394,
  "B2": 376511,
  "W": 192,
  "mu": 2,
  "w": 4,
  "eta": 8,
  "alpha": 0.001,
  "beta": 0.25,
  "Btime": 1073741824,
  "Bmemory": 1125899906842624,
  "Cbase": 32,
  "Cblock": 16,
  "Coracle": 64,
  "timestamp": 1763521635.0848005
}