{
  "status": "OK",
  "group_id": "W192_mu2_w4_eta4_a1_b20_Bt30_Bm30_Cb5_Cbl4_Co6",
  "best_score": 0.0007424293435178697,
  "best": [
    192,
    2,
    219884,
    412900,
    4,
    4
  ],
  "Bmin": 219884,
  "B2": 412900,
  "W": 192,
  "mu": 2,
  "w": 4,
  "eta": 4,
  "alpha": 0.001,
  "beta": 0.2,
  "Btime": 1073741824,
  "Bmemory": 1073741824,
  "Cbase": 32,
  "Cblock": 16,
  "Coracle": 64,
  "timestamp": 1762878613.0852573
}