{
  "status": "OK",
  "group_id": "W192_mu8_w4_eta16_a1_b5_Bt50_Bm30_Cb5_Cbl4_Co6",
  "best_score": 0.021251918748021126,
  "best": [
    192,
    8,
    51240,
    346775,
    4,
    16
  ],
  "Bmin": 51240,
  "B2": 346775,
  "W": 192,
  "mu": 8,
  "w": 4,
  "eta": 16,
  "alpha": 0.001,
  "beta": 0.05,
  "Btime": 1125899906842624,
  "Bmemory": 1073741824,
  "Cbase": 32,
  "Cblock": 16,
  "Coracle": 64,
  "timestamp": 1763624066.627375
}