{
  "status": "OK",
  "group_id": "W192_mu4_w16_eta4_a1_b20_Bt50_Bm30_Cb5_Cbl4_Co6",
  "best_score": 0.001967549789696932,
  "best": [
    192,
    4,
    219885,
    268139,
    16,
    4
  ],
  "Bmin": 219885,
  "B2": 268139,
  "W": 192,
  "mu": 4,
  "w": 16,
  "eta": 4,
  "alpha": 0.001,
  "beta": 0.2,
  "Btime": 1125899906842624,
  "Bmemory": 1073741824,
  "Cbase": 32,
  "Cblock": 16,
  "Coracle": 64,
  "timestamp": 1763678981.8757765
}