{
  "status": "OK",
  "group_id": "W192_mu32_w16_eta4_a1_b20_Bt30_Bm30_Cb5_Cbl4_Co6",
  "best_score": 0.01780845783650875,
  "best": [
    192,
    32,
    219885,
    316392,
    16,
    4
  ],
  "Bmin": 219885,
  "B2": 316392,
  "W": 192,
  "mu": 32,
  "w": 16,
  "eta": 4,
  "alpha": 0.001,
  "beta": 0.2,
  "Btime": 1073741824,
  "Bmemory": 1073741824,
  "Cbase": 32,
  "Cblock": 16,
  "Coracle": 64,
  "timestamp": 1763680165.9820337
}