{
  "status": "OK",
  "group_id": "W192_mu64_w4_eta2_a1_b10_Bt50_Bm30_Cb5_Cbl4_Co6",
  "best_score": 0.5316306352615356,
  "best": [
    192,
    64,
    106790,
    290916,
    4,
    2
  ],
  "Bmin": 106790,
  "B2": 290916,
  "W": 192,
  "mu": 64,
  "w": 4,
  "eta": 2,
  "alpha": 0.001,
  "beta": 0.1,
  "Btime": 1125899906842624,
  "Bmemory": 1073741824,
  "Cbase": 32,
  "Cblock": 16,
  "Coracle": 64,
  "timestamp": 1763481552.0259113
}