{
  "status": "OK",
  "group_id": "W192_mu16_w8_eta2_a1_b10_Bt50_Bm50_Cb5_Cbl4_Co6",
  "best_score": 0.01350646186619997,
  "best": [
    192,
    16,
    106797,
    382985,
    8,
    2
  ],
  "Bmin": 106797,
  "B2": 382985,
  "W": 192,
  "mu": 16,
  "w": 8,
  "eta": 2,
  "alpha": 0.001,
  "beta": 0.1,
  "Btime": 1125899906842624,
  "Bmemory": 1125899906842624,
  "Cbase": 32,
  "Cblock": 16,
  "Coracle": 64,
  "timestamp": 1763629051.8255825
}