{
  "status": "OK",
  "group_id": "W192_mu8_w8_eta2_a1_b3_Bt50_Bm30_Cb5_Cbl4_Co6",
  "best_score": 0.15659448504447937,
  "best": [
    192,
    8,
    31392,
    856668,
    8,
    2
  ],
  "Bmin": 31392,
  "B2": 856668,
  "W": 192,
  "mu": 8,
  "w": 8,
  "eta": 2,
  "alpha": 0.001,
  "beta": 0.03,
  "Btime": 1125899906842624,
  "Bmemory": 1073741824,
  "Cbase": 32,
  "Cblock": 16,
  "Coracle": 64,
  "timestamp": 1763625892.9607844
}