{
  "status": "OK",
  "group_id": "W192_mu64_w8_eta4_a1_b25_Bt50_Bm30_Cb5_Cbl4_Co6",
  "best_score": 0.043376196175813675,
  "best": [
    192,
    64,
    293394,
    884538,
    8,
    4
  ],
  "Bmin": 293394,
  "B2": 884538,
  "W": 192,
  "mu": 64,
  "w": 8,
  "eta": 4,
  "alpha": 0.001,
  "beta": 0.25,
  "Btime": 1125899906842624,
  "Bmemory": 1073741824,
  "Cbase": 32,
  "Cblock": 16,
  "Coracle": 64,
  "timestamp": 1763661198.148694
}