{
  "status": "OK",
  "group_id": "W192_mu2_w8_eta2_a1_b25_Bt30_Bm30_Cb5_Cbl4_Co6",
  "best_score": 0.0003398798580747098,
  "best": [
    192,
    2,
    293392,
    459626,
    8,
    2
  ],
  "Bmin": 293392,
  "B2": 459626,
  "W": 192,
  "mu": 2,
  "w": 8,
  "eta": 2,
  "alpha": 0.001,
  "beta": 0.25,
  "Btime": 1073741824,
  "Bmemory": 1073741824,
  "Cbase": 32,
  "Cblock": 16,
  "Coracle": 64,
  "timestamp": 1763437022.051891
}