{
  "status": "OK",
  "group_id": "W192_mu32_w8_eta4_a1_b25_Bt30_Bm50_Cb5_Cbl4_Co6",
  "best_score": 0.00514420447871089,
  "best": [
    192,
    32,
    293394,
    376511,
    8,
    4
  ],
  "Bmin": 293394,
  "B2": 376511,
  "W": 192,
  "mu": 32,
  "w": 8,
  "eta": 4,
  "alpha": 0.001,
  "beta": 0.25,
  "Btime": 1073741824,
  "Bmemory": 1125899906842624,
  "Cbase": 32,
  "Cblock": 16,
  "Coracle": 64,
  "timestamp": 1763652008.2279441
}