{
  "status": "OK",
  "group_id": "W192_mu4_w8_eta2_a1_b5_Bt30_Bm50_Cb5_Cbl4_Co6",
  "best_score": 0.03455926477909088,
  "best": [
    192,
    4,
    51238,
    260870,
    8,
    2
  ],
  "Bmin": 51238,
  "B2": 260870,
  "W": 192,
  "mu": 4,
  "w": 8,
  "eta": 2,
  "alpha": 0.001,
  "beta": 0.05,
  "Btime": 1073741824,
  "Bmemory": 1125899906842624,
  "Cbase": 32,
  "Cblock": 16,
  "Coracle": 64,
  "timestamp": 1763625045.472041
}