{
  "status": "OK",
  "group_id": "W192_mu16_w4_eta2_a1_b20_Bt30_Bm30_Cb5_Cbl4_Co6",
  "best_score": 0.002014078665524721,
  "best": [
    192,
    16,
    219887,
    284224,
    4,
    2
  ],
  "Bmin": 219887,
  "B2": 284224,
  "W": 192,
  "mu": 16,
  "w": 4,
  "eta": 2,
  "alpha": 0.001,
  "beta": 0.2,
  "Btime": 1073741824,
  "Bmemory": 1073741824,
  "Cbase": 32,
  "Cblock": 16,
  "Coracle": 64,
  "timestamp": 1762860853.5061584
}