{
  "status": "OK",
  "group_id": "W192_mu8_w4_eta16_a1_b10_Bt30_Bm50_Cb5_Cbl4_Co6",
  "best_score": 0.009965493343770504,
  "best": [
    192,
    8,
    106794,
    379914,
    4,
    16
  ],
  "Bmin": 106794,
  "B2": 379914,
  "W": 192,
  "mu": 8,
  "w": 4,
  "eta": 16,
  "alpha": 0.001,
  "beta": 0.1,
  "Btime": 1073741824,
  "Bmemory": 1125899906842624,
  "Cbase": 32,
  "Cblock": 16,
  "Coracle": 64,
  "timestamp": 1763624102.6851747
}