{
  "status": "OK",
  "group_id": "W192_mu32_w16_eta4_a1_b5_Bt50_Bm50_Cb5_Cbl4_Co6",
  "best_score": 0.03427494317293167,
  "best": [
    192,
    32,
    51240,
    248263,
    16,
    4
  ],
  "Bmin": 51240,
  "B2": 248263,
  "W": 192,
  "mu": 32,
  "w": 16,
  "eta": 4,
  "alpha": 0.001,
  "beta": 0.05,
  "Btime": 1125899906842624,
  "Bmemory": 1125899906842624,
  "Cbase": 32,
  "Cblock": 16,
  "Coracle": 64,
  "timestamp": 1763679831.402884
}