{
  "status": "OK",
  "group_id": "W192_mu64_w4_eta4_a1_b3_Bt50_Bm30_Cb5_Cbl4_Co6",
  "best_score": 0.15173912048339844,
  "best": [
    192,
    64,
    31392,
    415665,
    4,
    4
  ],
  "Bmin": 31392,
  "B2": 415665,
  "W": 192,
  "mu": 64,
  "w": 4,
  "eta": 4,
  "alpha": 0.001,
  "beta": 0.03,
  "Btime": 1125899906842624,
  "Bmemory": 1073741824,
  "Cbase": 32,
  "Cblock": 16,
  "Coracle": 64,
  "timestamp": 1763512220.537958
}