{
  "status": "OK",
  "group_id": "W192_mu2_w4_eta2_a1_b25_Bt30_Bm50_Cb5_Cbl4_Co6",
  "best_score": 0.00023947398585733026,
  "best": [
    192,
    2,
    293388,
    404212,
    4,
    2
  ],
  "Bmin": 293388,
  "B2": 404212,
  "W": 192,
  "mu": 2,
  "w": 4,
  "eta": 2,
  "alpha": 0.001,
  "beta": 0.25,
  "Btime": 1073741824,
  "Bmemory": 1125899906842624,
  "Cbase": 32,
  "Cblock": 16,
  "Coracle": 64,
  "timestamp": 1763441961.4474988
}