{
  "status": "OK",
  "group_id": "W192_mu64_w16_eta4_a1_b20_Bt30_Bm50_Cb5_Cbl4_Co6",
  "best_score": 0.06604878604412079,
  "best": [
    192,
    64,
    219885,
    348561,
    16,
    4
  ],
  "Bmin": 219885,
  "B2": 348561,
  "W": 192,
  "mu": 64,
  "w": 16,
  "eta": 4,
  "alpha": 0.001,
  "beta": 0.2,
  "Btime": 1073741824,
  "Bmemory": 1125899906842624,
  "Cbase": 32,
  "Cblock": 16,
  "Coracle": 64,
  "timestamp": 1763682259.6017385
}