{
  "status": "OK",
  "group_id": "W192_mu8_w4_eta16_a1_b20_Bt30_Bm50_Cb5_Cbl4_Co6",
  "best_score": 0.002622879110276699,
  "best": [
    192,
    8,
    219885,
    332476,
    4,
    16
  ],
  "Bmin": 219885,
  "B2": 332476,
  "W": 192,
  "mu": 8,
  "w": 4,
  "eta": 16,
  "alpha": 0.001,
  "beta": 0.2,
  "Btime": 1073741824,
  "Bmemory": 1125899906842624,
  "Cbase": 32,
  "Cblock": 16,
  "Coracle": 64,
  "timestamp": 1763624218.2885928
}