{
  "status": "OK",
  "group_id": "W192_mu64_w4_eta2_a1_b25_Bt30_Bm30_Cb5_Cbl4_Co6",
  "best_score": 0.03107474371790886,
  "best": [
    192,
    64,
    293388,
    310676,
    4,
    2
  ],
  "Bmin": 293388,
  "B2": 310676,
  "W": 192,
  "mu": 64,
  "w": 4,
  "eta": 2,
  "alpha": 0.001,
  "beta": 0.25,
  "Btime": 1073741824,
  "Bmemory": 1073741824,
  "Cbase": 32,
  "Cblock": 16,
  "Coracle": 64,
  "timestamp": 1762878331.5877995
}