{
  "status": "OK",
  "group_id": "W192_mu64_w16_eta2_a1_b20_Bt30_Bm50_Cb5_Cbl4_Co6",
  "best_score": 0.08076578378677368,
  "best": [
    192,
    64,
    219886,
    284223,
    16,
    2
  ],
  "Bmin": 219886,
  "B2": 284223,
  "W": 192,
  "mu": 64,
  "w": 16,
  "eta": 2,
  "alpha": 0.001,
  "beta": 0.2,
  "Btime": 1073741824,
  "Bmemory": 1125899906842624,
  "Cbase": 32,
  "Cblock": 16,
  "Coracle": 64,
  "timestamp": 1763677365.0642655
}