{
  "status": "OK",
  "group_id": "W192_mu2_w8_eta2_a1_b3_Bt30_Bm50_Cb5_Cbl4_Co6",
  "best_score": 0.08570287376642227,
  "best": [
    192,
    2,
    31392,
    452059,
    8,
    2
  ],
  "Bmin": 31392,
  "B2": 452059,
  "W": 192,
  "mu": 2,
  "w": 8,
  "eta": 2,
  "alpha": 0.001,
  "beta": 0.03,
  "Btime": 1073741824,
  "Bmemory": 1125899906842624,
  "Cbase": 32,
  "Cblock": 16,
  "Coracle": 64,
  "timestamp": 1763624326.606491
}