{
  "status": "OK",
  "group_id": "W192_mu2_w4_eta8_a1_b5_Bt50_Bm30_Cb5_Cbl4_Co6",
  "best_score": 0.019603539258241653,
  "best": [
    192,
    2,
    51239,
    308158,
    4,
    8
  ],
  "Bmin": 51239,
  "B2": 308158,
  "W": 192,
  "mu": 2,
  "w": 4,
  "eta": 8,
  "alpha": 0.001,
  "beta": 0.05,
  "Btime": 1125899906842624,
  "Bmemory": 1073741824,
  "Cbase": 32,
  "Cblock": 16,
  "Coracle": 64,
  "timestamp": 1763521520.6562378
}