{
  "status": "OK",
  "group_id": "W192_mu4_w16_eta2_a1_b10_Bt50_Bm50_Cb5_Cbl4_Co6",
  "best_score": 0.007094063796103001,
  "best": [
    192,
    4,
    106796,
    244890,
    16,
    2
  ],
  "Bmin": 106796,
  "B2": 244890,
  "W": 192,
  "mu": 4,
  "w": 16,
  "eta": 2,
  "alpha": 0.001,
  "beta": 0.1,
  "Btime": 1125899906842624,
  "Bmemory": 1125899906842624,
  "Cbase": 32,
  "Cblock": 16,
  "Coracle": 64,
  "timestamp": 1763668347.5524561
}