{
  "status": "OK",
  "group_id": "W192_mu2_w16_eta4_a1_b25_Bt50_Bm50_Cb5_Cbl4_Co6",
  "best_score": 0.0005348776467144489,
  "best": [
    192,
    2,
    293394,
    334953,
    16,
    4
  ],
  "Bmin": 293394,
  "B2": 334953,
  "W": 192,
  "mu": 2,
  "w": 16,
  "eta": 4,
  "alpha": 0.001,
  "beta": 0.25,
  "Btime": 1125899906842624,
  "Bmemory": 1125899906842624,
  "Cbase": 32,
  "Cblock": 16,
  "Coracle": 64,
  "timestamp": 1763678890.2159128
}