{
  "status": "OK",
  "group_id": "W192_mu8_w8_eta8_a1_b5_Bt50_Bm50_Cb5_Cbl4_Co6",
  "best_score": 0.02771613746881485,
  "best": [
    192,
    8,
    51240,
    239593,
    8,
    8
  ],
  "Bmin": 51240,
  "B2": 239593,
  "W": 192,
  "mu": 8,
  "w": 8,
  "eta": 8,
  "alpha": 0.001,
  "beta": 0.05,
  "Btime": 1125899906842624,
  "Bmemory": 1125899906842624,
  "Cbase": 32,
  "Cblock": 16,
  "Coracle": 64,
  "timestamp": 1763662079.630483
}