{
  "status": "OK",
  "group_id": "W192_mu4_w8_eta8_a1_b10_Bt50_Bm50_Cb5_Cbl4_Co6",
  "best_score": 0.009533167816698551,
  "best": [
    192,
    4,
    106794,
    175842,
    8,
    8
  ],
  "Bmin": 106794,
  "B2": 175842,
  "W": 192,
  "mu": 4,
  "w": 8,
  "eta": 8,
  "alpha": 0.001,
  "beta": 0.1,
  "Btime": 1125899906842624,
  "Bmemory": 1125899906842624,
  "Cbase": 32,
  "Cblock": 16,
  "Coracle": 64,
  "timestamp": 1763661928.0627837
}