{
  "status": "OK",
  "group_id": "W192_mu4_w16_eta4_a1_b3_Bt30_Bm30_Cb5_Cbl4_Co6",
  "best_score": 0.06783401966094971,
  "best": [
    192,
    4,
    31392,
    136559,
    16,
    4
  ],
  "Bmin": 31392,
  "B2": 136559,
  "W": 192,
  "mu": 4,
  "w": 16,
  "eta": 4,
  "alpha": 0.001,
  "beta": 0.03,
  "Btime": 1073741824,
  "Bmemory": 1073741824,
  "Cbase": 32,
  "Cblock": 16,
  "Coracle": 64,
  "timestamp": 1763678895.4316068
}