{
  "status": "OK",
  "group_id": "W192_mu64_w8_eta2_a1_b15_Bt30_Bm50_Cb5_Cbl4_Co6",
  "best_score": 0.1110662892460823,
  "best": [
    192,
    64,
    161781,
    237625,
    8,
    2
  ],
  "Bmin": 161781,
  "B2": 237625,
  "W": 192,
  "mu": 64,
  "w": 8,
  "eta": 2,
  "alpha": 0.001,
  "beta": 0.15,
  "Btime": 1073741824,
  "Bmemory": 1125899906842624,
  "Cbase": 32,
  "Cblock": 16,
  "Coracle": 64,
  "timestamp": 1763640754.5043688
}