{
  "status": "OK",
  "group_id": "W192_mu8_w4_eta4_a1_b5_Bt50_Bm50_Cb5_Cbl4_Co6",
  "best_score": 0.0384490005671978,
  "best": [
    192,
    8,
    51238,
    1036360,
    4,
    4
  ],
  "Bmin": 51238,
  "B2": 1036360,
  "W": 192,
  "mu": 8,
  "w": 4,
  "eta": 4,
  "alpha": 0.001,
  "beta": 0.05,
  "Btime": 1125899906842624,
  "Bmemory": 1125899906842624,
  "Cbase": 32,
  "Cblock": 16,
  "Coracle": 64,
  "timestamp": 1763497938.0336788
}