{
  "status": "OK",
  "group_id": "W192_mu16_w4_eta4_a1_b3_Bt30_Bm50_Cb5_Cbl4_Co6",
  "best_score": 0.07995091378688812,
  "best": [
    192,
    16,
    31392,
    240388,
    4,
    4
  ],
  "Bmin": 31392,
  "B2": 240388,
  "W": 192,
  "mu": 16,
  "w": 4,
  "eta": 4,
  "alpha": 0.001,
  "beta": 0.03,
  "Btime": 1073741824,
  "Bmemory": 1125899906842624,
  "Cbase": 32,
  "Cblock": 16,
  "Coracle": 64,
  "timestamp": 1763500206.0481908
}