{
  "status": "OK",
  "group_id": "W192_mu32_w8_eta8_a1_b20_Bt30_Bm30_Cb5_Cbl4_Co6",
  "best_score": 0.014885246753692627,
  "best": [
    192,
    32,
    219885,
    383238,
    8,
    8
  ],
  "Bmin": 219885,
  "B2": 383238,
  "W": 192,
  "mu": 32,
  "w": 8,
  "eta": 8,
  "alpha": 0.001,
  "beta": 0.2,
  "Btime": 1073741824,
  "Bmemory": 1073741824,
  "Cbase": 32,
  "Cblock": 16,
  "Coracle": 64,
  "timestamp": 1763663907.2816205
}