{
  "status": "OK",
  "group_id": "W192_mu32_w4_eta4_a1_b10_Bt50_Bm50_Cb5_Cbl4_Co6",
  "best_score": 0.02897949516773224,
  "best": [
    192,
    32,
    106797,
    429017,
    4,
    4
  ],
  "Bmin": 106797,
  "B2": 429017,
  "W": 192,
  "mu": 32,
  "w": 4,
  "eta": 4,
  "alpha": 0.001,
  "beta": 0.1,
  "Btime": 1125899906842624,
  "Bmemory": 1125899906842624,
  "Cbase": 32,
  "Cblock": 16,
  "Coracle": 64,
  "timestamp": 1763507976.0868106
}