{
  "status": "OK",
  "group_id": "W192_mu32_w8_eta4_a1_b15_Bt50_Bm50_Cb5_Cbl4_Co6",
  "best_score": 0.02961757220327854,
  "best": [
    192,
    32,
    161782,
    705440,
    8,
    4
  ],
  "Bmin": 161782,
  "B2": 705440,
  "W": 192,
  "mu": 32,
  "w": 8,
  "eta": 4,
  "alpha": 0.001,
  "beta": 0.15,
  "Btime": 1125899906842624,
  "Bmemory": 1125899906842624,
  "Cbase": 32,
  "Cblock": 16,
  "Coracle": 64,
  "timestamp": 1763651293.7252555
}