{
  "status": "OK",
  "group_id": "W192_mu2_w16_eta2_a1_b10_Bt30_Bm30_Cb5_Cbl4_Co6",
  "best_score": 0.006300045643001795,
  "best": [
    192,
    2,
    106796,
    244890,
    16,
    2
  ],
  "Bmin": 106796,
  "B2": 244890,
  "W": 192,
  "mu": 2,
  "w": 16,
  "eta": 2,
  "alpha": 0.001,
  "beta": 0.1,
  "Btime": 1073741824,
  "Bmemory": 1073741824,
  "Cbase": 32,
  "Cblock": 16,
  "Coracle": 64,
  "timestamp": 1763668018.865244
}