{
  "status": "OK",
  "group_id": "W192_mu16_w8_eta4_a1_b3_Bt30_Bm50_Cb5_Cbl4_Co6",
  "best_score": 0.10564804822206497,
  "best": [
    192,
    16,
    31393,
    275445,
    8,
    4
  ],
  "Bmin": 31393,
  "B2": 275445,
  "W": 192,
  "mu": 16,
  "w": 8,
  "eta": 4,
  "alpha": 0.001,
  "beta": 0.03,
  "Btime": 1073741824,
  "Bmemory": 1125899906842624,
  "Cbase": 32,
  "Cblock": 16,
  "Coracle": 64,
  "timestamp": 1763647052.7483048
}