{
  "status": "OK",
  "group_id": "W192_mu64_w16_eta2_a1_b15_Bt30_Bm30_Cb5_Cbl4_Co6",
  "best_score": 0.038126636296510696,
  "best": [
    192,
    64,
    161782,
    237627,
    16,
    2
  ],
  "Bmin": 161782,
  "B2": 237627,
  "W": 192,
  "mu": 64,
  "w": 16,
  "eta": 2,
  "alpha": 0.001,
  "beta": 0.15,
  "Btime": 1073741824,
  "Bmemory": 1073741824,
  "Cbase": 32,
  "Cblock": 16,
  "Coracle": 64,
  "timestamp": 1763676349.3046246
}