{
  "status": "OK",
  "group_id": "W192_mu16_w8_eta8_a1_b5_Bt50_Bm30_Cb5_Cbl4_Co6",
  "best_score": 0.03182129189372063,
  "best": [
    192,
    16,
    51240,
    269540,
    8,
    8
  ],
  "Bmin": 51240,
  "B2": 269540,
  "W": 192,
  "mu": 16,
  "w": 8,
  "eta": 8,
  "alpha": 0.001,
  "beta": 0.05,
  "Btime": 1125899906842624,
  "Bmemory": 1073741824,
  "Cbase": 32,
  "Cblock": 16,
  "Coracle": 64,
  "timestamp": 1763662442.0451076
}