{
  "status": "OK",
  "group_id": "W192_mu8_w4_eta4_a1_b20_Bt30_Bm50_Cb5_Cbl4_Co6",
  "best_score": 0.0011178873246535659,
  "best": [
    192,
    8,
    219884,
    316391,
    4,
    4
  ],
  "Bmin": 219884,
  "B2": 316391,
  "W": 192,
  "mu": 8,
  "w": 4,
  "eta": 4,
  "alpha": 0.001,
  "beta": 0.2,
  "Btime": 1073741824,
  "Bmemory": 1125899906842624,
  "Cbase": 32,
  "Cblock": 16,
  "Coracle": 64,
  "timestamp": 1763499216.8752885
}