{
  "status": "OK",
  "group_id": "W192_mu32_w4_eta8_a1_b15_Bt30_Bm50_Cb5_Cbl4_Co6",
  "best_score": 0.017689604312181473,
  "best": [
    192,
    32,
    161782,
    361962,
    4,
    8
  ],
  "Bmin": 161782,
  "B2": 361962,
  "W": 192,
  "mu": 32,
  "w": 4,
  "eta": 8,
  "alpha": 0.001,
  "beta": 0.15,
  "Btime": 1073741824,
  "Bmemory": 1125899906842624,
  "Cbase": 32,
  "Cblock": 16,
  "Coracle": 64,
  "timestamp": 1763531628.959769
}