{
  "status": "OK",
  "group_id": "W192_mu8_w4_eta16_a1_b15_Bt50_Bm30_Cb5_Cbl4_Co6",
  "best_score": 0.006861333269625902,
  "best": [
    192,
    8,
    161783,
    469513,
    4,
    16
  ],
  "Bmin": 161783,
  "B2": 469513,
  "W": 192,
  "mu": 8,
  "w": 4,
  "eta": 16,
  "alpha": 0.001,
  "beta": 0.15,
  "Btime": 1125899906842624,
  "Bmemory": 1073741824,
  "Cbase": 32,
  "Cblock": 16,
  "Coracle": 64,
  "timestamp": 1763624183.7189984
}