{
  "status": "OK",
  "group_id": "W256_mu32_w4_eta2_a1_b15_Bt30_Bm50_Cb5_Cbl4_Co6",
  "best_score": 0.008884462527930737,
  "best": [
    256,
    32,
    206927,
    263810,
    4,
    2
  ],
  "Bmin": 206927,
  "B2": 263810,
  "W": 256,
  "mu": 32,
  "w": 4,
  "eta": 2,
  "alpha": 0.001,
  "beta": 0.15,
  "Btime": 1073741824,
  "Bmemory": 1125899906842624,
  "Cbase": 32,
  "Cblock": 16,
  "Coracle": 64,
  "timestamp": 1763282238.7570047
}