{
  "status": "OK",
  "group_id": "W256_mu8_w16_eta2_a1_b3_Bt30_Bm50_Cb5_Cbl4_Co6",
  "best_score": 0.03635578602552414,
  "best": [
    256,
    8,
    39763,
    215042,
    16,
    2
  ],
  "Bmin": 39763,
  "B2": 215042,
  "W": 256,
  "mu": 8,
  "w": 16,
  "eta": 2,
  "alpha": 0.001,
  "beta": 0.03,
  "Btime": 1073741824,
  "Bmemory": 1125899906842624,
  "Cbase": 32,
  "Cblock": 16,
  "Coracle": 64,
  "timestamp": 1763321911.5222425
}