{
  "status": "OK",
  "group_id": "W256_mu16_w8_eta4_a1_b15_Bt50_Bm50_Cb5_Cbl4_Co6",
  "best_score": 0.004217789974063635,
  "best": [
    256,
    16,
    206924,
    714835,
    8,
    4
  ],
  "Bmin": 206924,
  "B2": 714835,
  "W": 256,
  "mu": 16,
  "w": 8,
  "eta": 4,
  "alpha": 0.001,
  "beta": 0.15,
  "Btime": 1125899906842624,
  "Bmemory": 1125899906842624,
  "Cbase": 32,
  "Cblock": 16,
  "Coracle": 64,
  "timestamp": 1763822796.4656882
}