{
  "status": "OK",
  "group_id": "W256_mu32_w8_eta2_a1_b5_Bt30_Bm50_Cb5_Cbl4_Co6",
  "best_score": 0.04407040402293205,
  "best": [
    256,
    32,
    64813,
    184601,
    8,
    2
  ],
  "Bmin": 64813,
  "B2": 184601,
  "W": 256,
  "mu": 32,
  "w": 8,
  "eta": 2,
  "alpha": 0.001,
  "beta": 0.05,
  "Btime": 1073741824,
  "Bmemory": 1125899906842624,
  "Cbase": 32,
  "Cblock": 16,
  "Coracle": 64,
  "timestamp": 1763312223.8735132
}