{
  "status": "OK",
  "group_id": "W256_mu8_w8_eta4_a1_b3_Bt50_Bm30_Cb5_Cbl4_Co6",
  "best_score": 0.05117731913924217,
  "best": [
    256,
    8,
    39763,
    589946,
    8,
    4
  ],
  "Bmin": 39763,
  "B2": 589946,
  "W": 256,
  "mu": 8,
  "w": 8,
  "eta": 4,
  "alpha": 0.001,
  "beta": 0.03,
  "Btime": 1125899906842624,
  "Bmemory": 1073741824,
  "Cbase": 32,
  "Cblock": 16,
  "Coracle": 64,
  "timestamp": 1763820554.9327402
}