{
  "status": "OK",
  "group_id": "W256_mu64_w16_eta8_a1_b25_Bt50_Bm30_Cb5_Cbl4_Co6",
  "best_score": 0.007507013157010078,
  "best": [
    256,
    64,
    360849,
    443967,
    16,
    8
  ],
  "Bmin": 360849,
  "B2": 443967,
  "W": 256,
  "mu": 64,
  "w": 16,
  "eta": 8,
  "alpha": 0.001,
  "beta": 0.25,
  "Btime": 1125899906842624,
  "Bmemory": 1073741824,
  "Cbase": 32,
  "Cblock": 16,
  "Coracle": 64,
  "timestamp": 1763852834.6852546
}