{
  "status": "OK",
  "group_id": "W256_mu4_w8_eta2_a1_b15_Bt50_Bm50_Cb5_Cbl4_Co6",
  "best_score": 0.0014589736238121986,
  "best": [
    256,
    4,
    206925,
    548226,
    8,
    2
  ],
  "Bmin": 206925,
  "B2": 548226,
  "W": 256,
  "mu": 4,
  "w": 8,
  "eta": 2,
  "alpha": 0.001,
  "beta": 0.15,
  "Btime": 1125899906842624,
  "Bmemory": 1125899906842624,
  "Cbase": 32,
  "Cblock": 16,
  "Coracle": 64,
  "timestamp": 1763800313.164644
}