{
  "status": "OK",
  "group_id": "W256_mu32_w8_eta2_a1_b3_Bt30_Bm30_Cb5_Cbl4_Co6",
  "best_score": 0.09055544435977936,
  "best": [
    256,
    32,
    39762,
    178646,
    8,
    2
  ],
  "Bmin": 39762,
  "B2": 178646,
  "W": 256,
  "mu": 32,
  "w": 8,
  "eta": 2,
  "alpha": 0.001,
  "beta": 0.03,
  "Btime": 1073741824,
  "Bmemory": 1073741824,
  "Cbase": 32,
  "Cblock": 16,
  "Coracle": 64,
  "timestamp": 1762990264.9461372
}