{
  "status": "OK",
  "group_id": "W256_mu8_w8_eta2_a1_b5_Bt50_Bm30_Cb5_Cbl4_Co6",
  "best_score": 0.027455516159534454,
  "best": [
    256,
    8,
    64813,
    394235,
    8,
    2
  ],
  "Bmin": 64813,
  "B2": 394235,
  "W": 256,
  "mu": 8,
  "w": 8,
  "eta": 2,
  "alpha": 0.001,
  "beta": 0.05,
  "Btime": 1125899906842624,
  "Bmemory": 1073741824,
  "Cbase": 32,
  "Cblock": 16,
  "Coracle": 64,
  "timestamp": 1763801067.8505692
}