{
  "status": "OK",
  "group_id": "W256_mu8_w8_eta8_a1_b15_Bt50_Bm50_Cb5_Cbl4_Co6",
  "best_score": 0.002167589496821165,
  "best": [
    256,
    8,
    206924,
    377574,
    8,
    8
  ],
  "Bmin": 206924,
  "B2": 377574,
  "W": 256,
  "mu": 8,
  "w": 8,
  "eta": 8,
  "alpha": 0.001,
  "beta": 0.15,
  "Btime": 1125899906842624,
  "Bmemory": 1125899906842624,
  "Cbase": 32,
  "Cblock": 16,
  "Coracle": 64,
  "timestamp": 1763832932.6039457
}