{
  "status": "OK",
  "group_id": "W256_mu16_w16_eta8_a1_b5_Bt50_Bm30_Cb5_Cbl4_Co6",
  "best_score": 0.01968415640294552,
  "best": [
    256,
    16,
    64815,
    184604,
    16,
    8
  ],
  "Bmin": 64815,
  "B2": 184604,
  "W": 256,
  "mu": 16,
  "w": 16,
  "eta": 8,
  "alpha": 0.001,
  "beta": 0.05,
  "Btime": 1125899906842624,
  "Bmemory": 1073741824,
  "Cbase": 32,
  "Cblock": 16,
  "Coracle": 64,
  "timestamp": 1763851877.4892914
}