{
  "status": "OK",
  "group_id": "W256_mu64_w4_eta4_a1_b25_Bt30_Bm30_Cb5_Cbl4_Co6",
  "best_score": 0.00601154612377286,
  "best": [
    256,
    64,
    360849,
    402408,
    4,
    4
  ],
  "Bmin": 360849,
  "B2": 402408,
  "W": 256,
  "mu": 64,
  "w": 4,
  "eta": 4,
  "alpha": 0.001,
  "beta": 0.25,
  "Btime": 1073741824,
  "Bmemory": 1073741824,
  "Cbase": 32,
  "Cblock": 16,
  "Coracle": 64,
  "timestamp": 1762983553.105759
}