{
  "status": "OK",
  "group_id": "W256_mu8_w4_eta4_a1_b25_Bt30_Bm50_Cb5_Cbl4_Co6",
  "best_score": 0.00011240717867622152,
  "best": [
    256,
    8,
    360849,
    430113,
    4,
    4
  ],
  "Bmin": 360849,
  "B2": 430113,
  "W": 256,
  "mu": 8,
  "w": 4,
  "eta": 4,
  "alpha": 0.001,
  "beta": 0.25,
  "Btime": 1073741824,
  "Bmemory": 1125899906842624,
  "Cbase": 32,
  "Cblock": 16,
  "Coracle": 64,
  "timestamp": 1763298126.933172
}