{
  "status": "OK",
  "group_id": "W256_mu64_w16_eta4_a1_b25_Bt30_Bm30_Cb5_Cbl4_Co6",
  "best_score": 0.009310993365943432,
  "best": [
    256,
    64,
    360849,
    430113,
    16,
    4
  ],
  "Bmin": 360849,
  "B2": 430113,
  "W": 256,
  "mu": 64,
  "w": 16,
  "eta": 4,
  "alpha": 0.001,
  "beta": 0.25,
  "Btime": 1073741824,
  "Bmemory": 1073741824,
  "Cbase": 32,
  "Cblock": 16,
  "Coracle": 64,
  "timestamp": 1763004809.3342984
}