{
  "status": "OK",
  "group_id": "W256_mu64_w4_eta4_a1_b5_Bt50_Bm50_Cb5_Cbl4_Co6",
  "best_score": 0.043238990008831024,
  "best": [
    256,
    64,
    64813,
    334340,
    4,
    4
  ],
  "Bmin": 64813,
  "B2": 334340,
  "W": 256,
  "mu": 64,
  "w": 4,
  "eta": 4,
  "alpha": 0.001,
  "beta": 0.05,
  "Btime": 1125899906842624,
  "Bmemory": 1125899906842624,
  "Cbase": 32,
  "Cblock": 16,
  "Coracle": 64,
  "timestamp": 1763768680.957615
}