{
  "status": "OK",
  "group_id": "W256_mu32_w8_eta4_a1_b15_Bt30_Bm30_Cb5_Cbl4_Co6",
  "best_score": 0.012595364823937416,
  "best": [
    256,
    32,
    206924,
    301729,
    8,
    4
  ],
  "Bmin": 206924,
  "B2": 301729,
  "W": 256,
  "mu": 32,
  "w": 8,
  "eta": 4,
  "alpha": 0.001,
  "beta": 0.15,
  "Btime": 1073741824,
  "Bmemory": 1073741824,
  "Cbase": 32,
  "Cblock": 16,
  "Coracle": 64,
  "timestamp": 1762996813.7141912
}