{
  "status": "OK",
  "group_id": "W256_mu64_w16_eta4_a1_b3_Bt30_Bm50_Cb5_Cbl4_Co6",
  "best_score": 0.032135993242263794,
  "best": [
    256,
    64,
    39763,
    215040,
    16,
    4
  ],
  "Bmin": 39763,
  "B2": 215040,
  "W": 256,
  "mu": 64,
  "w": 16,
  "eta": 4,
  "alpha": 0.001,
  "beta": 0.03,
  "Btime": 1073741824,
  "Bmemory": 1125899906842624,
  "Cbase": 32,
  "Cblock": 16,
  "Coracle": 64,
  "timestamp": 1763325143.8273513
}