{
  "status": "OK",
  "group_id": "W256_mu2_w16_eta8_a1_b5_Bt50_Bm30_Cb5_Cbl4_Co6",
  "best_score": 0.013925413601100445,
  "best": [
    256,
    2,
    64815,
    124709,
    16,
    8
  ],
  "Bmin": 64815,
  "B2": 124709,
  "W": 256,
  "mu": 2,
  "w": 16,
  "eta": 8,
  "alpha": 0.001,
  "beta": 0.05,
  "Btime": 1125899906842624,
  "Bmemory": 1073741824,
  "Cbase": 32,
  "Cblock": 16,
  "Coracle": 64,
  "timestamp": 1763851667.9670873
}