{
  "status": "OK",
  "group_id": "W256_mu32_w16_eta4_a1_b5_Bt30_Bm50_Cb5_Cbl4_Co6",
  "best_score": 0.020979687571525574,
  "best": [
    256,
    32,
    64814,
    274447,
    16,
    4
  ],
  "Bmin": 64814,
  "B2": 274447,
  "W": 256,
  "mu": 32,
  "w": 16,
  "eta": 4,
  "alpha": 0.001,
  "beta": 0.05,
  "Btime": 1073741824,
  "Bmemory": 1125899906842624,
  "Cbase": 32,
  "Cblock": 16,
  "Coracle": 64,
  "timestamp": 1763324812.5546293
}