{
  "status": "OK",
  "group_id": "W256_mu16_w16_eta4_a1_b20_Bt50_Bm30_Cb5_Cbl4_Co6",
  "best_score": 0.00256976205855608,
  "best": [
    256,
    16,
    278681,
    407356,
    16,
    4
  ],
  "Bmin": 278681,
  "B2": 407356,
  "W": 256,
  "mu": 16,
  "w": 16,
  "eta": 4,
  "alpha": 0.001,
  "beta": 0.2,
  "Btime": 1125899906842624,
  "Bmemory": 1073741824,
  "Cbase": 32,
  "Cblock": 16,
  "Coracle": 64,
  "timestamp": 1763848570.7718406
}