{
  "status": "OK",
  "group_id": "W256_mu8_w4_eta4_a1_b5_Bt50_Bm30_Cb5_Cbl4_Co6",
  "best_score": 0.01475350372493267,
  "best": [
    256,
    8,
    64813,
    569981,
    4,
    4
  ],
  "Bmin": 64813,
  "B2": 569981,
  "W": 256,
  "mu": 8,
  "w": 4,
  "eta": 4,
  "alpha": 0.001,
  "beta": 0.05,
  "Btime": 1125899906842624,
  "Bmemory": 1073741824,
  "Cbase": 32,
  "Cblock": 16,
  "Coracle": 64,
  "timestamp": 1763751612.3595133
}