{
  "status": "OK",
  "group_id": "W256_mu16_w4_eta8_a1_b15_Bt30_Bm50_Cb5_Cbl4_Co6",
  "best_score": 0.002176767447963357,
  "best": [
    256,
    16,
    206924,
    436634,
    4,
    8
  ],
  "Bmin": 206924,
  "B2": 436634,
  "W": 256,
  "mu": 16,
  "w": 4,
  "eta": 8,
  "alpha": 0.001,
  "beta": 0.15,
  "Btime": 1073741824,
  "Bmemory": 1125899906842624,
  "Cbase": 32,
  "Cblock": 16,
  "Coracle": 64,
  "timestamp": 1763306774.4993558
}