{
  "status": "OK",
  "group_id": "W256_mu64_w8_eta4_a1_b20_Bt50_Bm30_Cb5_Cbl4_Co6",
  "best_score": 0.02581583522260189,
  "best": [
    256,
    64,
    278682,
    487778,
    8,
    4
  ],
  "Bmin": 278682,
  "B2": 487778,
  "W": 256,
  "mu": 64,
  "w": 8,
  "eta": 4,
  "alpha": 0.001,
  "beta": 0.2,
  "Btime": 1125899906842624,
  "Bmemory": 1073741824,
  "Cbase": 32,
  "Cblock": 16,
  "Coracle": 64,
  "timestamp": 1763831245.232271
}