{
  "status": "OK",
  "group_id": "W256_mu8_w8_eta2_a1_b3_Bt50_Bm50_Cb5_Cbl4_Co6",
  "best_score": 0.07542870193719864,
  "best": [
    256,
    8,
    39762,
    459089,
    8,
    2
  ],
  "Bmin": 39762,
  "B2": 459089,
  "W": 256,
  "mu": 8,
  "w": 8,
  "eta": 2,
  "alpha": 0.001,
  "beta": 0.03,
  "Btime": 1125899906842624,
  "Bmemory": 1125899906842624,
  "Cbase": 32,
  "Cblock": 16,
  "Coracle": 64,
  "timestamp": 1763800935.4583857
}