{
  "status": "OK",
  "group_id": "W256_mu2_w4_eta2_a1_b10_Bt30_Bm50_Cb5_Cbl4_Co6",
  "best_score": 0.0023995658848434687,
  "best": [
    256,
    2,
    133904,
    295013,
    4,
    2
  ],
  "Bmin": 133904,
  "B2": 295013,
  "W": 256,
  "mu": 2,
  "w": 4,
  "eta": 2,
  "alpha": 0.001,
  "beta": 0.1,
  "Btime": 1073741824,
  "Bmemory": 1125899906842624,
  "Cbase": 32,
  "Cblock": 16,
  "Coracle": 64,
  "timestamp": 1763272681.686685
}