{
  "status": "OK",
  "group_id": "W256_mu32_w16_eta4_a1_b15_Bt50_Bm50_Cb5_Cbl4_Co6",
  "best_score": 0.01736062578856945,
  "best": [
    256,
    32,
    206924,
    358613,
    16,
    4
  ],
  "Bmin": 206924,
  "B2": 358613,
  "W": 256,
  "mu": 32,
  "w": 16,
  "eta": 4,
  "alpha": 0.001,
  "beta": 0.15,
  "Btime": 1125899906842624,
  "Bmemory": 1125899906842624,
  "Cbase": 32,
  "Cblock": 16,
  "Coracle": 64,
  "timestamp": 1763849269.0744488
}