{
  "status": "OK",
  "group_id": "W256_mu16_w8_eta2_a1_b10_Bt30_Bm50_Cb5_Cbl4_Co6",
  "best_score": 0.009845626540482044,
  "best": [
    256,
    16,
    133909,
    225972,
    8,
    2
  ],
  "Bmin": 133909,
  "B2": 225972,
  "W": 256,
  "mu": 16,
  "w": 8,
  "eta": 2,
  "alpha": 0.001,
  "beta": 0.1,
  "Btime": 1073741824,
  "Bmemory": 1125899906842624,
  "Cbase": 32,
  "Cblock": 16,
  "Coracle": 64,
  "timestamp": 1763311286.53618
}