{
  "status": "OK",
  "group_id": "W256_mu2_w8_eta32_a1_b15_Bt50_Bm50_Cb5_Cbl4_Co6",
  "best_score": 0.0007524847169406712,
  "best": [
    256,
    2,
    206924,
    225885,
    8,
    32
  ],
  "Bmin": 206924,
  "B2": 225885,
  "W": 256,
  "mu": 2,
  "w": 8,
  "eta": 32,
  "alpha": 0.001,
  "beta": 0.15,
  "Btime": 1125899906842624,
  "Bmemory": 1125899906842624,
  "Cbase": 32,
  "Cblock": 16,
  "Coracle": 64,
  "timestamp": 1763838438.4084573
}