{
  "status": "OK",
  "group_id": "W256_mu4_w16_eta8_a1_b20_Bt30_Bm50_Cb5_Cbl4_Co6",
  "best_score": 0.0010175668867304921,
  "best": [
    256,
    4,
    278682,
    310850,
    16,
    8
  ],
  "Bmin": 278682,
  "B2": 310850,
  "W": 256,
  "mu": 4,
  "w": 16,
  "eta": 8,
  "alpha": 0.001,
  "beta": 0.2,
  "Btime": 1073741824,
  "Bmemory": 1125899906842624,
  "Cbase": 32,
  "Cblock": 16,
  "Coracle": 64,
  "timestamp": 1763325725.9037838
}