{
  "status": "OK",
  "group_id": "W256_mu64_w4_eta2_a1_b5_Bt30_Bm30_Cb5_Cbl4_Co6",
  "best_score": 0.578101396560669,
  "best": [
    256,
    64,
    64815,
    154656,
    4,
    2
  ],
  "Bmin": 64815,
  "B2": 154656,
  "W": 256,
  "mu": 64,
  "w": 4,
  "eta": 2,
  "alpha": 0.001,
  "beta": 0.05,
  "Btime": 1073741824,
  "Bmemory": 1073741824,
  "Cbase": 32,
  "Cblock": 16,
  "Coracle": 64,
  "timestamp": 1762966512.3491924
}