{
  "status": "OK",
  "group_id": "W256_mu2_w4_eta8_a1_b3_Bt50_Bm30_Cb5_Cbl4_Co6",
  "best_score": 0.015364468097686768,
  "best": [
    256,
    2,
    39763,
    455078,
    4,
    8
  ],
  "Bmin": 39763,
  "B2": 455078,
  "W": 256,
  "mu": 2,
  "w": 4,
  "eta": 8,
  "alpha": 0.001,
  "beta": 0.03,
  "Btime": 1125899906842624,
  "Bmemory": 1073741824,
  "Cbase": 32,
  "Cblock": 16,
  "Coracle": 64,
  "timestamp": 1763776311.572734
}