{
  "status": "OK",
  "group_id": "W256_mu4_w8_eta16_a1_b15_Bt30_Bm30_Cb5_Cbl4_Co6",
  "best_score": 0.002442901022732258,
  "best": [
    256,
    4,
    206924,
    244846,
    8,
    16
  ],
  "Bmin": 206924,
  "B2": 244846,
  "W": 256,
  "mu": 4,
  "w": 8,
  "eta": 16,
  "alpha": 0.001,
  "beta": 0.15,
  "Btime": 1073741824,
  "Bmemory": 1073741824,
  "Cbase": 32,
  "Cblock": 16,
  "Coracle": 64,
  "timestamp": 1763000484.2569418
}