{
  "status": "OK",
  "group_id": "W256_mu32_w8_eta2_a1_b15_Bt50_Bm30_Cb5_Cbl4_Co6",
  "best_score": 0.013916119933128357,
  "best": [
    256,
    32,
    206925,
    396536,
    8,
    2
  ],
  "Bmin": 206925,
  "B2": 396536,
  "W": 256,
  "mu": 32,
  "w": 8,
  "eta": 2,
  "alpha": 0.001,
  "beta": 0.15,
  "Btime": 1125899906842624,
  "Bmemory": 1073741824,
  "Cbase": 32,
  "Cblock": 16,
  "Coracle": 64,
  "timestamp": 1763807703.8652027
}