{
  "status": "OK",
  "group_id": "W256_mu16_w16_eta2_a1_b25_Bt50_Bm30_Cb5_Cbl4_Co6",
  "best_score": 0.0005870976601727307,
  "best": [
    256,
    16,
    360849,
    582496,
    16,
    2
  ],
  "Bmin": 360849,
  "B2": 582496,
  "W": 256,
  "mu": 16,
  "w": 16,
  "eta": 2,
  "alpha": 0.001,
  "beta": 0.25,
  "Btime": 1125899906842624,
  "Bmemory": 1073741824,
  "Cbase": 32,
  "Cblock": 16,
  "Coracle": 64,
  "timestamp": 1763841064.8205078
}