{
  "status": "OK",
  "group_id": "W256_mu32_w16_eta4_a1_b25_Bt30_Bm50_Cb5_Cbl4_Co6",
  "best_score": 0.0022572949528694153,
  "best": [
    256,
    32,
    360849,
    443967,
    16,
    4
  ],
  "Bmin": 360849,
  "B2": 443967,
  "W": 256,
  "mu": 32,
  "w": 16,
  "eta": 4,
  "alpha": 0.001,
  "beta": 0.25,
  "Btime": 1073741824,
  "Bmemory": 1125899906842624,
  "Cbase": 32,
  "Cblock": 16,
  "Coracle": 64,
  "timestamp": 1763325057.19642
}