{
  "status": "OK",
  "group_id": "W256_mu4_w4_eta16_a1_b5_Bt50_Bm50_Cb5_Cbl4_Co6",
  "best_score": 0.00453745573759079,
  "best": [
    256,
    4,
    64814,
    291786,
    4,
    16
  ],
  "Bmin": 64814,
  "B2": 291786,
  "W": 256,
  "mu": 4,
  "w": 4,
  "eta": 16,
  "alpha": 0.001,
  "beta": 0.05,
  "Btime": 1125899906842624,
  "Bmemory": 1125899906842624,
  "Cbase": 32,
  "Cblock": 16,
  "Coracle": 64,
  "timestamp": 1763798146.3319407
}