{
  "status": "OK",
  "group_id": "W256_mu32_w4_eta2_a1_b20_Bt50_Bm50_Cb5_Cbl4_Co6",
  "best_score": 0.003690660698339343,
  "best": [
    256,
    32,
    278682,
    407355,
    4,
    2
  ],
  "Bmin": 278682,
  "B2": 407355,
  "W": 256,
  "mu": 32,
  "w": 4,
  "eta": 2,
  "alpha": 0.001,
  "beta": 0.2,
  "Btime": 1125899906842624,
  "Bmemory": 1125899906842624,
  "Cbase": 32,
  "Cblock": 16,
  "Coracle": 64,
  "timestamp": 1763713390.5543702
}