{
  "status": "OK",
  "group_id": "W256_mu64_w16_eta2_a1_b25_Bt50_Bm50_Cb5_Cbl4_Co6",
  "best_score": 0.009324474260210991,
  "best": [
    256,
    64,
    360849,
    499378,
    16,
    2
  ],
  "Bmin": 360849,
  "B2": 499378,
  "W": 256,
  "mu": 64,
  "w": 16,
  "eta": 2,
  "alpha": 0.001,
  "beta": 0.25,
  "Btime": 1125899906842624,
  "Bmemory": 1125899906842624,
  "Cbase": 32,
  "Cblock": 16,
  "Coracle": 64,
  "timestamp": 1763847841.326643
}