{
  "status": "OK",
  "group_id": "W256_mu2_w16_eta16_a1_b10_Bt30_Bm30_Cb5_Cbl4_Co6",
  "best_score": 0.006603773683309555,
  "best": [
    256,
    2,
    133907,
    156923,
    16,
    16
  ],
  "Bmin": 133907,
  "B2": 156923,
  "W": 256,
  "mu": 2,
  "w": 16,
  "eta": 16,
  "alpha": 0.001,
  "beta": 0.1,
  "Btime": 1073741824,
  "Bmemory": 1073741824,
  "Cbase": 32,
  "Cblock": 16,
  "Coracle": 64,
  "timestamp": 1763005437.9411316
}