{
  "status": "OK",
  "group_id": "W256_mu8_w4_eta4_a1_b5_Bt30_Bm30_Cb5_Cbl4_Co6",
  "best_score": 0.011863759718835354,
  "best": [
    256,
    8,
    64813,
    223219,
    4,
    4
  ],
  "Bmin": 64813,
  "B2": 223219,
  "W": 256,
  "mu": 8,
  "w": 4,
  "eta": 4,
  "alpha": 0.001,
  "beta": 0.05,
  "Btime": 1073741824,
  "Bmemory": 1073741824,
  "Cbase": 32,
  "Cblock": 16,
  "Coracle": 64,
  "timestamp": 1762975026.1134293
}