{
  "status": "OK",
  "group_id": "W256_mu16_w8_eta2_a1_b10_Bt50_Bm50_Cb5_Cbl4_Co6",
  "best_score": 0.010530701838433743,
  "best": [
    256,
    16,
    133909,
    364066,
    8,
    2
  ],
  "Bmin": 133909,
  "B2": 364066,
  "W": 256,
  "mu": 16,
  "w": 8,
  "eta": 2,
  "alpha": 0.001,
  "beta": 0.1,
  "Btime": 1125899906842624,
  "Bmemory": 1125899906842624,
  "Cbase": 32,
  "Cblock": 16,
  "Coracle": 64,
  "timestamp": 1763803515.2195978
}