{
  "status": "OK",
  "group_id": "W256_mu2_w4_eta32_a1_b20_Bt50_Bm30_Cb5_Cbl4_Co6",
  "best_score": 0.00029094895580783486,
  "best": [
    256,
    2,
    278682,
    361612,
    4,
    32
  ],
  "Bmin": 278682,
  "B2": 361612,
  "W": 256,
  "mu": 2,
  "w": 4,
  "eta": 32,
  "alpha": 0.001,
  "beta": 0.2,
  "Btime": 1125899906842624,
  "Bmemory": 1073741824,
  "Cbase": 32,
  "Cblock": 16,
  "Coracle": 64,
  "timestamp": 1763798696.6271908
}