{
  "status": "OK",
  "group_id": "W256_mu32_w16_eta8_a1_b3_Bt30_Bm30_Cb5_Cbl4_Co6",
  "best_score": 0.030484916642308235,
  "best": [
    256,
    32,
    39763,
    179985,
    16,
    8
  ],
  "Bmin": 39763,
  "B2": 179985,
  "W": 256,
  "mu": 32,
  "w": 16,
  "eta": 8,
  "alpha": 0.001,
  "beta": 0.03,
  "Btime": 1073741824,
  "Bmemory": 1073741824,
  "Cbase": 32,
  "Cblock": 16,
  "Coracle": 64,
  "timestamp": 1763004999.9565022
}