{
  "status": "OK",
  "group_id": "W256_mu8_w4_eta8_a1_b3_Bt30_Bm50_Cb5_Cbl4_Co6",
  "best_score": 0.018146958202123642,
  "best": [
    256,
    8,
    39763,
    420022,
    4,
    8
  ],
  "Bmin": 39763,
  "B2": 420022,
  "W": 256,
  "mu": 8,
  "w": 4,
  "eta": 8,
  "alpha": 0.001,
  "beta": 0.03,
  "Btime": 1073741824,
  "Bmemory": 1125899906842624,
  "Cbase": 32,
  "Cblock": 16,
  "Coracle": 64,
  "timestamp": 1763306044.3559442
}