{
  "status": "OK",
  "group_id": "W256_mu64_w4_eta8_a1_b20_Bt50_Bm50_Cb5_Cbl4_Co6",
  "best_score": 0.021403156220912933,
  "best": [
    256,
    64,
    278682,
    538541,
    4,
    8
  ],
  "Bmin": 278682,
  "B2": 538541,
  "W": 256,
  "mu": 64,
  "w": 4,
  "eta": 8,
  "alpha": 0.001,
  "beta": 0.2,
  "Btime": 1125899906842624,
  "Bmemory": 1125899906842624,
  "Cbase": 32,
  "Cblock": 16,
  "Coracle": 64,
  "timestamp": 1763796942.6975086
}