{
  "status": "OK",
  "group_id": "W256_mu64_w8_eta4_a1_b10_Bt50_Bm30_Cb5_Cbl4_Co6",
  "best_score": 0.0354573093354702,
  "best": [
    256,
    64,
    133907,
    454082,
    8,
    4
  ],
  "Bmin": 133907,
  "B2": 454082,
  "W": 256,
  "mu": 64,
  "w": 8,
  "eta": 4,
  "alpha": 0.001,
  "beta": 0.1,
  "Btime": 1125899906842624,
  "Bmemory": 1073741824,
  "Cbase": 32,
  "Cblock": 16,
  "Coracle": 64,
  "timestamp": 1763829327.3163037
}