{
  "status": "OK",
  "group_id": "W256_mu8_w4_eta8_a1_b15_Bt50_Bm50_Cb5_Cbl4_Co6",
  "best_score": 0.0015277904458343983,
  "best": [
    256,
    8,
    206924,
    965684,
    4,
    8
  ],
  "Bmin": 206924,
  "B2": 965684,
  "W": 256,
  "mu": 8,
  "w": 4,
  "eta": 8,
  "alpha": 0.001,
  "beta": 0.15,
  "Btime": 1125899906842624,
  "Bmemory": 1125899906842624,
  "Cbase": 32,
  "Cblock": 16,
  "Coracle": 64,
  "timestamp": 1763778244.3597476
}