{
  "status": "OK",
  "group_id": "W256_mu32_w16_eta2_a1_b20_Bt30_Bm50_Cb5_Cbl4_Co6",
  "best_score": 0.008364688605070114,
  "best": [
    256,
    32,
    278682,
    343019,
    16,
    2
  ],
  "Bmin": 278682,
  "B2": 343019,
  "W": 256,
  "mu": 32,
  "w": 16,
  "eta": 2,
  "alpha": 0.001,
  "beta": 0.2,
  "Btime": 1073741824,
  "Bmemory": 1125899906842624,
  "Cbase": 32,
  "Cblock": 16,
  "Coracle": 64,
  "timestamp": 1763322914.3155649
}