{
  "status": "OK",
  "group_id": "W256_mu2_w4_eta32_a1_b5_Bt50_Bm30_Cb5_Cbl4_Co6",
  "best_score": 0.0023646769113838673,
  "best": [
    256,
    2,
    64815,
    201944,
    4,
    32
  ],
  "Bmin": 64815,
  "B2": 201944,
  "W": 256,
  "mu": 2,
  "w": 4,
  "eta": 32,
  "alpha": 0.001,
  "beta": 0.05,
  "Btime": 1125899906842624,
  "Bmemory": 1073741824,
  "Cbase": 32,
  "Cblock": 16,
  "Coracle": 64,
  "timestamp": 1763798680.2150886
}