{
  "status": "OK",
  "group_id": "W256_mu4_w16_eta4_a1_b15_Bt50_Bm50_Cb5_Cbl4_Co6",
  "best_score": 0.0027802768163383007,
  "best": [
    256,
    4,
    206924,
    282768,
    16,
    4
  ],
  "Bmin": 206924,
  "B2": 282768,
  "W": 256,
  "mu": 4,
  "w": 16,
  "eta": 4,
  "alpha": 0.001,
  "beta": 0.15,
  "Btime": 1125899906842624,
  "Bmemory": 1125899906842624,
  "Cbase": 32,
  "Cblock": 16,
  "Coracle": 64,
  "timestamp": 1763847998.0210218
}