{
  "status": "OK",
  "group_id": "W256_mu32_w8_eta4_a1_b20_Bt30_Bm30_Cb5_Cbl4_Co6",
  "best_score": 0.005665624979883432,
  "best": [
    256,
    32,
    278682,
    359103,
    8,
    4
  ],
  "Bmin": 278682,
  "B2": 359103,
  "W": 256,
  "mu": 32,
  "w": 8,
  "eta": 4,
  "alpha": 0.001,
  "beta": 0.2,
  "Btime": 1073741824,
  "Bmemory": 1073741824,
  "Cbase": 32,
  "Cblock": 16,
  "Coracle": 64,
  "timestamp": 1762996954.1340353
}