{
  "status": "OK",
  "group_id": "W256_mu64_w16_eta2_a1_b10_Bt50_Bm50_Cb5_Cbl4_Co6",
  "best_score": 0.01781647652387619,
  "best": [
    256,
    64,
    133907,
    364065,
    16,
    2
  ],
  "Bmin": 133907,
  "B2": 364065,
  "W": 256,
  "mu": 64,
  "w": 16,
  "eta": 2,
  "alpha": 0.001,
  "beta": 0.1,
  "Btime": 1125899906842624,
  "Bmemory": 1125899906842624,
  "Cbase": 32,
  "Cblock": 16,
  "Coracle": 64,
  "timestamp": 1763845821.8325498
}