{
  "status": "OK",
  "group_id": "W256_mu2_w4_eta8_a1_b10_Bt50_Bm50_Cb5_Cbl4_Co6",
  "best_score": 0.0022658100351691246,
  "best": [
    256,
    2,
    133907,
    453058,
    4,
    8
  ],
  "Bmin": 133907,
  "B2": 453058,
  "W": 256,
  "mu": 2,
  "w": 4,
  "eta": 8,
  "alpha": 0.001,
  "beta": 0.1,
  "Btime": 1125899906842624,
  "Bmemory": 1125899906842624,
  "Cbase": 32,
  "Cblock": 16,
  "Coracle": 64,
  "timestamp": 1763776439.0060644
}