{
  "status": "OK",
  "group_id": "W256_mu64_w16_eta2_a1_b10_Bt30_Bm30_Cb5_Cbl4_Co6",
  "best_score": 0.018195515498518944,
  "best": [
    256,
    64,
    133907,
    225970,
    16,
    2
  ],
  "Bmin": 133907,
  "B2": 225970,
  "W": 256,
  "mu": 64,
  "w": 16,
  "eta": 2,
  "alpha": 0.001,
  "beta": 0.1,
  "Btime": 1073741824,
  "Bmemory": 1073741824,
  "Cbase": 32,
  "Cblock": 16,
  "Coracle": 64,
  "timestamp": 1763002600.5031013
}