{
  "status": "OK",
  "group_id": "W256_mu32_w4_eta8_a1_b20_Bt30_Bm50_Cb5_Cbl4_Co6",
  "best_score": 0.002803533338010311,
  "best": [
    256,
    32,
    278682,
    375187,
    4,
    8
  ],
  "Bmin": 278682,
  "B2": 375187,
  "W": 256,
  "mu": 32,
  "w": 4,
  "eta": 8,
  "alpha": 0.001,
  "beta": 0.2,
  "Btime": 1073741824,
  "Bmemory": 1125899906842624,
  "Cbase": 32,
  "Cblock": 16,
  "Coracle": 64,
  "timestamp": 1763307745.5306747
}