{
  "status": "OK",
  "group_id": "W256_mu8_w4_eta16_a1_b20_Bt30_Bm30_Cb5_Cbl4_Co6",
  "best_score": 0.0007301492150872946,
  "best": [
    256,
    8,
    278681,
    524965,
    4,
    16
  ],
  "Bmin": 278681,
  "B2": 524965,
  "W": 256,
  "mu": 8,
  "w": 4,
  "eta": 16,
  "alpha": 0.001,
  "beta": 0.2,
  "Btime": 1073741824,
  "Bmemory": 1073741824,
  "Cbase": 32,
  "Cblock": 16,
  "Coracle": 64,
  "timestamp": 1762988026.816352
}