{
  "status": "OK",
  "group_id": "W256_mu2_w16_eta2_a1_b20_Bt50_Bm30_Cb5_Cbl4_Co6",
  "best_score": 0.0005813752650283277,
  "best": [
    256,
    2,
    278682,
    407357,
    16,
    2
  ],
  "Bmin": 278682,
  "B2": 407357,
  "W": 256,
  "mu": 2,
  "w": 16,
  "eta": 2,
  "alpha": 0.001,
  "beta": 0.2,
  "Btime": 1125899906842624,
  "Bmemory": 1073741824,
  "Cbase": 32,
  "Cblock": 16,
  "Coracle": 64,
  "timestamp": 1763838623.8914921
}