{
  "status": "OK",
  "group_id": "W256_mu32_w8_eta4_a1_b5_Bt30_Bm30_Cb5_Cbl4_Co6",
  "best_score": 0.02738947793841362,
  "best": [
    256,
    32,
    64815,
    214551,
    8,
    4
  ],
  "Bmin": 64815,
  "B2": 214551,
  "W": 256,
  "mu": 32,
  "w": 8,
  "eta": 4,
  "alpha": 0.001,
  "beta": 0.05,
  "Btime": 1073741824,
  "Bmemory": 1073741824,
  "Cbase": 32,
  "Cblock": 16,
  "Coracle": 64,
  "timestamp": 1762996564.9791534
}