{
  "status": "OK",
  "group_id": "W256_mu4_w8_eta4_a1_b15_Bt30_Bm50_Cb5_Cbl4_Co6",
  "best_score": 0.001407610485330224,
  "best": [
    256,
    4,
    206924,
    358612,
    8,
    4
  ],
  "Bmin": 206924,
  "B2": 358612,
  "W": 256,
  "mu": 4,
  "w": 8,
  "eta": 4,
  "alpha": 0.001,
  "beta": 0.15,
  "Btime": 1073741824,
  "Bmemory": 1125899906842624,
  "Cbase": 32,
  "Cblock": 16,
  "Coracle": 64,
  "timestamp": 1763317007.5984268
}