{
  "status": "OK",
  "group_id": "W256_mu64_w8_eta2_a1_b5_Bt30_Bm50_Cb5_Cbl4_Co6",
  "best_score": 0.05061546340584755,
  "best": [
    256,
    64,
    64813,
    154656,
    8,
    2
  ],
  "Bmin": 64813,
  "B2": 154656,
  "W": 256,
  "mu": 64,
  "w": 8,
  "eta": 2,
  "alpha": 0.001,
  "beta": 0.05,
  "Btime": 1073741824,
  "Bmemory": 1125899906842624,
  "Cbase": 32,
  "Cblock": 16,
  "Coracle": 64,
  "timestamp": 1763314313.348449
}