{
  "status": "OK",
  "group_id": "W256_mu8_w4_eta8_a1_b3_Bt50_Bm30_Cb5_Cbl4_Co6",
  "best_score": 0.019192328676581383,
  "best": [
    256,
    8,
    39763,
    937826,
    4,
    8
  ],
  "Bmin": 39763,
  "B2": 937826,
  "W": 256,
  "mu": 8,
  "w": 4,
  "eta": 8,
  "alpha": 0.001,
  "beta": 0.03,
  "Btime": 1125899906842624,
  "Bmemory": 1073741824,
  "Cbase": 32,
  "Cblock": 16,
  "Coracle": 64,
  "timestamp": 1763777209.2277842
}