{
  "status": "OK",
  "group_id": "W256_mu8_w8_eta4_a1_b5_Bt30_Bm30_Cb5_Cbl4_Co6",
  "best_score": 0.0181674025952816,
  "best": [
    256,
    8,
    64815,
    244500,
    8,
    4
  ],
  "Bmin": 64815,
  "B2": 244500,
  "W": 256,
  "mu": 8,
  "w": 8,
  "eta": 4,
  "alpha": 0.001,
  "beta": 0.05,
  "Btime": 1073741824,
  "Bmemory": 1073741824,
  "Cbase": 32,
  "Cblock": 16,
  "Coracle": 64,
  "timestamp": 1762995775.0623019
}