{
  "status": "OK",
  "group_id": "W256_mu16_w8_eta4_a1_b25_Bt50_Bm30_Cb5_Cbl4_Co6",
  "best_score": 0.0003471147210802883,
  "best": [
    256,
    16,
    360849,
    687191,
    8,
    4
  ],
  "Bmin": 360849,
  "B2": 687191,
  "W": 256,
  "mu": 16,
  "w": 8,
  "eta": 4,
  "alpha": 0.001,
  "beta": 0.25,
  "Btime": 1125899906842624,
  "Bmemory": 1073741824,
  "Cbase": 32,
  "Cblock": 16,
  "Coracle": 64,
  "timestamp": 1763823175.697896
}