{
  "status": "OK",
  "group_id": "W256_mu8_w4_eta8_a1_b10_Bt30_Bm50_Cb5_Cbl4_Co6",
  "best_score": 0.003309776773676276,
  "best": [
    256,
    8,
    133907,
    430043,
    4,
    8
  ],
  "Bmin": 133907,
  "B2": 430043,
  "W": 256,
  "mu": 8,
  "w": 4,
  "eta": 8,
  "alpha": 0.001,
  "beta": 0.1,
  "Btime": 1073741824,
  "Bmemory": 1125899906842624,
  "Cbase": 32,
  "Cblock": 16,
  "Coracle": 64,
  "timestamp": 1763306171.1387131
}