{
  "status": "OK",
  "group_id": "W256_mu8_w4_eta2_a1_b5_Bt50_Bm50_Cb5_Cbl4_Co6",
  "best_score": 0.023438289761543274,
  "best": [
    256,
    8,
    64815,
    364293,
    4,
    2
  ],
  "Bmin": 64815,
  "B2": 364293,
  "W": 256,
  "mu": 8,
  "w": 4,
  "eta": 2,
  "alpha": 0.001,
  "beta": 0.05,
  "Btime": 1125899906842624,
  "Bmemory": 1125899906842624,
  "Cbase": 32,
  "Cblock": 16,
  "Coracle": 64,
  "timestamp": 1763688905.369071
}