{
  "status": "OK",
  "group_id": "W256_mu16_w4_eta4_a1_b20_Bt30_Bm50_Cb5_Cbl4_Co6",
  "best_score": 0.0007304996252059937,
  "best": [
    256,
    16,
    278680,
    359103,
    4,
    4
  ],
  "Bmin": 278680,
  "B2": 359103,
  "W": 256,
  "mu": 16,
  "w": 4,
  "eta": 4,
  "alpha": 0.001,
  "beta": 0.2,
  "Btime": 1073741824,
  "Bmemory": 1125899906842624,
  "Cbase": 32,
  "Cblock": 16,
  "Coracle": 64,
  "timestamp": 1763299114.535394
}