{
  "status": "OK",
  "group_id": "W256_mu16_w16_eta2_a1_b15_Bt30_Bm30_Cb5_Cbl4_Co6",
  "best_score": 0.00698308227583766,
  "best": [
    256,
    16,
    206924,
    282768,
    16,
    2
  ],
  "Bmin": 206924,
  "B2": 282768,
  "W": 256,
  "mu": 16,
  "w": 16,
  "eta": 2,
  "alpha": 0.001,
  "beta": 0.15,
  "Btime": 1073741824,
  "Bmemory": 1073741824,
  "Cbase": 32,
  "Cblock": 16,
  "Coracle": 64,
  "timestamp": 1763001251.0676894
}