{
  "status": "OK",
  "group_id": "W256_mu2_w4_eta4_a1_b3_Bt30_Bm50_Cb5_Cbl4_Co6",
  "best_score": 0.031215475872159004,
  "best": [
    256,
    2,
    39762,
    735521,
    4,
    4
  ],
  "Bmin": 39762,
  "B2": 735521,
  "W": 256,
  "mu": 2,
  "w": 4,
  "eta": 4,
  "alpha": 0.001,
  "beta": 0.03,
  "Btime": 1073741824,
  "Bmemory": 1125899906842624,
  "Cbase": 32,
  "Cblock": 16,
  "Coracle": 64,
  "timestamp": 1763296946.8370922
}