{
  "status": "OK",
  "group_id": "W256_mu2_w4_eta4_a1_b20_Bt50_Bm50_Cb5_Cbl4_Co6",
  "best_score": 0.0002765233220998198,
  "best": [
    256,
    2,
    278680,
    586797,
    4,
    4
  ],
  "Bmin": 278680,
  "B2": 586797,
  "W": 256,
  "mu": 2,
  "w": 4,
  "eta": 4,
  "alpha": 0.001,
  "beta": 0.2,
  "Btime": 1125899906842624,
  "Bmemory": 1125899906842624,
  "Cbase": 32,
  "Cblock": 16,
  "Coracle": 64,
  "timestamp": 1763748908.4847267
}