{
  "status": "OK",
  "group_id": "W256_mu32_w8_eta8_a1_b5_Bt30_Bm50_Cb5_Cbl4_Co6",
  "best_score": 0.015984894707798958,
  "best": [
    256,
    32,
    64814,
    343011,
    8,
    8
  ],
  "Bmin": 64814,
  "B2": 343011,
  "W": 256,
  "mu": 32,
  "w": 8,
  "eta": 8,
  "alpha": 0.001,
  "beta": 0.05,
  "Btime": 1073741824,
  "Bmemory": 1125899906842624,
  "Cbase": 32,
  "Cblock": 16,
  "Coracle": 64,
  "timestamp": 1763320437.6163368
}