{
  "status": "OK",
  "group_id": "W256_mu16_w8_eta2_a1_b3_Bt50_Bm30_Cb5_Cbl4_Co6",
  "best_score": 0.09643668681383133,
  "best": [
    256,
    16,
    39762,
    390318,
    8,
    2
  ],
  "Bmin": 39762,
  "B2": 390318,
  "W": 256,
  "mu": 16,
  "w": 8,
  "eta": 2,
  "alpha": 0.001,
  "beta": 0.03,
  "Btime": 1125899906842624,
  "Bmemory": 1073741824,
  "Cbase": 32,
  "Cblock": 16,
  "Coracle": 64,
  "timestamp": 1763802419.8377879
}