{
  "status": "OK",
  "group_id": "W256_mu2_w16_eta16_a1_b5_Bt30_Bm50_Cb5_Cbl4_Co6",
  "best_score": 0.0069999392144382,
  "best": [
    256,
    2,
    64815,
    94762,
    16,
    16
  ],
  "Bmin": 64815,
  "B2": 94762,
  "W": 256,
  "mu": 2,
  "w": 16,
  "eta": 16,
  "alpha": 0.001,
  "beta": 0.05,
  "Btime": 1073741824,
  "Bmemory": 1125899906842624,
  "Cbase": 32,
  "Cblock": 16,
  "Coracle": 64,
  "timestamp": 1763326288.748697
}