{
  "status": "OK",
  "group_id": "W256_mu4_w4_eta4_a1_b5_Bt30_Bm30_Cb5_Cbl4_Co6",
  "best_score": 0.009240089915692806,
  "best": [
    256,
    4,
    64813,
    253168,
    4,
    4
  ],
  "Bmin": 64813,
  "B2": 253168,
  "W": 256,
  "mu": 4,
  "w": 4,
  "eta": 4,
  "alpha": 0.001,
  "beta": 0.05,
  "Btime": 1073741824,
  "Bmemory": 1073741824,
  "Cbase": 32,
  "Cblock": 16,
  "Coracle": 64,
  "timestamp": 1762974634.5693164
}