{
  "status": "OK",
  "group_id": "W256_mu2_w4_eta2_a1_b3_Bt30_Bm50_Cb5_Cbl4_Co6",
  "best_score": 0.038331735879182816,
  "best": [
    256,
    2,
    39767,
    283817,
    4,
    2
  ],
  "Bmin": 39767,
  "B2": 283817,
  "W": 256,
  "mu": 2,
  "w": 4,
  "eta": 2,
  "alpha": 0.001,
  "beta": 0.03,
  "Btime": 1073741824,
  "Bmemory": 1125899906842624,
  "Cbase": 32,
  "Cblock": 16,
  "Coracle": 64,
  "timestamp": 1763272542.3630755
}