{
  "status": "OK",
  "group_id": "W256_mu64_w8_eta8_a1_b3_Bt30_Bm30_Cb5_Cbl4_Co6",
  "best_score": 0.033473264425992966,
  "best": [
    256,
    64,
    39763,
    316193,
    8,
    8
  ],
  "Bmin": 39763,
  "B2": 316193,
  "W": 256,
  "mu": 64,
  "w": 8,
  "eta": 8,
  "alpha": 0.001,
  "beta": 0.03,
  "Btime": 1073741824,
  "Bmemory": 1073741824,
  "Cbase": 32,
  "Cblock": 16,
  "Coracle": 64,
  "timestamp": 1762999770.6945481
}