{
  "status": "OK",
  "group_id": "W256_mu64_w16_eta4_a1_b15_Bt30_Bm30_Cb5_Cbl4_Co6",
  "best_score": 0.02629905566573143,
  "best": [
    256,
    64,
    206924,
    301729,
    16,
    4
  ],
  "Bmin": 206924,
  "B2": 301729,
  "W": 256,
  "mu": 64,
  "w": 16,
  "eta": 4,
  "alpha": 0.001,
  "beta": 0.15,
  "Btime": 1073741824,
  "Bmemory": 1073741824,
  "Cbase": 32,
  "Cblock": 16,
  "Coracle": 64,
  "timestamp": 1763004562.032186
}