{
  "status": "OK",
  "group_id": "W256_mu64_w8_eta8_a1_b5_Bt50_Bm30_Cb5_Cbl4_Co6",
  "best_score": 0.022464793175458908,
  "best": [
    256,
    64,
    64814,
    599929,
    8,
    8
  ],
  "Bmin": 64814,
  "B2": 599929,
  "W": 256,
  "mu": 64,
  "w": 8,
  "eta": 8,
  "alpha": 0.001,
  "beta": 0.05,
  "Btime": 1125899906842624,
  "Bmemory": 1073741824,
  "Cbase": 32,
  "Cblock": 16,
  "Coracle": 64,
  "timestamp": 1763835801.3272882
}