{
  "status": "OK",
  "group_id": "W256_mu16_w4_eta2_a1_b25_Bt50_Bm50_Cb5_Cbl4_Co6",
  "best_score": 0.00021454357192851603,
  "best": [
    256,
    16,
    360844,
    485521,
    4,
    2
  ],
  "Bmin": 360844,
  "B2": 485521,
  "W": 256,
  "mu": 16,
  "w": 4,
  "eta": 2,
  "alpha": 0.001,
  "beta": 0.25,
  "Btime": 1125899906842624,
  "Bmemory": 1125899906842624,
  "Cbase": 32,
  "Cblock": 16,
  "Coracle": 64,
  "timestamp": 1763700653.415655
}