{
  "status": "OK",
  "group_id": "W256_mu32_w4_eta4_a1_b5_Bt50_Bm50_Cb5_Cbl4_Co6",
  "best_score": 0.023361044004559517,
  "best": [
    256,
    32,
    64813,
    394235,
    4,
    4
  ],
  "Bmin": 64813,
  "B2": 394235,
  "W": 256,
  "mu": 32,
  "w": 4,
  "eta": 4,
  "alpha": 0.001,
  "beta": 0.05,
  "Btime": 1125899906842624,
  "Bmemory": 1125899906842624,
  "Cbase": 32,
  "Cblock": 16,
  "Coracle": 64,
  "timestamp": 1763760098.2256796
}