{
  "status": "OK",
  "group_id": "W256_mu8_w8_eta8_a1_b20_Bt30_Bm50_Cb5_Cbl4_Co6",
  "best_score": 0.0007271601934917271,
  "best": [
    256,
    8,
    278681,
    407356,
    8,
    8
  ],
  "Bmin": 278681,
  "B2": 407356,
  "W": 256,
  "mu": 8,
  "w": 8,
  "eta": 8,
  "alpha": 0.001,
  "beta": 0.2,
  "Btime": 1073741824,
  "Bmemory": 1125899906842624,
  "Cbase": 32,
  "Cblock": 16,
  "Coracle": 64,
  "timestamp": 1763319996.8606088
}