{
  "status": "OK",
  "group_id": "W256_mu16_w4_eta8_a1_b5_Bt30_Bm30_Cb5_Cbl4_Co6",
  "best_score": 0.010968072339892387,
  "best": [
    256,
    16,
    64815,
    351681,
    4,
    8
  ],
  "Bmin": 64815,
  "B2": 351681,
  "W": 256,
  "mu": 16,
  "w": 4,
  "eta": 8,
  "alpha": 0.001,
  "beta": 0.05,
  "Btime": 1073741824,
  "Bmemory": 1073741824,
  "Cbase": 32,
  "Cblock": 16,
  "Coracle": 64,
  "timestamp": 1762984518.145699
}