{
  "status": "OK",
  "group_id": "W256_mu64_w16_eta2_a1_b3_Bt30_Bm30_Cb5_Cbl4_Co6",
  "best_score": 0.04195333272218704,
  "best": [
    256,
    64,
    39763,
    178647,
    16,
    2
  ],
  "Bmin": 39763,
  "B2": 178647,
  "W": 256,
  "mu": 64,
  "w": 16,
  "eta": 2,
  "alpha": 0.001,
  "beta": 0.03,
  "Btime": 1073741824,
  "Bmemory": 1073741824,
  "Cbase": 32,
  "Cblock": 16,
  "Coracle": 64,
  "timestamp": 1763002223.945759
}