{
  "status": "OK",
  "group_id": "W256_mu8_w4_eta8_a1_b5_Bt50_Bm30_Cb5_Cbl4_Co6",
  "best_score": 0.010207985527813435,
  "best": [
    256,
    8,
    64815,
    900198,
    4,
    8
  ],
  "Bmin": 64815,
  "B2": 900198,
  "W": 256,
  "mu": 8,
  "w": 4,
  "eta": 8,
  "alpha": 0.001,
  "beta": 0.05,
  "Btime": 1125899906842624,
  "Bmemory": 1073741824,
  "Cbase": 32,
  "Cblock": 16,
  "Coracle": 64,
  "timestamp": 1763777510.3009243
}