{
  "status": "OK",
  "group_id": "W256_mu32_w4_eta8_a1_b15_Bt50_Bm50_Cb5_Cbl4_Co6",
  "best_score": 0.007784173358231783,
  "best": [
    256,
    32,
    206924,
    957292,
    4,
    8
  ],
  "Bmin": 206924,
  "B2": 957292,
  "W": 256,
  "mu": 32,
  "w": 4,
  "eta": 8,
  "alpha": 0.001,
  "beta": 0.15,
  "Btime": 1125899906842624,
  "Bmemory": 1125899906842624,
  "Cbase": 32,
  "Cblock": 16,
  "Coracle": 64,
  "timestamp": 1763788948.053659
}