{
  "status": "OK",
  "group_id": "W256_mu8_w4_eta16_a1_b15_Bt50_Bm30_Cb5_Cbl4_Co6",
  "best_score": 0.001770101604051888,
  "best": [
    256,
    8,
    206924,
    571539,
    4,
    16
  ],
  "Bmin": 206924,
  "B2": 571539,
  "W": 256,
  "mu": 8,
  "w": 4,
  "eta": 16,
  "alpha": 0.001,
  "beta": 0.15,
  "Btime": 1125899906842624,
  "Bmemory": 1073741824,
  "Cbase": 32,
  "Cblock": 16,
  "Coracle": 64,
  "timestamp": 1763798502.993965
}