{
  "status": "OK",
  "group_id": "W256_mu4_w16_eta2_a1_b10_Bt30_Bm50_Cb5_Cbl4_Co6",
  "best_score": 0.007911584340035915,
  "best": [
    256,
    4,
    133907,
    318034,
    16,
    2
  ],
  "Bmin": 133907,
  "B2": 318034,
  "W": 256,
  "mu": 4,
  "w": 16,
  "eta": 2,
  "alpha": 0.001,
  "beta": 0.1,
  "Btime": 1073741824,
  "Bmemory": 1125899906842624,
  "Cbase": 32,
  "Cblock": 16,
  "Coracle": 64,
  "timestamp": 1763321804.1183708
}