{
  "status": "OK",
  "group_id": "W256_mu4_w4_eta2_a1_b25_Bt30_Bm30_Cb5_Cbl4_Co6",
  "best_score": 8.106553286779672e-05,
  "best": [
    256,
    4,
    360844,
    416256,
    4,
    2
  ],
  "Bmin": 360844,
  "B2": 416256,
  "W": 256,
  "mu": 4,
  "w": 4,
  "eta": 2,
  "alpha": 0.001,
  "beta": 0.25,
  "Btime": 1073741824,
  "Bmemory": 1073741824,
  "Cbase": 32,
  "Cblock": 16,
  "Coracle": 64,
  "timestamp": 1762925946.3837829
}