{
  "status": "OK",
  "group_id": "W256_mu2_w8_eta4_a1_b25_Bt30_Bm30_Cb5_Cbl4_Co6",
  "best_score": 9.538635640637949e-05,
  "best": [
    256,
    2,
    360849,
    471672,
    8,
    4
  ],
  "Bmin": 360849,
  "B2": 471672,
  "W": 256,
  "mu": 2,
  "w": 8,
  "eta": 4,
  "alpha": 0.001,
  "beta": 0.25,
  "Btime": 1073741824,
  "Bmemory": 1073741824,
  "Cbase": 32,
  "Cblock": 16,
  "Coracle": 64,
  "timestamp": 1762995536.787122
}