{
  "status": "OK",
  "group_id": "W256_mu4_w8_eta16_a1_b25_Bt50_Bm50_Cb5_Cbl4_Co6",
  "best_score": 0.00018046319019049406,
  "best": [
    256,
    4,
    360849,
    388555,
    8,
    16
  ],
  "Bmin": 360849,
  "B2": 388555,
  "W": 256,
  "mu": 4,
  "w": 8,
  "eta": 16,
  "alpha": 0.001,
  "beta": 0.25,
  "Btime": 1125899906842624,
  "Bmemory": 1125899906842624,
  "Cbase": 32,
  "Cblock": 16,
  "Coracle": 64,
  "timestamp": 1763838346.6735797
}