{
  "status": "OK",
  "group_id": "W256_mu32_w4_eta4_a1_b15_Bt30_Bm50_Cb5_Cbl4_Co6",
  "best_score": 0.006300727371126413,
  "best": [
    256,
    32,
    206925,
    282770,
    4,
    4
  ],
  "Bmin": 206925,
  "B2": 282770,
  "W": 256,
  "mu": 32,
  "w": 4,
  "eta": 4,
  "alpha": 0.001,
  "beta": 0.15,
  "Btime": 1073741824,
  "Bmemory": 1125899906842624,
  "Cbase": 32,
  "Cblock": 16,
  "Coracle": 64,
  "timestamp": 1763300685.8042178
}