{
  "status": "OK",
  "group_id": "W256_mu2_w8_eta2_a1_b10_Bt30_Bm30_Cb5_Cbl4_Co6",
  "best_score": 0.004828406497836113,
  "best": [
    256,
    2,
    133909,
    502163,
    8,
    2
  ],
  "Bmin": 133909,
  "B2": 502163,
  "W": 256,
  "mu": 2,
  "w": 8,
  "eta": 2,
  "alpha": 0.001,
  "beta": 0.1,
  "Btime": 1073741824,
  "Bmemory": 1073741824,
  "Cbase": 32,
  "Cblock": 16,
  "Coracle": 64,
  "timestamp": 1762988275.030351
}