{
  "status": "OK",
  "group_id": "W256_mu2_w4_eta32_a1_b10_Bt50_Bm30_Cb5_Cbl4_Co6",
  "best_score": 0.0012593511492013931,
  "best": [
    256,
    2,
    133907,
    269954,
    4,
    32
  ],
  "Bmin": 133907,
  "B2": 269954,
  "W": 256,
  "mu": 2,
  "w": 4,
  "eta": 32,
  "alpha": 0.001,
  "beta": 0.1,
  "Btime": 1125899906842624,
  "Bmemory": 1073741824,
  "Cbase": 32,
  "Cblock": 16,
  "Coracle": 64,
  "timestamp": 1763798685.9296186
}