{
  "status": "OK",
  "group_id": "W256_mu8_w4_eta4_a1_b3_Bt30_Bm30_Cb5_Cbl4_Co6",
  "best_score": 0.03282361477613449,
  "best": [
    256,
    8,
    39762,
    248756,
    4,
    4
  ],
  "Bmin": 39762,
  "B2": 248756,
  "W": 256,
  "mu": 8,
  "w": 4,
  "eta": 4,
  "alpha": 0.001,
  "beta": 0.03,
  "Btime": 1073741824,
  "Bmemory": 1073741824,
  "Cbase": 32,
  "Cblock": 16,
  "Coracle": 64,
  "timestamp": 1762974947.8554618
}