{
  "status": "OK",
  "group_id": "W256_mu4_w8_eta2_a1_b25_Bt30_Bm30_Cb5_Cbl4_Co6",
  "best_score": 0.00010227780148852617,
  "best": [
    256,
    4,
    360849,
    430113,
    8,
    2
  ],
  "Bmin": 360849,
  "B2": 430113,
  "W": 256,
  "mu": 4,
  "w": 8,
  "eta": 2,
  "alpha": 0.001,
  "beta": 0.25,
  "Btime": 1073741824,
  "Bmemory": 1073741824,
  "Cbase": 32,
  "Cblock": 16,
  "Coracle": 64,
  "timestamp": 1762988689.363463
}