{
  "status": "OK",
  "group_id": "W256_mu4_w16_eta4_a1_b3_Bt50_Bm50_Cb5_Cbl4_Co6",
  "best_score": 0.026865804567933083,
  "best": [
    256,
    4,
    39763,
    179985,
    16,
    4
  ],
  "Bmin": 39763,
  "B2": 179985,
  "W": 256,
  "mu": 4,
  "w": 16,
  "eta": 4,
  "alpha": 0.001,
  "beta": 0.03,
  "Btime": 1125899906842624,
  "Bmemory": 1125899906842624,
  "Cbase": 32,
  "Cblock": 16,
  "Coracle": 64,
  "timestamp": 1763847943.6397262
}