{
  "status": "OK",
  "group_id": "W256_mu4_w8_eta2_a1_b20_Bt30_Bm50_Cb5_Cbl4_Co6",
  "best_score": 0.00041964263073168695,
  "best": [
    256,
    4,
    278680,
    359104,
    8,
    2
  ],
  "Bmin": 278680,
  "B2": 359104,
  "W": 256,
  "mu": 4,
  "w": 8,
  "eta": 2,
  "alpha": 0.001,
  "beta": 0.2,
  "Btime": 1073741824,
  "Bmemory": 1125899906842624,
  "Cbase": 32,
  "Cblock": 16,
  "Coracle": 64,
  "timestamp": 1763310466.5468328
}