{
  "status": "OK",
  "group_id": "W256_mu64_w4_eta4_a1_b25_Bt50_Bm50_Cb5_Cbl4_Co6",
  "best_score": 0.005991082638502121,
  "best": [
    256,
    64,
    360849,
    485524,
    4,
    4
  ],
  "Bmin": 360849,
  "B2": 485524,
  "W": 256,
  "mu": 64,
  "w": 4,
  "eta": 4,
  "alpha": 0.001,
  "beta": 0.25,
  "Btime": 1125899906842624,
  "Bmemory": 1125899906842624,
  "Cbase": 32,
  "Cblock": 16,
  "Coracle": 64,
  "timestamp": 1763776284.8673594
}