{
  "status": "OK",
  "group_id": "W256_mu2_w4_eta2_a1_b3_Bt50_Bm30_Cb5_Cbl4_Co6",
  "best_score": 0.0775984600186348,
  "best": [
    256,
    2,
    39767,
    1048574,
    4,
    2
  ],
  "Bmin": 39767,
  "B2": 1048574,
  "W": 256,
  "mu": 2,
  "w": 4,
  "eta": 2,
  "alpha": 0.001,
  "beta": 0.03,
  "Btime": 1125899906842624,
  "Bmemory": 1073741824,
  "Cbase": 32,
  "Cblock": 16,
  "Coracle": 64,
  "timestamp": 1763683049.8820672
}