{
  "status": "OK",
  "group_id": "W256_mu2_w16_eta16_a1_b20_Bt50_Bm50_Cb5_Cbl4_Co6",
  "best_score": 0.0014202705351635814,
  "best": [
    256,
    2,
    278682,
    294766,
    16,
    16
  ],
  "Bmin": 278682,
  "B2": 294766,
  "W": 256,
  "mu": 2,
  "w": 16,
  "eta": 16,
  "alpha": 0.001,
  "beta": 0.2,
  "Btime": 1125899906842624,
  "Bmemory": 1125899906842624,
  "Cbase": 32,
  "Cblock": 16,
  "Coracle": 64,
  "timestamp": 1763852924.4876287
}