{
  "status": "OK",
  "group_id": "W256_mu4_w4_eta8_a1_b5_Bt50_Bm30_Cb5_Cbl4_Co6",
  "best_score": 0.008033514022827148,
  "best": [
    256,
    4,
    64815,
    488809,
    4,
    8
  ],
  "Bmin": 64815,
  "B2": 488809,
  "W": 256,
  "mu": 4,
  "w": 4,
  "eta": 8,
  "alpha": 0.001,
  "beta": 0.05,
  "Btime": 1125899906842624,
  "Bmemory": 1073741824,
  "Cbase": 32,
  "Cblock": 16,
  "Coracle": 64,
  "timestamp": 1763776695.9493876
}