{
  "status": "OK",
  "group_id": "W256_mu32_w8_eta8_a1_b3_Bt50_Bm50_Cb5_Cbl4_Co6",
  "best_score": 0.02784087136387825,
  "best": [
    256,
    32,
    39763,
    490132,
    8,
    8
  ],
  "Bmin": 39763,
  "B2": 490132,
  "W": 256,
  "mu": 32,
  "w": 8,
  "eta": 8,
  "alpha": 0.001,
  "beta": 0.03,
  "Btime": 1125899906842624,
  "Bmemory": 1125899906842624,
  "Cbase": 32,
  "Cblock": 16,
  "Coracle": 64,
  "timestamp": 1763833785.0647683
}