{
  "status": "OK",
  "group_id": "W256_mu8_w16_eta4_a1_b5_Bt30_Bm50_Cb5_Cbl4_Co6",
  "best_score": 0.01794750802218914,
  "best": [
    256,
    8,
    64814,
    214552,
    16,
    4
  ],
  "Bmin": 64814,
  "B2": 214552,
  "W": 256,
  "mu": 8,
  "w": 16,
  "eta": 4,
  "alpha": 0.001,
  "beta": 0.05,
  "Btime": 1073741824,
  "Bmemory": 1125899906842624,
  "Cbase": 32,
  "Cblock": 16,
  "Coracle": 64,
  "timestamp": 1763324403.2152023
}