{
  "status": "OK",
  "group_id": "W256_mu2_w4_eta8_a1_b15_Bt50_Bm50_Cb5_Cbl4_Co6",
  "best_score": 0.0008273980347439647,
  "best": [
    256,
    2,
    206924,
    455595,
    4,
    8
  ],
  "Bmin": 206924,
  "B2": 455595,
  "W": 256,
  "mu": 2,
  "w": 4,
  "eta": 8,
  "alpha": 0.001,
  "beta": 0.15,
  "Btime": 1125899906842624,
  "Bmemory": 1125899906842624,
  "Cbase": 32,
  "Cblock": 16,
  "Coracle": 64,
  "timestamp": 1763776479.4427319
}