{
  "status": "OK",
  "group_id": "W256_mu2_w8_eta8_a1_b10_Bt30_Bm50_Cb5_Cbl4_Co6",
  "best_score": 0.0035545467399060726,
  "best": [
    256,
    2,
    133907,
    225970,
    8,
    8
  ],
  "Bmin": 133907,
  "B2": 225970,
  "W": 256,
  "mu": 2,
  "w": 8,
  "eta": 8,
  "alpha": 0.001,
  "beta": 0.1,
  "Btime": 1073741824,
  "Bmemory": 1125899906842624,
  "Cbase": 32,
  "Cblock": 16,
  "Coracle": 64,
  "timestamp": 1763319831.4574172
}