{
  "status": "OK",
  "group_id": "W256_mu32_w8_eta8_a1_b10_Bt30_Bm30_Cb5_Cbl4_Co6",
  "best_score": 0.012256412766873837,
  "best": [
    256,
    32,
    133907,
    363042,
    8,
    8
  ],
  "Bmin": 133907,
  "B2": 363042,
  "W": 256,
  "mu": 32,
  "w": 8,
  "eta": 8,
  "alpha": 0.001,
  "beta": 0.1,
  "Btime": 1073741824,
  "Bmemory": 1073741824,
  "Cbase": 32,
  "Cblock": 16,
  "Coracle": 64,
  "timestamp": 1762999366.6831934
}