{
  "status": "OK",
  "group_id": "W256_mu16_w4_eta4_a1_b5_Bt50_Bm50_Cb5_Cbl4_Co6",
  "best_score": 0.019026806578040123,
  "best": [
    256,
    16,
    64813,
    501415,
    4,
    4
  ],
  "Bmin": 64813,
  "B2": 501415,
  "W": 256,
  "mu": 16,
  "w": 4,
  "eta": 4,
  "alpha": 0.001,
  "beta": 0.05,
  "Btime": 1125899906842624,
  "Bmemory": 1125899906842624,
  "Cbase": 32,
  "Cblock": 16,
  "Coracle": 64,
  "timestamp": 1763754871.5273511
}