{
  "status": "OK",
  "group_id": "W256_mu16_w16_eta4_a1_b5_Bt30_Bm30_Cb5_Cbl4_Co6",
  "best_score": 0.02546374313533306,
  "best": [
    256,
    16,
    64814,
    304394,
    16,
    4
  ],
  "Bmin": 64814,
  "B2": 304394,
  "W": 256,
  "mu": 16,
  "w": 16,
  "eta": 4,
  "alpha": 0.001,
  "beta": 0.05,
  "Btime": 1073741824,
  "Bmemory": 1073741824,
  "Cbase": 32,
  "Cblock": 16,
  "Coracle": 64,
  "timestamp": 1763003624.4072585
}