{
  "status": "OK",
  "group_id": "W256_mu32_w16_eta8_a1_b25_Bt50_Bm30_Cb5_Cbl4_Co6",
  "best_score": 0.0023090981412678957,
  "best": [
    256,
    32,
    360849,
    416261,
    16,
    8
  ],
  "Bmin": 360849,
  "B2": 416261,
  "W": 256,
  "mu": 32,
  "w": 16,
  "eta": 8,
  "alpha": 0.001,
  "beta": 0.25,
  "Btime": 1125899906842624,
  "Bmemory": 1073741824,
  "Cbase": 32,
  "Cblock": 16,
  "Coracle": 64,
  "timestamp": 1763852244.891346
}