{
  "status": "OK",
  "group_id": "W256_mu32_w16_eta4_a1_b3_Bt50_Bm50_Cb5_Cbl4_Co6",
  "best_score": 0.03911804035305977,
  "best": [
    256,
    32,
    39763,
    320207,
    16,
    4
  ],
  "Bmin": 39763,
  "B2": 320207,
  "W": 256,
  "mu": 32,
  "w": 16,
  "eta": 4,
  "alpha": 0.001,
  "beta": 0.03,
  "Btime": 1125899906842624,
  "Bmemory": 1125899906842624,
  "Cbase": 32,
  "Cblock": 16,
  "Coracle": 64,
  "timestamp": 1763848848.66389
}