{
  "status": "OK",
  "group_id": "W256_mu32_w4_eta8_a1_b5_Bt30_Bm30_Cb5_Cbl4_Co6",
  "best_score": 0.014667182229459286,
  "best": [
    256,
    32,
    64815,
    261839,
    4,
    8
  ],
  "Bmin": 64815,
  "B2": 261839,
  "W": 256,
  "mu": 32,
  "w": 4,
  "eta": 8,
  "alpha": 0.001,
  "beta": 0.05,
  "Btime": 1073741824,
  "Bmemory": 1073741824,
  "Cbase": 32,
  "Cblock": 16,
  "Coracle": 64,
  "timestamp": 1762985277.6127803
}