{
  "status": "OK",
  "group_id": "W256_mu32_w4_eta2_a1_b20_Bt30_Bm50_Cb5_Cbl4_Co6",
  "best_score": 0.0036053655203431845,
  "best": [
    256,
    32,
    278682,
    326935,
    4,
    2
  ],
  "Bmin": 278682,
  "B2": 326935,
  "W": 256,
  "mu": 32,
  "w": 4,
  "eta": 2,
  "alpha": 0.001,
  "beta": 0.2,
  "Btime": 1073741824,
  "Bmemory": 1125899906842624,
  "Cbase": 32,
  "Cblock": 16,
  "Coracle": 64,
  "timestamp": 1763283386.5898685
}