{
  "status": "OK",
  "group_id": "W256_mu8_w16_eta4_a1_b25_Bt30_Bm30_Cb5_Cbl4_Co6",
  "best_score": 0.0002552148944232613,
  "best": [
    256,
    8,
    360849,
    416261,
    16,
    4
  ],
  "Bmin": 360849,
  "B2": 416261,
  "W": 256,
  "mu": 8,
  "w": 16,
  "eta": 4,
  "alpha": 0.001,
  "beta": 0.25,
  "Btime": 1073741824,
  "Bmemory": 1073741824,
  "Cbase": 32,
  "Cblock": 16,
  "Coracle": 64,
  "timestamp": 1763003542.9323647
}