{
  "status": "OK",
  "group_id": "W256_mu4_w8_eta4_a1_b5_Bt30_Bm50_Cb5_Cbl4_Co6",
  "best_score": 0.015043823979794979,
  "best": [
    256,
    4,
    64815,
    334341,
    8,
    4
  ],
  "Bmin": 64815,
  "B2": 334341,
  "W": 256,
  "mu": 4,
  "w": 8,
  "eta": 4,
  "alpha": 0.001,
  "beta": 0.05,
  "Btime": 1073741824,
  "Bmemory": 1125899906842624,
  "Cbase": 32,
  "Cblock": 16,
  "Coracle": 64,
  "timestamp": 1763316961.9838996
}