{
  "status": "OK",
  "group_id": "W256_mu64_w16_eta8_a1_b15_Bt50_Bm50_Cb5_Cbl4_Co6",
  "best_score": 0.015636051073670387,
  "best": [
    256,
    64,
    206924,
    320690,
    16,
    8
  ],
  "Bmin": 206924,
  "B2": 320690,
  "W": 256,
  "mu": 64,
  "w": 16,
  "eta": 8,
  "alpha": 0.001,
  "beta": 0.15,
  "Btime": 1125899906842624,
  "Bmemory": 1125899906842624,
  "Cbase": 32,
  "Cblock": 16,
  "Coracle": 64,
  "timestamp": 1763852672.520817
}