{
  "status": "OK",
  "group_id": "W256_mu16_w4_eta8_a1_b3_Bt50_Bm30_Cb5_Cbl4_Co6",
  "best_score": 0.02226783148944378,
  "best": [
    256,
    16,
    39763,
    1903325,
    4,
    8
  ],
  "Bmin": 39763,
  "B2": 1903325,
  "W": 256,
  "mu": 16,
  "w": 4,
  "eta": 8,
  "alpha": 0.001,
  "beta": 0.03,
  "Btime": 1125899906842624,
  "Bmemory": 1073741824,
  "Cbase": 32,
  "Cblock": 16,
  "Coracle": 64,
  "timestamp": 1763779236.2593393
}