{
  "status": "OK",
  "group_id": "W256_mu64_w4_eta4_a1_b20_Bt50_Bm50_Cb5_Cbl4_Co6",
  "best_score": 0.02697673998773098,
  "best": [
    256,
    64,
    278680,
    423442,
    4,
    4
  ],
  "Bmin": 278680,
  "B2": 423442,
  "W": 256,
  "mu": 64,
  "w": 4,
  "eta": 4,
  "alpha": 0.001,
  "beta": 0.2,
  "Btime": 1125899906842624,
  "Bmemory": 1125899906842624,
  "Cbase": 32,
  "Cblock": 16,
  "Coracle": 64,
  "timestamp": 1763774253.1593487
}