{
  "status": "OK",
  "group_id": "W256_mu8_w16_eta16_a1_b15_Bt50_Bm30_Cb5_Cbl4_Co6",
  "best_score": 0.004586599767208099,
  "best": [
    256,
    8,
    206924,
    225885,
    16,
    16
  ],
  "Bmin": 206924,
  "B2": 225885,
  "W": 256,
  "mu": 8,
  "w": 16,
  "eta": 16,
  "alpha": 0.001,
  "beta": 0.15,
  "Btime": 1125899906842624,
  "Bmemory": 1073741824,
  "Cbase": 32,
  "Cblock": 16,
  "Coracle": 64,
  "timestamp": 1763852994.9337778
}