{
  "status": "OK",
  "group_id": "W256_mu32_w8_eta8_a1_b20_Bt50_Bm30_Cb5_Cbl4_Co6",
  "best_score": 0.0053448788821697235,
  "best": [
    256,
    32,
    278681,
    471694,
    8,
    8
  ],
  "Bmin": 278681,
  "B2": 471694,
  "W": 256,
  "mu": 32,
  "w": 8,
  "eta": 8,
  "alpha": 0.001,
  "beta": 0.2,
  "Btime": 1125899906842624,
  "Bmemory": 1073741824,
  "Cbase": 32,
  "Cblock": 16,
  "Coracle": 64,
  "timestamp": 1763834571.6517751
}