{
  "status": "OK",
  "group_id": "W256_mu32_w8_eta8_a1_b25_Bt50_Bm30_Cb5_Cbl4_Co6",
  "best_score": 0.0016763038001954556,
  "best": [
    256,
    32,
    360849,
    579432,
    8,
    8
  ],
  "Bmin": 360849,
  "B2": 579432,
  "W": 256,
  "mu": 32,
  "w": 8,
  "eta": 8,
  "alpha": 0.001,
  "beta": 0.25,
  "Btime": 1125899906842624,
  "Bmemory": 1073741824,
  "Cbase": 32,
  "Cblock": 16,
  "Coracle": 64,
  "timestamp": 1763834763.930234
}