{
  "status": "OK",
  "group_id": "W256_mu2_w16_eta2_a1_b5_Bt50_Bm50_Cb5_Cbl4_Co6",
  "best_score": 0.011488877236843109,
  "best": [
    256,
    2,
    64815,
    304394,
    16,
    2
  ],
  "Bmin": 64815,
  "B2": 304394,
  "W": 256,
  "mu": 2,
  "w": 16,
  "eta": 2,
  "alpha": 0.001,
  "beta": 0.05,
  "Btime": 1125899906842624,
  "Bmemory": 1125899906842624,
  "Cbase": 32,
  "Cblock": 16,
  "Coracle": 64,
  "timestamp": 1763838537.0653765
}