{
  "status": "OK",
  "group_id": "W256_mu2_w8_eta16_a1_b3_Bt30_Bm30_Cb5_Cbl4_Co6",
  "best_score": 0.010596129111945629,
  "best": [
    256,
    2,
    39763,
    109874,
    8,
    16
  ],
  "Bmin": 39763,
  "B2": 109874,
  "W": 256,
  "mu": 2,
  "w": 8,
  "eta": 16,
  "alpha": 0.001,
  "beta": 0.03,
  "Btime": 1073741824,
  "Bmemory": 1073741824,
  "Cbase": 32,
  "Cblock": 16,
  "Coracle": 64,
  "timestamp": 1763000464.8498724
}