{
  "status": "OK",
  "group_id": "W256_mu16_w4_eta8_a1_b10_Bt30_Bm30_Cb5_Cbl4_Co6",
  "best_score": 0.005154188256710768,
  "best": [
    256,
    16,
    133907,
    384011,
    4,
    8
  ],
  "Bmin": 133907,
  "B2": 384011,
  "W": 256,
  "mu": 16,
  "w": 4,
  "eta": 8,
  "alpha": 0.001,
  "beta": 0.1,
  "Btime": 1073741824,
  "Bmemory": 1073741824,
  "Cbase": 32,
  "Cblock": 16,
  "Coracle": 64,
  "timestamp": 1762984626.7769437
}