{
  "status": "OK",
  "group_id": "W256_mu32_w8_eta8_a1_b15_Bt50_Bm30_Cb5_Cbl4_Co6",
  "best_score": 0.011927047744393349,
  "best": [
    256,
    32,
    206924,
    560970,
    8,
    8
  ],
  "Bmin": 206924,
  "B2": 560970,
  "W": 256,
  "mu": 32,
  "w": 8,
  "eta": 8,
  "alpha": 0.001,
  "beta": 0.15,
  "Btime": 1125899906842624,
  "Bmemory": 1073741824,
  "Cbase": 32,
  "Cblock": 16,
  "Coracle": 64,
  "timestamp": 1763834358.9972296
}