{
  "status": "OK",
  "group_id": "W256_mu4_w4_eta16_a1_b20_Bt50_Bm30_Cb5_Cbl4_Co6",
  "best_score": 0.0005234460695646703,
  "best": [
    256,
    4,
    278681,
    393782,
    4,
    16
  ],
  "Bmin": 278681,
  "B2": 393782,
  "W": 256,
  "mu": 4,
  "w": 4,
  "eta": 16,
  "alpha": 0.001,
  "beta": 0.2,
  "Btime": 1125899906842624,
  "Bmemory": 1073741824,
  "Cbase": 32,
  "Cblock": 16,
  "Coracle": 64,
  "timestamp": 1763798204.7268558
}