{
  "status": "OK",
  "group_id": "W256_mu2_w4_eta32_a1_b3_Bt30_Bm50_Cb5_Cbl4_Co6",
  "best_score": 0.0028324597515165806,
  "best": [
    256,
    2,
    39763,
    177309,
    4,
    32
  ],
  "Bmin": 39763,
  "B2": 177309,
  "W": 256,
  "mu": 2,
  "w": 4,
  "eta": 32,
  "alpha": 0.001,
  "beta": 0.03,
  "Btime": 1073741824,
  "Bmemory": 1125899906842624,
  "Cbase": 32,
  "Cblock": 16,
  "Coracle": 64,
  "timestamp": 1763309904.9918866
}