{
  "status": "OK",
  "group_id": "W256_mu2_w8_eta2_a1_b3_Bt50_Bm30_Cb5_Cbl4_Co6",
  "best_score": 0.05387813597917557,
  "best": [
    256,
    2,
    39762,
    600652,
    8,
    2
  ],
  "Bmin": 39762,
  "B2": 600652,
  "W": 256,
  "mu": 2,
  "w": 8,
  "eta": 2,
  "alpha": 0.001,
  "beta": 0.03,
  "Btime": 1125899906842624,
  "Bmemory": 1073741824,
  "Cbase": 32,
  "Cblock": 16,
  "Coracle": 64,
  "timestamp": 1763798813.6198616
}