{
  "status": "OK",
  "group_id": "W256_mu64_w8_eta8_a1_b25_Bt50_Bm50_Cb5_Cbl4_Co6",
  "best_score": 0.005613687448203564,
  "best": [
    256,
    64,
    360849,
    659485,
    8,
    8
  ],
  "Bmin": 360849,
  "B2": 659485,
  "W": 256,
  "mu": 64,
  "w": 8,
  "eta": 8,
  "alpha": 0.001,
  "beta": 0.25,
  "Btime": 1125899906842624,
  "Bmemory": 1125899906842624,
  "Cbase": 32,
  "Cblock": 16,
  "Coracle": 64,
  "timestamp": 1763838292.7480447
}