{
  "status": "OK",
  "group_id": "W256_mu32_w4_eta4_a1_b3_Bt50_Bm50_Cb5_Cbl4_Co6",
  "best_score": 0.04992589354515076,
  "best": [
    256,
    32,
    39762,
    457751,
    4,
    4
  ],
  "Bmin": 39762,
  "B2": 457751,
  "W": 256,
  "mu": 32,
  "w": 4,
  "eta": 4,
  "alpha": 0.001,
  "beta": 0.03,
  "Btime": 1125899906842624,
  "Bmemory": 1125899906842624,
  "Cbase": 32,
  "Cblock": 16,
  "Coracle": 64,
  "timestamp": 1763759001.381368
}