{
  "status": "OK",
  "group_id": "W256_mu2_w8_eta16_a1_b20_Bt50_Bm50_Cb5_Cbl4_Co6",
  "best_score": 0.0007387336809188128,
  "best": [
    256,
    2,
    278682,
    310850,
    8,
    16
  ],
  "Bmin": 278682,
  "B2": 310850,
  "W": 256,
  "mu": 2,
  "w": 8,
  "eta": 16,
  "alpha": 0.001,
  "beta": 0.2,
  "Btime": 1125899906842624,
  "Bmemory": 1125899906842624,
  "Cbase": 32,
  "Cblock": 16,
  "Coracle": 64,
  "timestamp": 1763838308.3783686
}