{
  "status": "OK",
  "group_id": "W256_mu16_w4_eta8_a1_b15_Bt50_Bm30_Cb5_Cbl4_Co6",
  "best_score": 0.0036406919825822115,
  "best": [
    256,
    16,
    206924,
    1735014,
    4,
    8
  ],
  "Bmin": 206924,
  "B2": 1735014,
  "W": 256,
  "mu": 16,
  "w": 4,
  "eta": 8,
  "alpha": 0.001,
  "beta": 0.15,
  "Btime": 1125899906842624,
  "Bmemory": 1073741824,
  "Cbase": 32,
  "Cblock": 16,
  "Coracle": 64,
  "timestamp": 1763782539.2272773
}