{
  "status": "OK",
  "group_id": "W256_mu2_w4_eta16_a1_b15_Bt50_Bm50_Cb5_Cbl4_Co6",
  "best_score": 0.0010896822204813361,
  "best": [
    256,
    2,
    206924,
    331260,
    4,
    16
  ],
  "Bmin": 206924,
  "B2": 331260,
  "W": 256,
  "mu": 2,
  "w": 4,
  "eta": 16,
  "alpha": 0.001,
  "beta": 0.15,
  "Btime": 1125899906842624,
  "Bmemory": 1125899906842624,
  "Cbase": 32,
  "Cblock": 16,
  "Coracle": 64,
  "timestamp": 1763798072.560152
}