{
  "status": "OK",
  "group_id": "W256_mu16_w4_eta4_a1_b3_Bt50_Bm30_Cb5_Cbl4_Co6",
  "best_score": 0.045456644147634506,
  "best": [
    256,
    16,
    39762,
    593958,
    4,
    4
  ],
  "Bmin": 39762,
  "B2": 593958,
  "W": 256,
  "mu": 16,
  "w": 4,
  "eta": 4,
  "alpha": 0.001,
  "beta": 0.03,
  "Btime": 1125899906842624,
  "Bmemory": 1073741824,
  "Cbase": 32,
  "Cblock": 16,
  "Coracle": 64,
  "timestamp": 1763753737.7871933
}