{
  "status": "OK",
  "group_id": "W256_mu4_w4_eta2_a1_b10_Bt50_Bm30_Cb5_Cbl4_Co6",
  "best_score": 0.0028918657917529345,
  "best": [
    256,
    4,
    133904,
    409072,
    4,
    2
  ],
  "Bmin": 133904,
  "B2": 409072,
  "W": 256,
  "mu": 4,
  "w": 4,
  "eta": 2,
  "alpha": 0.001,
  "beta": 0.1,
  "Btime": 1125899906842624,
  "Bmemory": 1073741824,
  "Cbase": 32,
  "Cblock": 16,
  "Coracle": 64,
  "timestamp": 1763686573.2475657
}