{
  "status": "OK",
  "group_id": "W256_mu16_w4_eta4_a1_b25_Bt50_Bm50_Cb5_Cbl4_Co6",
  "best_score": 0.0002059775433735922,
  "best": [
    256,
    16,
    360849,
    596346,
    4,
    4
  ],
  "Bmin": 360849,
  "B2": 596346,
  "W": 256,
  "mu": 16,
  "w": 4,
  "eta": 4,
  "alpha": 0.001,
  "beta": 0.25,
  "Btime": 1125899906842624,
  "Bmemory": 1125899906842624,
  "Cbase": 32,
  "Cblock": 16,
  "Coracle": 64,
  "timestamp": 1763757681.7328866
}