{
  "status": "OK",
  "group_id": "W256_mu32_w16_eta2_a1_b10_Bt50_Bm30_Cb5_Cbl4_Co6",
  "best_score": 0.025225484743714333,
  "best": [
    256,
    32,
    133907,
    410098,
    16,
    2
  ],
  "Bmin": 133907,
  "B2": 410098,
  "W": 256,
  "mu": 32,
  "w": 16,
  "eta": 2,
  "alpha": 0.001,
  "beta": 0.1,
  "Btime": 1125899906842624,
  "Bmemory": 1073741824,
  "Cbase": 32,
  "Cblock": 16,
  "Coracle": 64,
  "timestamp": 1763842342.3839986
}