{
  "status": "OK",
  "group_id": "W256_mu16_w4_eta4_a1_b20_Bt50_Bm50_Cb5_Cbl4_Co6",
  "best_score": 0.0007811393588781357,
  "best": [
    256,
    16,
    278680,
    541049,
    4,
    4
  ],
  "Bmin": 278680,
  "B2": 541049,
  "W": 256,
  "mu": 16,
  "w": 4,
  "eta": 4,
  "alpha": 0.001,
  "beta": 0.2,
  "Btime": 1125899906842624,
  "Bmemory": 1125899906842624,
  "Cbase": 32,
  "Cblock": 16,
  "Coracle": 64,
  "timestamp": 1763756993.6226482
}