{
  "status": "OK",
  "group_id": "W256_mu4_w8_eta2_a1_b5_Bt30_Bm50_Cb5_Cbl4_Co6",
  "best_score": 0.017855443060398102,
  "best": [
    256,
    4,
    64813,
    214552,
    8,
    2
  ],
  "Bmin": 64813,
  "B2": 214552,
  "W": 256,
  "mu": 4,
  "w": 8,
  "eta": 2,
  "alpha": 0.001,
  "beta": 0.05,
  "Btime": 1073741824,
  "Bmemory": 1125899906842624,
  "Cbase": 32,
  "Cblock": 16,
  "Coracle": 64,
  "timestamp": 1763310342.042425
}