{
  "status": "OK",
  "group_id": "W256_mu32_w8_eta8_a1_b25_Bt30_Bm50_Cb5_Cbl4_Co6",
  "best_score": 0.0016289418563246727,
  "best": [
    256,
    32,
    360849,
    510167,
    8,
    8
  ],
  "Bmin": 360849,
  "B2": 510167,
  "W": 256,
  "mu": 32,
  "w": 8,
  "eta": 8,
  "alpha": 0.001,
  "beta": 0.25,
  "Btime": 1073741824,
  "Bmemory": 1125899906842624,
  "Cbase": 32,
  "Cblock": 16,
  "Coracle": 64,
  "timestamp": 1763320761.819969
}