{
  "status": "OK",
  "group_id": "W256_mu64_w4_eta8_a1_b10_Bt50_Bm50_Cb5_Cbl4_Co6",
  "best_score": 0.025037139654159546,
  "best": [
    256,
    64,
    133907,
    569162,
    4,
    8
  ],
  "Bmin": 133907,
  "B2": 569162,
  "W": 256,
  "mu": 64,
  "w": 4,
  "eta": 8,
  "alpha": 0.001,
  "beta": 0.1,
  "Btime": 1125899906842624,
  "Bmemory": 1125899906842624,
  "Cbase": 32,
  "Cblock": 16,
  "Coracle": 64,
  "timestamp": 1763794672.570902
}