{
  "status": "OK",
  "group_id": "W256_mu2_w8_eta8_a1_b25_Bt50_Bm50_Cb5_Cbl4_Co6",
  "best_score": 9.482804307481274e-05,
  "best": [
    256,
    2,
    360849,
    416261,
    8,
    8
  ],
  "Bmin": 360849,
  "B2": 416261,
  "W": 256,
  "mu": 2,
  "w": 8,
  "eta": 8,
  "alpha": 0.001,
  "beta": 0.25,
  "Btime": 1125899906842624,
  "Bmemory": 1125899906842624,
  "Cbase": 32,
  "Cblock": 16,
  "Coracle": 64,
  "timestamp": 1763832668.3632584
}