{
  "status": "OK",
  "group_id": "W256_mu4_w4_eta16_a1_b3_Bt30_Bm50_Cb5_Cbl4_Co6",
  "best_score": 0.008344197645783424,
  "best": [
    256,
    4,
    39763,
    281138,
    4,
    16
  ],
  "Bmin": 39763,
  "B2": 281138,
  "W": 256,
  "mu": 4,
  "w": 4,
  "eta": 16,
  "alpha": 0.001,
  "beta": 0.03,
  "Btime": 1073741824,
  "Bmemory": 1125899906842624,
  "Cbase": 32,
  "Cblock": 16,
  "Coracle": 64,
  "timestamp": 1763309640.988946
}