{
  "status": "OK",
  "group_id": "W256_mu64_w16_eta2_a1_b25_Bt30_Bm30_Cb5_Cbl4_Co6",
  "best_score": 0.0091710165143013,
  "best": [
    256,
    64,
    360849,
    416260,
    16,
    2
  ],
  "Bmin": 360849,
  "B2": 416260,
  "W": 256,
  "mu": 64,
  "w": 16,
  "eta": 2,
  "alpha": 0.001,
  "beta": 0.25,
  "Btime": 1073741824,
  "Bmemory": 1073741824,
  "Cbase": 32,
  "Cblock": 16,
  "Coracle": 64,
  "timestamp": 1763003353.7667735
}