{
  "status": "OK",
  "group_id": "W256_mu4_w4_eta2_a1_b5_Bt30_Bm30_Cb5_Cbl4_Co6",
  "best_score": 0.015715911984443665,
  "best": [
    256,
    4,
    64815,
    193274,
    4,
    2
  ],
  "Bmin": 64815,
  "B2": 193274,
  "W": 256,
  "mu": 4,
  "w": 4,
  "eta": 2,
  "alpha": 0.001,
  "beta": 0.05,
  "Btime": 1073741824,
  "Bmemory": 1073741824,
  "Cbase": 32,
  "Cblock": 16,
  "Coracle": 64,
  "timestamp": 1762925327.958757
}