{
  "status": "OK",
  "group_id": "W256_mu4_w8_eta8_a1_b3_Bt50_Bm50_Cb5_Cbl4_Co6",
  "best_score": 0.021982749924063683,
  "best": [
    256,
    4,
    39763,
    213702,
    8,
    8
  ],
  "Bmin": 39763,
  "B2": 213702,
  "W": 256,
  "mu": 4,
  "w": 8,
  "eta": 8,
  "alpha": 0.001,
  "beta": 0.03,
  "Btime": 1125899906842624,
  "Bmemory": 1125899906842624,
  "Cbase": 32,
  "Cblock": 16,
  "Coracle": 64,
  "timestamp": 1763832685.5565622
}