{
  "status": "OK",
  "group_id": "W256_mu16_w16_eta4_a1_b25_Bt30_Bm50_Cb5_Cbl4_Co6",
  "best_score": 0.0005622839671559632,
  "best": [
    256,
    16,
    360849,
    471672,
    16,
    4
  ],
  "Bmin": 360849,
  "B2": 471672,
  "W": 256,
  "mu": 16,
  "w": 16,
  "eta": 4,
  "alpha": 0.001,
  "beta": 0.25,
  "Btime": 1073741824,
  "Bmemory": 1125899906842624,
  "Cbase": 32,
  "Cblock": 16,
  "Coracle": 64,
  "timestamp": 1763324686.3790736
}