{
  "status": "OK",
  "group_id": "W256_mu16_w16_eta2_a1_b20_Bt50_Bm50_Cb5_Cbl4_Co6",
  "best_score": 0.0024509821087121964,
  "best": [
    256,
    16,
    278682,
    536032,
    16,
    2
  ],
  "Bmin": 278682,
  "B2": 536032,
  "W": 256,
  "mu": 16,
  "w": 16,
  "eta": 2,
  "alpha": 0.001,
  "beta": 0.2,
  "Btime": 1125899906842624,
  "Bmemory": 1125899906842624,
  "Cbase": 32,
  "Cblock": 16,
  "Coracle": 64,
  "timestamp": 1763840948.2039793
}