{
  "status": "OK",
  "group_id": "W256_mu64_w4_eta4_a1_b3_Bt50_Bm50_Cb5_Cbl4_Co6",
  "best_score": 0.08132648468017578,
  "best": [
    256,
    64,
    39762,
    387642,
    4,
    4
  ],
  "Bmin": 39762,
  "B2": 387642,
  "W": 256,
  "mu": 64,
  "w": 4,
  "eta": 4,
  "alpha": 0.001,
  "beta": 0.03,
  "Btime": 1125899906842624,
  "Bmemory": 1125899906842624,
  "Cbase": 32,
  "Cblock": 16,
  "Coracle": 64,
  "timestamp": 1763766765.9707983
}