{
  "status": "OK",
  "group_id": "W256_mu2_w16_eta4_a1_b5_Bt50_Bm30_Cb5_Cbl4_Co6",
  "best_score": 0.012264116667211056,
  "best": [
    256,
    2,
    64814,
    184604,
    16,
    4
  ],
  "Bmin": 64814,
  "B2": 184604,
  "W": 256,
  "mu": 2,
  "w": 16,
  "eta": 4,
  "alpha": 0.001,
  "beta": 0.05,
  "Btime": 1125899906842624,
  "Bmemory": 1073741824,
  "Cbase": 32,
  "Cblock": 16,
  "Coracle": 64,
  "timestamp": 1763847861.6733725
}