{
  "status": "OK",
  "group_id": "W256_mu64_w4_eta8_a1_b5_Bt50_Bm30_Cb5_Cbl4_Co6",
  "best_score": 0.02861310914158821,
  "best": [
    256,
    64,
    64815,
    578653,
    4,
    8
  ],
  "Bmin": 64815,
  "B2": 578653,
  "W": 256,
  "mu": 64,
  "w": 4,
  "eta": 8,
  "alpha": 0.001,
  "beta": 0.05,
  "Btime": 1125899906842624,
  "Bmemory": 1073741824,
  "Cbase": 32,
  "Cblock": 16,
  "Coracle": 64,
  "timestamp": 1763792722.8058245
}