{
  "status": "OK",
  "group_id": "W256_mu8_w4_eta2_a1_b10_Bt30_Bm30_Cb5_Cbl4_Co6",
  "best_score": 0.0036567337810993195,
  "best": [
    256,
    8,
    133904,
    225967,
    4,
    2
  ],
  "Bmin": 133904,
  "B2": 225967,
  "W": 256,
  "mu": 8,
  "w": 4,
  "eta": 2,
  "alpha": 0.001,
  "beta": 0.1,
  "Btime": 1073741824,
  "Bmemory": 1073741824,
  "Cbase": 32,
  "Cblock": 16,
  "Coracle": 64,
  "timestamp": 1762926755.2703218
}