{
  "status": "OK",
  "group_id": "W256_mu16_w4_eta2_a1_b15_Bt30_Bm30_Cb5_Cbl4_Co6",
  "best_score": 0.0020422234665602446,
  "best": [
    256,
    16,
    206927,
    262140,
    4,
    2
  ],
  "Bmin": 206927,
  "B2": 262140,
  "W": 256,
  "mu": 16,
  "w": 4,
  "eta": 2,
  "alpha": 0.001,
  "beta": 0.15,
  "Btime": 1073741824,
  "Bmemory": 1073741824,
  "Cbase": 32,
  "Cblock": 16,
  "Coracle": 64,
  "timestamp": 1762931678.21915
}