{
  "status": "OK",
  "group_id": "W256_mu2_w8_eta4_a1_b3_Bt50_Bm30_Cb5_Cbl4_Co6",
  "best_score": 0.03337564319372177,
  "best": [
    256,
    2,
    39763,
    320208,
    8,
    4
  ],
  "Bmin": 39763,
  "B2": 320208,
  "W": 256,
  "mu": 2,
  "w": 8,
  "eta": 4,
  "alpha": 0.001,
  "beta": 0.03,
  "Btime": 1125899906842624,
  "Bmemory": 1073741824,
  "Cbase": 32,
  "Cblock": 16,
  "Coracle": 64,
  "timestamp": 1763819964.4850307
}