{
  "status": "OK",
  "group_id": "W256_mu4_w4_eta8_a1_b15_Bt30_Bm30_Cb5_Cbl4_Co6",
  "best_score": 0.000986376660875976,
  "best": [
    256,
    4,
    206924,
    550401,
    4,
    8
  ],
  "Bmin": 206924,
  "B2": 550401,
  "W": 256,
  "mu": 4,
  "w": 4,
  "eta": 8,
  "alpha": 0.001,
  "beta": 0.15,
  "Btime": 1073741824,
  "Bmemory": 1073741824,
  "Cbase": 32,
  "Cblock": 16,
  "Coracle": 64,
  "timestamp": 1762983857.8070927
}