{
  "status": "OK",
  "group_id": "W256_mu16_w8_eta4_a1_b5_Bt30_Bm30_Cb5_Cbl4_Co6",
  "best_score": 0.023881059139966965,
  "best": [
    256,
    16,
    64815,
    214552,
    8,
    4
  ],
  "Bmin": 64815,
  "B2": 214552,
  "W": 256,
  "mu": 16,
  "w": 8,
  "eta": 4,
  "alpha": 0.001,
  "beta": 0.05,
  "Btime": 1073741824,
  "Bmemory": 1073741824,
  "Cbase": 32,
  "Cblock": 16,
  "Coracle": 64,
  "timestamp": 1762996064.2239864
}