{
  "status": "OK",
  "group_id": "W256_mu2_w8_eta32_a1_b25_Bt30_Bm30_Cb5_Cbl4_Co6",
  "best_score": 0.00014573687803931534,
  "best": [
    256,
    2,
    360849,
    374702,
    8,
    32
  ],
  "Bmin": 360849,
  "B2": 374702,
  "W": 256,
  "mu": 2,
  "w": 8,
  "eta": 32,
  "alpha": 0.001,
  "beta": 0.25,
  "Btime": 1073741824,
  "Bmemory": 1073741824,
  "Cbase": 32,
  "Cblock": 16,
  "Coracle": 64,
  "timestamp": 1763000536.2308695
}