{
  "status": "OK",
  "group_id": "W256_mu2_w8_eta32_a1_b20_Bt50_Bm30_Cb5_Cbl4_Co6",
  "best_score": 0.00039009572356007993,
  "best": [
    256,
    2,
    278682,
    294766,
    8,
    32
  ],
  "Bmin": 278682,
  "B2": 294766,
  "W": 256,
  "mu": 2,
  "w": 8,
  "eta": 32,
  "alpha": 0.001,
  "beta": 0.2,
  "Btime": 1125899906842624,
  "Bmemory": 1073741824,
  "Cbase": 32,
  "Cblock": 16,
  "Coracle": 64,
  "timestamp": 1763838439.3050911
}