{
  "status": "OK",
  "group_id": "W256_mu32_w16_eta2_a1_b5_Bt50_Bm50_Cb5_Cbl4_Co6",
  "best_score": 0.02276991493999958,
  "best": [
    256,
    32,
    64815,
    454128,
    16,
    2
  ],
  "Bmin": 64815,
  "B2": 454128,
  "W": 256,
  "mu": 32,
  "w": 16,
  "eta": 2,
  "alpha": 0.001,
  "beta": 0.05,
  "Btime": 1125899906842624,
  "Bmemory": 1125899906842624,
  "Cbase": 32,
  "Cblock": 16,
  "Coracle": 64,
  "timestamp": 1763842151.0988002
}