{
  "status": "OK",
  "group_id": "W256_mu16_w8_eta2_a1_b5_Bt50_Bm50_Cb5_Cbl4_Co6",
  "best_score": 0.04263484850525856,
  "best": [
    256,
    16,
    64813,
    364286,
    8,
    2
  ],
  "Bmin": 64813,
  "B2": 364286,
  "W": 256,
  "mu": 16,
  "w": 8,
  "eta": 2,
  "alpha": 0.001,
  "beta": 0.05,
  "Btime": 1125899906842624,
  "Bmemory": 1125899906842624,
  "Cbase": 32,
  "Cblock": 16,
  "Coracle": 64,
  "timestamp": 1763803103.851381
}