{
  "status": "OK",
  "group_id": "W256_mu32_w4_eta2_a1_b15_Bt50_Bm50_Cb5_Cbl4_Co6",
  "best_score": 0.009131738916039467,
  "best": [
    256,
    32,
    206927,
    358615,
    4,
    2
  ],
  "Bmin": 206927,
  "B2": 358615,
  "W": 256,
  "mu": 32,
  "w": 4,
  "eta": 2,
  "alpha": 0.001,
  "beta": 0.15,
  "Btime": 1125899906842624,
  "Bmemory": 1125899906842624,
  "Cbase": 32,
  "Cblock": 16,
  "Coracle": 64,
  "timestamp": 1763710072.699404
}