{
  "status": "OK",
  "group_id": "W256_mu16_w4_eta2_a1_b10_Bt50_Bm30_Cb5_Cbl4_Co6",
  "best_score": 0.0067547461949288845,
  "best": [
    256,
    16,
    133904,
    262140,
    4,
    2
  ],
  "Bmin": 133904,
  "B2": 262140,
  "W": 256,
  "mu": 16,
  "w": 4,
  "eta": 2,
  "alpha": 0.001,
  "beta": 0.1,
  "Btime": 1125899906842624,
  "Bmemory": 1073741824,
  "Cbase": 32,
  "Cblock": 16,
  "Coracle": 64,
  "timestamp": 1763695058.2543042
}