{
  "status": "OK",
  "group_id": "W256_mu8_w4_eta8_a1_b25_Bt50_Bm30_Cb5_Cbl4_Co6",
  "best_score": 0.00013366693747229874,
  "best": [
    256,
    8,
    360849,
    781098,
    4,
    8
  ],
  "Bmin": 360849,
  "B2": 781098,
  "W": 256,
  "mu": 8,
  "w": 4,
  "eta": 8,
  "alpha": 0.001,
  "beta": 0.25,
  "Btime": 1125899906842624,
  "Bmemory": 1073741824,
  "Cbase": 32,
  "Cblock": 16,
  "Coracle": 64,
  "timestamp": 1763778537.025613
}