{
  "status": "OK",
  "group_id": "W256_mu2_w4_eta4_a1_b5_Bt30_Bm30_Cb5_Cbl4_Co6",
  "best_score": 0.012005162425339222,
  "best": [
    256,
    2,
    64813,
    698440,
    4,
    4
  ],
  "Bmin": 64813,
  "B2": 698440,
  "W": 256,
  "mu": 2,
  "w": 4,
  "eta": 4,
  "alpha": 0.001,
  "beta": 0.05,
  "Btime": 1073741824,
  "Bmemory": 1073741824,
  "Cbase": 32,
  "Cblock": 16,
  "Coracle": 64,
  "timestamp": 1762974280.3468246
}