{
  "status": "OK",
  "group_id": "W256_mu4_w8_eta2_a1_b10_Bt50_Bm50_Cb5_Cbl4_Co6",
  "best_score": 0.005536417011171579,
  "best": [
    256,
    4,
    133909,
    525179,
    8,
    2
  ],
  "Bmin": 133909,
  "B2": 525179,
  "W": 256,
  "mu": 4,
  "w": 8,
  "eta": 2,
  "alpha": 0.001,
  "beta": 0.1,
  "Btime": 1125899906842624,
  "Bmemory": 1125899906842624,
  "Cbase": 32,
  "Cblock": 16,
  "Coracle": 64,
  "timestamp": 1763800131.176518
}