{
  "status": "OK",
  "group_id": "W256_mu64_w8_eta4_a1_b5_Bt50_Bm50_Cb5_Cbl4_Co6",
  "best_score": 0.03599864989519119,
  "best": [
    256,
    64,
    64815,
    462800,
    8,
    4
  ],
  "Bmin": 64815,
  "B2": 462800,
  "W": 256,
  "mu": 64,
  "w": 8,
  "eta": 4,
  "alpha": 0.001,
  "beta": 0.05,
  "Btime": 1125899906842624,
  "Bmemory": 1125899906842624,
  "Cbase": 32,
  "Cblock": 16,
  "Coracle": 64,
  "timestamp": 1763828879.1180313
}