{
  "status": "OK",
  "group_id": "W256_mu2_w8_eta2_a1_b5_Bt50_Bm30_Cb5_Cbl4_Co6",
  "best_score": 0.018059315159916878,
  "best": [
    256,
    2,
    64813,
    543972,
    8,
    2
  ],
  "Bmin": 64813,
  "B2": 543972,
  "W": 256,
  "mu": 2,
  "w": 8,
  "eta": 2,
  "alpha": 0.001,
  "beta": 0.05,
  "Btime": 1125899906842624,
  "Bmemory": 1073741824,
  "Cbase": 32,
  "Cblock": 16,
  "Coracle": 64,
  "timestamp": 1763798954.9958813
}