{
  "status": "OK",
  "group_id": "W256_mu4_w16_eta16_a1_b15_Bt30_Bm50_Cb5_Cbl4_Co6",
  "best_score": 0.003943994175642729,
  "best": [
    256,
    4,
    206924,
    225885,
    16,
    16
  ],
  "Bmin": 206924,
  "B2": 225885,
  "W": 256,
  "mu": 4,
  "w": 16,
  "eta": 16,
  "alpha": 0.001,
  "beta": 0.15,
  "Btime": 1073741824,
  "Bmemory": 1125899906842624,
  "Cbase": 32,
  "Cblock": 16,
  "Coracle": 64,
  "timestamp": 1763326313.0313973
}