{
  "status": "OK",
  "group_id": "W256_mu8_w8_eta16_a1_b25_Bt30_Bm50_Cb5_Cbl4_Co6",
  "best_score": 0.00024957588175311685,
  "best": [
    256,
    8,
    360849,
    430114,
    8,
    16
  ],
  "Bmin": 360849,
  "B2": 430114,
  "W": 256,
  "mu": 8,
  "w": 8,
  "eta": 16,
  "alpha": 0.001,
  "beta": 0.25,
  "Btime": 1073741824,
  "Bmemory": 1125899906842624,
  "Cbase": 32,
  "Cblock": 16,
  "Coracle": 64,
  "timestamp": 1763321612.4588907
}