{
  "status": "OK",
  "group_id": "W256_mu2_w4_eta2_a1_b25_Bt50_Bm30_Cb5_Cbl4_Co6",
  "best_score": 7.09871674189344e-05,
  "best": [
    256,
    2,
    360844,
    856488,
    4,
    2
  ],
  "Bmin": 360844,
  "B2": 856488,
  "W": 256,
  "mu": 2,
  "w": 4,
  "eta": 2,
  "alpha": 0.001,
  "beta": 0.25,
  "Btime": 1125899906842624,
  "Bmemory": 1073741824,
  "Cbase": 32,
  "Cblock": 16,
  "Coracle": 64,
  "timestamp": 1763685482.3902009
}