{
  "status": "OK",
  "group_id": "W256_mu8_w16_eta2_a1_b10_Bt30_Bm50_Cb5_Cbl4_Co6",
  "best_score": 0.010677113197743893,
  "best": [
    256,
    8,
    133907,
    248987,
    16,
    2
  ],
  "Bmin": 133907,
  "B2": 248987,
  "W": 256,
  "mu": 8,
  "w": 16,
  "eta": 2,
  "alpha": 0.001,
  "beta": 0.1,
  "Btime": 1073741824,
  "Bmemory": 1125899906842624,
  "Cbase": 32,
  "Cblock": 16,
  "Coracle": 64,
  "timestamp": 1763321972.1216345
}