{
  "status": "OK",
  "group_id": "W256_mu32_w4_eta4_a1_b25_Bt50_Bm30_Cb5_Cbl4_Co6",
  "best_score": 0.0007650699117220938,
  "best": [
    256,
    32,
    360849,
    513230,
    4,
    4
  ],
  "Bmin": 360849,
  "B2": 513230,
  "W": 256,
  "mu": 32,
  "w": 4,
  "eta": 4,
  "alpha": 0.001,
  "beta": 0.25,
  "Btime": 1125899906842624,
  "Bmemory": 1073741824,
  "Cbase": 32,
  "Cblock": 16,
  "Coracle": 64,
  "timestamp": 1763763887.03979
}