{
  "status": "OK",
  "group_id": "W256_mu8_w8_eta16_a1_b5_Bt30_Bm30_Cb5_Cbl4_Co6",
  "best_score": 0.006756646558642387,
  "best": [
    256,
    8,
    64815,
    193274,
    8,
    16
  ],
  "Bmin": 64815,
  "B2": 193274,
  "W": 256,
  "mu": 8,
  "w": 8,
  "eta": 16,
  "alpha": 0.001,
  "beta": 0.05,
  "Btime": 1073741824,
  "Bmemory": 1073741824,
  "Cbase": 32,
  "Cblock": 16,
  "Coracle": 64,
  "timestamp": 1763000502.528667
}