{
  "status": "OK",
  "group_id": "W256_mu32_w4_eta2_a1_b5_Bt30_Bm30_Cb5_Cbl4_Co6",
  "best_score": 0.08421944826841354,
  "best": [
    256,
    32,
    64815,
    154657,
    4,
    2
  ],
  "Bmin": 64815,
  "B2": 154657,
  "W": 256,
  "mu": 32,
  "w": 4,
  "eta": 2,
  "alpha": 0.001,
  "beta": 0.05,
  "Btime": 1073741824,
  "Bmemory": 1073741824,
  "Cbase": 32,
  "Cblock": 16,
  "Coracle": 64,
  "timestamp": 1762957725.7236218
}