{
  "status": "OK",
  "group_id": "W256_mu8_w8_eta2_a1_b25_Bt50_Bm30_Cb5_Cbl4_Co6",
  "best_score": 0.00014085083967074752,
  "best": [
    256,
    8,
    360849,
    513231,
    8,
    2
  ],
  "Bmin": 360849,
  "B2": 513231,
  "W": 256,
  "mu": 8,
  "w": 8,
  "eta": 2,
  "alpha": 0.001,
  "beta": 0.25,
  "Btime": 1125899906842624,
  "Bmemory": 1073741824,
  "Cbase": 32,
  "Cblock": 16,
  "Coracle": 64,
  "timestamp": 1763802065.0481734
}