{
  "status": "OK",
  "group_id": "W256_mu2_w8_eta8_a1_b5_Bt50_Bm30_Cb5_Cbl4_Co6",
  "best_score": 0.011107753030955791,
  "best": [
    256,
    2,
    64814,
    184604,
    8,
    8
  ],
  "Bmin": 64814,
  "B2": 184604,
  "W": 256,
  "mu": 2,
  "w": 8,
  "eta": 8,
  "alpha": 0.001,
  "beta": 0.05,
  "Btime": 1125899906842624,
  "Bmemory": 1073741824,
  "Cbase": 32,
  "Cblock": 16,
  "Coracle": 64,
  "timestamp": 1763832624.8481822
}