{
  "status": "OK",
  "group_id": "W256_mu16_w8_eta4_a1_b20_Bt50_Bm30_Cb5_Cbl4_Co6",
  "best_score": 0.0012602373026311398,
  "best": [
    256,
    16,
    278682,
    536032,
    8,
    4
  ],
  "Bmin": 278682,
  "B2": 536032,
  "W": 256,
  "mu": 16,
  "w": 8,
  "eta": 4,
  "alpha": 0.001,
  "beta": 0.2,
  "Btime": 1125899906842624,
  "Bmemory": 1073741824,
  "Cbase": 32,
  "Cblock": 16,
  "Coracle": 64,
  "timestamp": 1763822909.0676782
}