{
  "status": "OK",
  "group_id": "W256_mu16_w8_eta4_a1_b5_Bt50_Bm50_Cb5_Cbl4_Co6",
  "best_score": 0.028727488592267036,
  "best": [
    256,
    16,
    64815,
    582588,
    8,
    4
  ],
  "Bmin": 64815,
  "B2": 582588,
  "W": 256,
  "mu": 16,
  "w": 8,
  "eta": 4,
  "alpha": 0.001,
  "beta": 0.05,
  "Btime": 1125899906842624,
  "Bmemory": 1125899906842624,
  "Cbase": 32,
  "Cblock": 16,
  "Coracle": 64,
  "timestamp": 1763822151.667339
}