{
  "status": "OK",
  "group_id": "W256_mu32_w16_eta2_a1_b15_Bt50_Bm50_Cb5_Cbl4_Co6",
  "best_score": 0.019389666616916656,
  "best": [
    256,
    32,
    206924,
    434457,
    16,
    2
  ],
  "Bmin": 206924,
  "B2": 434457,
  "W": 256,
  "mu": 32,
  "w": 16,
  "eta": 2,
  "alpha": 0.001,
  "beta": 0.15,
  "Btime": 1125899906842624,
  "Bmemory": 1125899906842624,
  "Cbase": 32,
  "Cblock": 16,
  "Coracle": 64,
  "timestamp": 1763842915.6346676
}