{
  "status": "OK",
  "group_id": "W256_mu8_w8_eta4_a1_b10_Bt30_Bm30_Cb5_Cbl4_Co6",
  "best_score": 0.005820163991302252,
  "best": [
    256,
    8,
    133907,
    272002,
    8,
    4
  ],
  "Bmin": 133907,
  "B2": 272002,
  "W": 256,
  "mu": 8,
  "w": 8,
  "eta": 4,
  "alpha": 0.001,
  "beta": 0.1,
  "Btime": 1073741824,
  "Bmemory": 1073741824,
  "Cbase": 32,
  "Cblock": 16,
  "Coracle": 64,
  "timestamp": 1762995810.1919239
}