{
  "status": "OK",
  "group_id": "W256_mu16_w8_eta8_a1_b10_Bt30_Bm30_Cb5_Cbl4_Co6",
  "best_score": 0.0077919671311974525,
  "best": [
    256,
    16,
    133907,
    364065,
    8,
    8
  ],
  "Bmin": 133907,
  "B2": 364065,
  "W": 256,
  "mu": 16,
  "w": 8,
  "eta": 8,
  "alpha": 0.001,
  "beta": 0.1,
  "Btime": 1073741824,
  "Bmemory": 1073741824,
  "Cbase": 32,
  "Cblock": 16,
  "Coracle": 64,
  "timestamp": 1762998974.76993
}