{
  "status": "OK",
  "group_id": "W256_mu8_w16_eta8_a1_b15_Bt50_Bm30_Cb5_Cbl4_Co6",
  "best_score": 0.004493722692131996,
  "best": [
    256,
    8,
    206924,
    244846,
    16,
    8
  ],
  "Bmin": 206924,
  "B2": 244846,
  "W": 256,
  "mu": 8,
  "w": 16,
  "eta": 8,
  "alpha": 0.001,
  "beta": 0.15,
  "Btime": 1125899906842624,
  "Bmemory": 1073741824,
  "Cbase": 32,
  "Cblock": 16,
  "Coracle": 64,
  "timestamp": 1763851803.6823015
}