{
  "status": "OK",
  "group_id": "W256_mu16_w8_eta8_a1_b20_Bt50_Bm50_Cb5_Cbl4_Co6",
  "best_score": 0.0014107306487858295,
  "best": [
    256,
    16,
    278681,
    407356,
    8,
    8
  ],
  "Bmin": 278681,
  "B2": 407356,
  "W": 256,
  "mu": 16,
  "w": 8,
  "eta": 8,
  "alpha": 0.001,
  "beta": 0.2,
  "Btime": 1125899906842624,
  "Bmemory": 1125899906842624,
  "Cbase": 32,
  "Cblock": 16,
  "Coracle": 64,
  "timestamp": 1763833447.9146369
}