{
  "status": "OK",
  "group_id": "W256_mu8_w4_eta8_a1_b5_Bt30_Bm30_Cb5_Cbl4_Co6",
  "best_score": 0.00904043298214674,
  "best": [
    256,
    8,
    64815,
    420245,
    4,
    8
  ],
  "Bmin": 64815,
  "B2": 420245,
  "W": 256,
  "mu": 8,
  "w": 4,
  "eta": 8,
  "alpha": 0.001,
  "beta": 0.05,
  "Btime": 1073741824,
  "Bmemory": 1073741824,
  "Cbase": 32,
  "Cblock": 16,
  "Coracle": 64,
  "timestamp": 1762984057.6976354
}