{
  "status": "OK",
  "group_id": "W256_mu2_w4_eta16_a1_b25_Bt50_Bm30_Cb5_Cbl4_Co6",
  "best_score": 9.834977390710264e-05,
  "best": [
    256,
    2,
    360849,
    468609,
    4,
    16
  ],
  "Bmin": 360849,
  "B2": 468609,
  "W": 256,
  "mu": 2,
  "w": 4,
  "eta": 16,
  "alpha": 0.001,
  "beta": 0.25,
  "Btime": 1125899906842624,
  "Bmemory": 1073741824,
  "Cbase": 32,
  "Cblock": 16,
  "Coracle": 64,
  "timestamp": 1763798093.289794
}