{
  "status": "OK",
  "group_id": "W256_mu32_w16_eta8_a1_b20_Bt50_Bm30_Cb5_Cbl4_Co6",
  "best_score": 0.007395110093057156,
  "best": [
    256,
    32,
    278682,
    343019,
    16,
    8
  ],
  "Bmin": 278682,
  "B2": 343019,
  "W": 256,
  "mu": 32,
  "w": 16,
  "eta": 8,
  "alpha": 0.001,
  "beta": 0.2,
  "Btime": 1125899906842624,
  "Bmemory": 1073741824,
  "Cbase": 32,
  "Cblock": 16,
  "Coracle": 64,
  "timestamp": 1763852192.1557314
}