{
  "status": "OK",
  "group_id": "W256_mu64_w8_eta2_a1_b20_Bt30_Bm50_Cb5_Cbl4_Co6",
  "best_score": 0.028763163834810257,
  "best": [
    256,
    64,
    278680,
    326935,
    8,
    2
  ],
  "Bmin": 278680,
  "B2": 326935,
  "W": 256,
  "mu": 64,
  "w": 8,
  "eta": 2,
  "alpha": 0.001,
  "beta": 0.2,
  "Btime": 1073741824,
  "Bmemory": 1125899906842624,
  "Cbase": 32,
  "Cblock": 16,
  "Coracle": 64,
  "timestamp": 1763316042.2825572
}