{
  "status": "OK",
  "group_id": "W256_mu8_w4_eta16_a1_b25_Bt30_Bm50_Cb5_Cbl4_Co6",
  "best_score": 0.00016980859800241888,
  "best": [
    256,
    8,
    360849,
    590221,
    4,
    16
  ],
  "Bmin": 360849,
  "B2": 590221,
  "W": 256,
  "mu": 8,
  "w": 4,
  "eta": 16,
  "alpha": 0.001,
  "beta": 0.25,
  "Btime": 1073741824,
  "Bmemory": 1125899906842624,
  "Cbase": 32,
  "Cblock": 16,
  "Coracle": 64,
  "timestamp": 1763309900.5029936
}