{
  "status": "OK",
  "group_id": "W256_mu4_w4_eta2_a1_b15_Bt50_Bm50_Cb5_Cbl4_Co6",
  "best_score": 0.0009172740974463522,
  "best": [
    256,
    4,
    206927,
    415498,
    4,
    2
  ],
  "Bmin": 206927,
  "B2": 415498,
  "W": 256,
  "mu": 4,
  "w": 4,
  "eta": 2,
  "alpha": 0.001,
  "beta": 0.15,
  "Btime": 1125899906842624,
  "Bmemory": 1125899906842624,
  "Cbase": 32,
  "Cblock": 16,
  "Coracle": 64,
  "timestamp": 1763687047.5240574
}