{
  "status": "OK",
  "group_id": "W256_mu64_w8_eta8_a1_b20_Bt50_Bm50_Cb5_Cbl4_Co6",
  "best_score": 0.023818759247660637,
  "best": [
    256,
    64,
    278681,
    600368,
    8,
    8
  ],
  "Bmin": 278681,
  "B2": 600368,
  "W": 256,
  "mu": 64,
  "w": 8,
  "eta": 8,
  "alpha": 0.001,
  "beta": 0.2,
  "Btime": 1125899906842624,
  "Bmemory": 1125899906842624,
  "Cbase": 32,
  "Cblock": 16,
  "Coracle": 64,
  "timestamp": 1763837784.6741815
}