{
  "status": "OK",
  "group_id": "W256_mu64_w4_eta4_a1_b15_Bt50_Bm30_Cb5_Cbl4_Co6",
  "best_score": 0.06738907843828201,
  "best": [
    256,
    64,
    206925,
    396536,
    4,
    4
  ],
  "Bmin": 206925,
  "B2": 396536,
  "W": 256,
  "mu": 64,
  "w": 4,
  "eta": 4,
  "alpha": 0.001,
  "beta": 0.15,
  "Btime": 1125899906842624,
  "Bmemory": 1073741824,
  "Cbase": 32,
  "Cblock": 16,
  "Coracle": 64,
  "timestamp": 1763771450.329925
}