{
  "status": "OK",
  "group_id": "W256_mu16_w16_eta2_a1_b5_Bt50_Bm50_Cb5_Cbl4_Co6",
  "best_score": 0.025353793054819107,
  "best": [
    256,
    16,
    64815,
    543971,
    16,
    2
  ],
  "Bmin": 64815,
  "B2": 543971,
  "W": 256,
  "mu": 16,
  "w": 16,
  "eta": 2,
  "alpha": 0.001,
  "beta": 0.05,
  "Btime": 1125899906842624,
  "Bmemory": 1125899906842624,
  "Cbase": 32,
  "Cblock": 16,
  "Coracle": 64,
  "timestamp": 1763840206.3546445
}