{
  "status": "OK",
  "group_id": "W256_mu32_w4_eta4_a1_b20_Bt30_Bm30_Cb5_Cbl4_Co6",
  "best_score": 0.002641831524670124,
  "best": [
    256,
    32,
    278680,
    343018,
    4,
    4
  ],
  "Bmin": 278680,
  "B2": 343018,
  "W": 256,
  "mu": 32,
  "w": 4,
  "eta": 4,
  "alpha": 0.001,
  "beta": 0.2,
  "Btime": 1073741824,
  "Bmemory": 1073741824,
  "Cbase": 32,
  "Cblock": 16,
  "Coracle": 64,
  "timestamp": 1762978633.8993652
}