{
  "status": "OK",
  "group_id": "W256_mu4_w4_eta4_a1_b20_Bt50_Bm30_Cb5_Cbl4_Co6",
  "best_score": 0.0003329294850118458,
  "best": [
    256,
    4,
    278680,
    822011,
    4,
    4
  ],
  "Bmin": 278680,
  "B2": 822011,
  "W": 256,
  "mu": 4,
  "w": 4,
  "eta": 4,
  "alpha": 0.001,
  "beta": 0.2,
  "Btime": 1125899906842624,
  "Bmemory": 1073741824,
  "Cbase": 32,
  "Cblock": 16,
  "Coracle": 64,
  "timestamp": 1763750488.5440705
}