{
  "status": "OK",
  "group_id": "W256_mu8_w8_eta2_a1_b10_Bt50_Bm50_Cb5_Cbl4_Co6",
  "best_score": 0.006756717339158058,
  "best": [
    256,
    8,
    133909,
    387083,
    8,
    2
  ],
  "Bmin": 133909,
  "B2": 387083,
  "W": 256,
  "mu": 8,
  "w": 8,
  "eta": 2,
  "alpha": 0.001,
  "beta": 0.1,
  "Btime": 1125899906842624,
  "Bmemory": 1125899906842624,
  "Cbase": 32,
  "Cblock": 16,
  "Coracle": 64,
  "timestamp": 1763801429.8604732
}