{
  "status": "OK",
  "group_id": "W256_mu4_w16_eta8_a1_b25_Bt50_Bm30_Cb5_Cbl4_Co6",
  "best_score": 0.00018141570035368204,
  "best": [
    256,
    4,
    360849,
    388555,
    16,
    8
  ],
  "Bmin": 360849,
  "B2": 388555,
  "W": 256,
  "mu": 4,
  "w": 16,
  "eta": 8,
  "alpha": 0.001,
  "beta": 0.25,
  "Btime": 1125899906842624,
  "Bmemory": 1073741824,
  "Cbase": 32,
  "Cblock": 16,
  "Coracle": 64,
  "timestamp": 1763851755.7271988
}