{
  "status": "OK",
  "group_id": "W256_mu32_w8_eta2_a1_b5_Bt50_Bm30_Cb5_Cbl4_Co6",
  "best_score": 0.044227518141269684,
  "best": [
    256,
    32,
    64813,
    334340,
    8,
    2
  ],
  "Bmin": 64813,
  "B2": 334340,
  "W": 256,
  "mu": 32,
  "w": 8,
  "eta": 2,
  "alpha": 0.001,
  "beta": 0.05,
  "Btime": 1125899906842624,
  "Bmemory": 1073741824,
  "Cbase": 32,
  "Cblock": 16,
  "Coracle": 64,
  "timestamp": 1763806128.9247315
}