{
  "status": "OK",
  "group_id": "W256_mu8_w16_eta2_a1_b15_Bt30_Bm30_Cb5_Cbl4_Co6",
  "best_score": 0.0036106950137764215,
  "best": [
    256,
    8,
    206924,
    301729,
    16,
    2
  ],
  "Bmin": 206924,
  "B2": 301729,
  "W": 256,
  "mu": 8,
  "w": 16,
  "eta": 2,
  "alpha": 0.001,
  "beta": 0.15,
  "Btime": 1073741824,
  "Bmemory": 1073741824,
  "Cbase": 32,
  "Cblock": 16,
  "Coracle": 64,
  "timestamp": 1763000937.587774
}