{
  "status": "OK",
  "group_id": "W256_mu8_w4_eta2_a1_b15_Bt50_Bm30_Cb5_Cbl4_Co6",
  "best_score": 0.001181355444714427,
  "best": [
    256,
    8,
    206927,
    349522,
    4,
    2
  ],
  "Bmin": 206927,
  "B2": 349522,
  "W": 256,
  "mu": 8,
  "w": 4,
  "eta": 2,
  "alpha": 0.001,
  "beta": 0.15,
  "Btime": 1125899906842624,
  "Bmemory": 1073741824,
  "Cbase": 32,
  "Cblock": 16,
  "Coracle": 64,
  "timestamp": 1763689729.4013815
}