{
  "status": "OK",
  "group_id": "W256_mu64_w8_eta2_a1_b25_Bt30_Bm50_Cb5_Cbl4_Co6",
  "best_score": 0.006622334010899067,
  "best": [
    256,
    64,
    360849,
    402408,
    8,
    2
  ],
  "Bmin": 360849,
  "B2": 402408,
  "W": 256,
  "mu": 64,
  "w": 8,
  "eta": 2,
  "alpha": 0.001,
  "beta": 0.25,
  "Btime": 1073741824,
  "Bmemory": 1125899906842624,
  "Cbase": 32,
  "Cblock": 16,
  "Coracle": 64,
  "timestamp": 1763316809.1772044
}