{
  "status": "OK",
  "group_id": "W256_mu16_w8_eta2_a1_b5_Bt30_Bm30_Cb5_Cbl4_Co6",
  "best_score": 0.04030719771981239,
  "best": [
    256,
    16,
    64813,
    184602,
    8,
    2
  ],
  "Bmin": 64813,
  "B2": 184602,
  "W": 256,
  "mu": 16,
  "w": 8,
  "eta": 2,
  "alpha": 0.001,
  "beta": 0.05,
  "Btime": 1073741824,
  "Bmemory": 1073741824,
  "Cbase": 32,
  "Cblock": 16,
  "Coracle": 64,
  "timestamp": 1762989374.503767
}