{
  "status": "OK",
  "group_id": "W256_mu64_w16_eta2_a1_b15_Bt50_Bm50_Cb5_Cbl4_Co6",
  "best_score": 0.03004705160856247,
  "best": [
    256,
    64,
    206924,
    396534,
    16,
    2
  ],
  "Bmin": 206924,
  "B2": 396534,
  "W": 256,
  "mu": 64,
  "w": 16,
  "eta": 2,
  "alpha": 0.001,
  "beta": 0.15,
  "Btime": 1125899906842624,
  "Bmemory": 1125899906842624,
  "Cbase": 32,
  "Cblock": 16,
  "Coracle": 64,
  "timestamp": 1763846475.0676553
}