{
  "status": "OK",
  "group_id": "W256_mu16_w8_eta8_a1_b15_Bt30_Bm30_Cb5_Cbl4_Co6",
  "best_score": 0.004015080165117979,
  "best": [
    256,
    16,
    206924,
    466164,
    8,
    8
  ],
  "Bmin": 206924,
  "B2": 466164,
  "W": 256,
  "mu": 16,
  "w": 8,
  "eta": 8,
  "alpha": 0.001,
  "beta": 0.15,
  "Btime": 1073741824,
  "Bmemory": 1073741824,
  "Cbase": 32,
  "Cblock": 16,
  "Coracle": 64,
  "timestamp": 1762999025.9036164
}