{
  "status": "OK",
  "group_id": "W256_mu64_w8_eta8_a1_b5_Bt30_Bm30_Cb5_Cbl4_Co6",
  "best_score": 0.024249624460935593,
  "best": [
    256,
    64,
    64814,
    283117,
    8,
    8
  ],
  "Bmin": 64814,
  "B2": 283117,
  "W": 256,
  "mu": 64,
  "w": 8,
  "eta": 8,
  "alpha": 0.001,
  "beta": 0.05,
  "Btime": 1073741824,
  "Bmemory": 1073741824,
  "Cbase": 32,
  "Cblock": 16,
  "Coracle": 64,
  "timestamp": 1762999894.0937138
}