{
  "status": "OK",
  "group_id": "W256_mu64_w16_eta8_a1_b3_Bt50_Bm30_Cb5_Cbl4_Co6",
  "best_score": 0.02839771658182144,
  "best": [
    256,
    64,
    39763,
    247420,
    16,
    8
  ],
  "Bmin": 39763,
  "B2": 247420,
  "W": 256,
  "mu": 64,
  "w": 16,
  "eta": 8,
  "alpha": 0.001,
  "beta": 0.03,
  "Btime": 1125899906842624,
  "Bmemory": 1073741824,
  "Cbase": 32,
  "Cblock": 16,
  "Coracle": 64,
  "timestamp": 1763852325.2230701
}