{
  "status": "OK",
  "group_id": "W256_mu8_w16_eta2_a1_b5_Bt30_Bm30_Cb5_Cbl4_Co6",
  "best_score": 0.016125168651342392,
  "best": [
    256,
    8,
    64815,
    214553,
    16,
    2
  ],
  "Bmin": 64815,
  "B2": 214553,
  "W": 256,
  "mu": 8,
  "w": 16,
  "eta": 2,
  "alpha": 0.001,
  "beta": 0.05,
  "Btime": 1073741824,
  "Bmemory": 1073741824,
  "Cbase": 32,
  "Cblock": 16,
  "Coracle": 64,
  "timestamp": 1763000872.3889773
}