{
  "status": "OK",
  "group_id": "W256_mu2_w8_eta2_a1_b15_Bt50_Bm50_Cb5_Cbl4_Co6",
  "best_score": 0.0012256171321496367,
  "best": [
    256,
    2,
    206925,
    510302,
    8,
    2
  ],
  "Bmin": 206925,
  "B2": 510302,
  "W": 256,
  "mu": 2,
  "w": 8,
  "eta": 2,
  "alpha": 0.001,
  "beta": 0.15,
  "Btime": 1125899906842624,
  "Bmemory": 1125899906842624,
  "Cbase": 32,
  "Cblock": 16,
  "Coracle": 64,
  "timestamp": 1763799240.3031042
}