{
  "status": "OK",
  "group_id": "W256_mu16_w4_eta2_a1_b20_Bt30_Bm50_Cb5_Cbl4_Co6",
  "best_score": 0.0007956245681270957,
  "best": [
    256,
    16,
    278682,
    343018,
    4,
    2
  ],
  "Bmin": 278682,
  "B2": 343018,
  "W": 256,
  "mu": 16,
  "w": 4,
  "eta": 2,
  "alpha": 0.001,
  "beta": 0.2,
  "Btime": 1073741824,
  "Bmemory": 1125899906842624,
  "Cbase": 32,
  "Cblock": 16,
  "Coracle": 64,
  "timestamp": 1763277694.0623498
}