{
  "status": "OK",
  "group_id": "W256_mu4_w4_eta8_a1_b10_Bt30_Bm30_Cb5_Cbl4_Co6",
  "best_score": 0.002631512703374028,
  "best": [
    256,
    4,
    133907,
    499090,
    4,
    8
  ],
  "Bmin": 133907,
  "B2": 499090,
  "W": 256,
  "mu": 4,
  "w": 4,
  "eta": 8,
  "alpha": 0.001,
  "beta": 0.1,
  "Btime": 1073741824,
  "Bmemory": 1073741824,
  "Cbase": 32,
  "Cblock": 16,
  "Coracle": 64,
  "timestamp": 1762983815.0605507
}