{
  "status": "OK",
  "group_id": "W256_mu64_w8_eta2_a1_b3_Bt50_Bm50_Cb5_Cbl4_Co6",
  "best_score": 0.09365526586771011,
  "best": [
    256,
    64,
    39762,
    355261,
    8,
    2
  ],
  "Bmin": 39762,
  "B2": 355261,
  "W": 256,
  "mu": 64,
  "w": 8,
  "eta": 2,
  "alpha": 0.001,
  "beta": 0.03,
  "Btime": 1125899906842624,
  "Bmemory": 1125899906842624,
  "Cbase": 32,
  "Cblock": 16,
  "Coracle": 64,
  "timestamp": 1763811617.3359218
}