{
  "status": "OK",
  "group_id": "W256_mu8_w4_eta16_a1_b3_Bt30_Bm30_Cb5_Cbl4_Co6",
  "best_score": 0.009084268473088741,
  "best": [
    256,
    8,
    39763,
    488793,
    4,
    16
  ],
  "Bmin": 39763,
  "B2": 488793,
  "W": 256,
  "mu": 8,
  "w": 4,
  "eta": 16,
  "alpha": 0.001,
  "beta": 0.03,
  "Btime": 1073741824,
  "Bmemory": 1073741824,
  "Cbase": 32,
  "Cblock": 16,
  "Coracle": 64,
  "timestamp": 1762987885.1822748
}