{
  "status": "OK",
  "group_id": "W256_mu2_w4_eta2_a1_b25_Bt30_Bm50_Cb5_Cbl4_Co6",
  "best_score": 6.932606629561633e-05,
  "best": [
    256,
    2,
    360844,
    457815,
    4,
    2
  ],
  "Bmin": 360844,
  "B2": 457815,
  "W": 256,
  "mu": 2,
  "w": 4,
  "eta": 2,
  "alpha": 0.001,
  "beta": 0.25,
  "Btime": 1073741824,
  "Bmemory": 1125899906842624,
  "Cbase": 32,
  "Cblock": 16,
  "Coracle": 64,
  "timestamp": 1763272902.5172355
}