{
  "status": "OK",
  "group_id": "W256_mu8_w16_eta16_a1_b10_Bt50_Bm50_Cb5_Cbl4_Co6",
  "best_score": 0.007750221993774176,
  "best": [
    256,
    8,
    133907,
    156923,
    16,
    16
  ],
  "Bmin": 133907,
  "B2": 156923,
  "W": 256,
  "mu": 8,
  "w": 16,
  "eta": 16,
  "alpha": 0.001,
  "beta": 0.1,
  "Btime": 1125899906842624,
  "Bmemory": 1125899906842624,
  "Cbase": 32,
  "Cblock": 16,
  "Coracle": 64,
  "timestamp": 1763852990.7426465
}