{
  "status": "OK",
  "group_id": "W256_mu4_w4_eta2_a1_b15_Bt30_Bm50_Cb5_Cbl4_Co6",
  "best_score": 0.0008714569266885519,
  "best": [
    256,
    4,
    206927,
    282771,
    4,
    2
  ],
  "Bmin": 206927,
  "B2": 282771,
  "W": 256,
  "mu": 4,
  "w": 4,
  "eta": 2,
  "alpha": 0.001,
  "beta": 0.15,
  "Btime": 1073741824,
  "Bmemory": 1125899906842624,
  "Cbase": 32,
  "Cblock": 16,
  "Coracle": 64,
  "timestamp": 1763273282.0699813
}