{
  "status": "OK",
  "group_id": "W256_mu8_w16_eta2_a1_b20_Bt50_Bm50_Cb5_Cbl4_Co6",
  "best_score": 0.0010488603729754686,
  "best": [
    256,
    8,
    278682,
    407357,
    16,
    2
  ],
  "Bmin": 278682,
  "B2": 407357,
  "W": 256,
  "mu": 8,
  "w": 16,
  "eta": 2,
  "alpha": 0.001,
  "beta": 0.2,
  "Btime": 1125899906842624,
  "Bmemory": 1125899906842624,
  "Cbase": 32,
  "Cblock": 16,
  "Coracle": 64,
  "timestamp": 1763839471.941724
}