{
  "status": "OK",
  "group_id": "W256_mu2_w4_eta4_a1_b10_Bt30_Bm50_Cb5_Cbl4_Co6",
  "best_score": 0.0025315813254565,
  "best": [
    256,
    2,
    133909,
    637187,
    4,
    4
  ],
  "Bmin": 133909,
  "B2": 637187,
  "W": 256,
  "mu": 2,
  "w": 4,
  "eta": 4,
  "alpha": 0.001,
  "beta": 0.1,
  "Btime": 1073741824,
  "Bmemory": 1125899906842624,
  "Cbase": 32,
  "Cblock": 16,
  "Coracle": 64,
  "timestamp": 1763297096.4240065
}