{
  "status": "OK",
  "group_id": "W256_mu64_w4_eta2_a1_b25_Bt50_Bm50_Cb5_Cbl4_Co6",
  "best_score": 0.007330533117055893,
  "best": [
    256,
    64,
    360844,
    457815,
    4,
    2
  ],
  "Bmin": 360844,
  "B2": 457815,
  "W": 256,
  "mu": 64,
  "w": 4,
  "eta": 2,
  "alpha": 0.001,
  "beta": 0.25,
  "Btime": 1125899906842624,
  "Bmemory": 1125899906842624,
  "Cbase": 32,
  "Cblock": 16,
  "Coracle": 64,
  "timestamp": 1763748169.5288684
}