{
  "status": "OK",
  "group_id": "W256_mu64_w4_eta8_a1_b25_Bt30_Bm30_Cb5_Cbl4_Co6",
  "best_score": 0.005595040041953325,
  "best": [
    256,
    64,
    360849,
    430113,
    4,
    8
  ],
  "Bmin": 360849,
  "B2": 430113,
  "W": 256,
  "mu": 64,
  "w": 4,
  "eta": 8,
  "alpha": 0.001,
  "beta": 0.25,
  "Btime": 1073741824,
  "Bmemory": 1073741824,
  "Cbase": 32,
  "Cblock": 16,
  "Coracle": 64,
  "timestamp": 1762987740.1863673
}