{
  "status": "OK",
  "group_id": "W256_mu8_w4_eta2_a1_b20_Bt50_Bm50_Cb5_Cbl4_Co6",
  "best_score": 0.00043160023051314056,
  "best": [
    256,
    8,
    278682,
    439524,
    4,
    2
  ],
  "Bmin": 278682,
  "B2": 439524,
  "W": 256,
  "mu": 8,
  "w": 4,
  "eta": 2,
  "alpha": 0.001,
  "beta": 0.2,
  "Btime": 1125899906842624,
  "Bmemory": 1125899906842624,
  "Cbase": 32,
  "Cblock": 16,
  "Coracle": 64,
  "timestamp": 1763690575.3943505
}