{
  "status": "OK",
  "group_id": "W256_mu8_w4_eta2_a1_b3_Bt30_Bm50_Cb5_Cbl4_Co6",
  "best_score": 0.06516214460134506,
  "best": [
    256,
    8,
    39767,
    179988,
    4,
    2
  ],
  "Bmin": 39767,
  "B2": 179988,
  "W": 256,
  "mu": 8,
  "w": 4,
  "eta": 2,
  "alpha": 0.001,
  "beta": 0.03,
  "Btime": 1073741824,
  "Bmemory": 1125899906842624,
  "Cbase": 32,
  "Cblock": 16,
  "Coracle": 64,
  "timestamp": 1763273723.9447024
}