{
  "status": "OK",
  "group_id": "W256_mu8_w8_eta2_a1_b20_Bt50_Bm50_Cb5_Cbl4_Co6",
  "best_score": 0.0005899221287108958,
  "best": [
    256,
    8,
    278680,
    455611,
    8,
    2
  ],
  "Bmin": 278680,
  "B2": 455611,
  "W": 256,
  "mu": 8,
  "w": 8,
  "eta": 2,
  "alpha": 0.001,
  "beta": 0.2,
  "Btime": 1125899906842624,
  "Bmemory": 1125899906842624,
  "Cbase": 32,
  "Cblock": 16,
  "Coracle": 64,
  "timestamp": 1763801939.685687
}