{
  "status": "OK",
  "group_id": "W256_mu32_w4_eta2_a1_b10_Bt50_Bm30_Cb5_Cbl4_Co6",
  "best_score": 0.02707873471081257,
  "best": [
    256,
    32,
    133904,
    209709,
    4,
    2
  ],
  "Bmin": 133904,
  "B2": 209709,
  "W": 256,
  "mu": 32,
  "w": 4,
  "eta": 2,
  "alpha": 0.001,
  "beta": 0.1,
  "Btime": 1125899906842624,
  "Bmemory": 1073741824,
  "Cbase": 32,
  "Cblock": 16,
  "Coracle": 64,
  "timestamp": 1763706746.9906433
}