{
  "status": "OK",
  "group_id": "W256_mu16_w4_eta2_a1_b10_Bt50_Bm50_Cb5_Cbl4_Co6",
  "best_score": 0.006994680967181921,
  "best": [
    256,
    16,
    133904,
    363040,
    4,
    2
  ],
  "Bmin": 133904,
  "B2": 363040,
  "W": 256,
  "mu": 16,
  "w": 4,
  "eta": 2,
  "alpha": 0.001,
  "beta": 0.1,
  "Btime": 1125899906842624,
  "Bmemory": 1125899906842624,
  "Cbase": 32,
  "Cblock": 16,
  "Coracle": 64,
  "timestamp": 1763695772.9561877
}