{
  "status": "OK",
  "group_id": "W256_mu64_w16_eta2_a1_b5_Bt30_Bm50_Cb5_Cbl4_Co6",
  "best_score": 0.02490004524588585,
  "best": [
    256,
    64,
    64815,
    184603,
    16,
    2
  ],
  "Bmin": 64815,
  "B2": 184603,
  "W": 256,
  "mu": 64,
  "w": 16,
  "eta": 2,
  "alpha": 0.001,
  "beta": 0.05,
  "Btime": 1073741824,
  "Bmemory": 1125899906842624,
  "Cbase": 32,
  "Cblock": 16,
  "Coracle": 64,
  "timestamp": 1763323385.0785341
}