{
  "status": "OK",
  "group_id": "W256_mu8_w8_eta2_a1_b25_Bt30_Bm30_Cb5_Cbl4_Co6",
  "best_score": 0.0001400224573444575,
  "best": [
    256,
    8,
    360849,
    416260,
    8,
    2
  ],
  "Bmin": 360849,
  "B2": 416260,
  "W": 256,
  "mu": 8,
  "w": 8,
  "eta": 2,
  "alpha": 0.001,
  "beta": 0.25,
  "Btime": 1073741824,
  "Bmemory": 1073741824,
  "Cbase": 32,
  "Cblock": 16,
  "Coracle": 64,
  "timestamp": 1762989146.180386
}