{
  "status": "OK",
  "group_id": "W256_mu32_w16_eta2_a1_b3_Bt30_Bm50_Cb5_Cbl4_Co6",
  "best_score": 0.05366000160574913,
  "best": [
    256,
    32,
    39763,
    179985,
    16,
    2
  ],
  "Bmin": 39763,
  "B2": 179985,
  "W": 256,
  "mu": 32,
  "w": 16,
  "eta": 2,
  "alpha": 0.001,
  "beta": 0.03,
  "Btime": 1073741824,
  "Bmemory": 1125899906842624,
  "Cbase": 32,
  "Cblock": 16,
  "Coracle": 64,
  "timestamp": 1763322524.472498
}