{
  "status": "OK",
  "group_id": "W256_mu64_w8_eta4_a1_b25_Bt50_Bm50_Cb5_Cbl4_Co6",
  "best_score": 0.006210058927536011,
  "best": [
    256,
    64,
    360849,
    568643,
    8,
    4
  ],
  "Bmin": 360849,
  "B2": 568643,
  "W": 256,
  "mu": 64,
  "w": 8,
  "eta": 4,
  "alpha": 0.001,
  "beta": 0.25,
  "Btime": 1125899906842624,
  "Bmemory": 1125899906842624,
  "Cbase": 32,
  "Cblock": 16,
  "Coracle": 64,
  "timestamp": 1763832611.0619466
}