{
  "status": "OK",
  "group_id": "W256_mu8_w16_eta2_a1_b20_Bt30_Bm50_Cb5_Cbl4_Co6",
  "best_score": 0.0010289711644873023,
  "best": [
    256,
    8,
    278682,
    359104,
    16,
    2
  ],
  "Bmin": 278682,
  "B2": 359104,
  "W": 256,
  "mu": 8,
  "w": 16,
  "eta": 2,
  "alpha": 0.001,
  "beta": 0.2,
  "Btime": 1073741824,
  "Bmemory": 1125899906842624,
  "Cbase": 32,
  "Cblock": 16,
  "Coracle": 64,
  "timestamp": 1763322039.4400902
}