{
  "status": "OK",
  "group_id": "W256_mu4_w8_eta4_a1_b3_Bt30_Bm50_Cb5_Cbl4_Co6",
  "best_score": 0.038316793739795685,
  "best": [
    256,
    4,
    39763,
    387642,
    8,
    4
  ],
  "Bmin": 39763,
  "B2": 387642,
  "W": 256,
  "mu": 4,
  "w": 8,
  "eta": 4,
  "alpha": 0.001,
  "beta": 0.03,
  "Btime": 1073741824,
  "Bmemory": 1125899906842624,
  "Cbase": 32,
  "Cblock": 16,
  "Coracle": 64,
  "timestamp": 1763316934.1696393
}