{
  "status": "OK",
  "group_id": "W256_mu32_w4_eta4_a1_b10_Bt30_Bm50_Cb5_Cbl4_Co6",
  "best_score": 0.013500198721885681,
  "best": [
    256,
    32,
    133909,
    225972,
    4,
    4
  ],
  "Bmin": 133909,
  "B2": 225972,
  "W": 256,
  "mu": 32,
  "w": 4,
  "eta": 4,
  "alpha": 0.001,
  "beta": 0.1,
  "Btime": 1073741824,
  "Bmemory": 1125899906842624,
  "Cbase": 32,
  "Cblock": 16,
  "Coracle": 64,
  "timestamp": 1763300342.6934578
}