{
  "status": "OK",
  "group_id": "W256_mu2_w16_eta8_a1_b10_Bt50_Bm30_Cb5_Cbl4_Co6",
  "best_score": 0.006751262582838535,
  "best": [
    256,
    2,
    133907,
    179938,
    16,
    8
  ],
  "Bmin": 133907,
  "B2": 179938,
  "W": 256,
  "mu": 2,
  "w": 16,
  "eta": 8,
  "alpha": 0.001,
  "beta": 0.1,
  "Btime": 1125899906842624,
  "Bmemory": 1073741824,
  "Cbase": 32,
  "Cblock": 16,
  "Coracle": 64,
  "timestamp": 1763851675.2284982
}