{
  "status": "OK",
  "group_id": "W256_mu16_w8_eta4_a1_b3_Bt30_Bm30_Cb5_Cbl4_Co6",
  "best_score": 0.050490181893110275,
  "best": [
    256,
    16,
    39763,
    248758,
    8,
    4
  ],
  "Bmin": 39763,
  "B2": 248758,
  "W": 256,
  "mu": 16,
  "w": 8,
  "eta": 4,
  "alpha": 0.001,
  "beta": 0.03,
  "Btime": 1073741824,
  "Bmemory": 1073741824,
  "Cbase": 32,
  "Cblock": 16,
  "Coracle": 64,
  "timestamp": 1762996008.241926
}