{
  "status": "OK",
  "group_id": "W256_mu64_w16_eta4_a1_b5_Bt30_Bm50_Cb5_Cbl4_Co6",
  "best_score": 0.02180238999426365,
  "best": [
    256,
    64,
    64814,
    244498,
    16,
    4
  ],
  "Bmin": 64814,
  "B2": 244498,
  "W": 256,
  "mu": 64,
  "w": 16,
  "eta": 4,
  "alpha": 0.001,
  "beta": 0.05,
  "Btime": 1073741824,
  "Bmemory": 1125899906842624,
  "Cbase": 32,
  "Cblock": 16,
  "Coracle": 64,
  "timestamp": 1763325239.3923695
}