{
  "status": "OK",
  "group_id": "W256_mu8_w4_eta4_a1_b20_Bt30_Bm50_Cb5_Cbl4_Co6",
  "best_score": 0.00041529277223162353,
  "best": [
    256,
    8,
    278680,
    359104,
    4,
    4
  ],
  "Bmin": 278680,
  "B2": 359104,
  "W": 256,
  "mu": 8,
  "w": 4,
  "eta": 4,
  "alpha": 0.001,
  "beta": 0.2,
  "Btime": 1073741824,
  "Bmemory": 1125899906842624,
  "Cbase": 32,
  "Cblock": 16,
  "Coracle": 64,
  "timestamp": 1763298022.125736
}