{
  "status": "OK",
  "group_id": "W256_mu8_w8_eta2_a1_b3_Bt30_Bm30_Cb5_Cbl4_Co6",
  "best_score": 0.06191765516996384,
  "best": [
    256,
    8,
    39762,
    179985,
    8,
    2
  ],
  "Bmin": 39762,
  "B2": 179985,
  "W": 256,
  "mu": 8,
  "w": 8,
  "eta": 2,
  "alpha": 0.001,
  "beta": 0.03,
  "Btime": 1073741824,
  "Bmemory": 1073741824,
  "Cbase": 32,
  "Cblock": 16,
  "Coracle": 64,
  "timestamp": 1762988754.5476422
}