{
  "status": "OK",
  "group_id": "W256_mu4_w4_eta8_a1_b3_Bt30_Bm50_Cb5_Cbl4_Co6",
  "best_score": 0.01645144633948803,
  "best": [
    256,
    4,
    39763,
    522512,
    4,
    8
  ],
  "Bmin": 39763,
  "B2": 522512,
  "W": 256,
  "mu": 4,
  "w": 4,
  "eta": 8,
  "alpha": 0.001,
  "beta": 0.03,
  "Btime": 1073741824,
  "Bmemory": 1125899906842624,
  "Cbase": 32,
  "Cblock": 16,
  "Coracle": 64,
  "timestamp": 1763305789.1573188
}