{
  "status": "OK",
  "group_id": "W256_mu4_w4_eta8_a1_b20_Bt50_Bm30_Cb5_Cbl4_Co6",
  "best_score": 0.0003756206715479493,
  "best": [
    256,
    4,
    278682,
    474202,
    4,
    8
  ],
  "Bmin": 278682,
  "B2": 474202,
  "W": 256,
  "mu": 4,
  "w": 4,
  "eta": 8,
  "alpha": 0.001,
  "beta": 0.2,
  "Btime": 1125899906842624,
  "Bmemory": 1073741824,
  "Cbase": 32,
  "Cblock": 16,
  "Coracle": 64,
  "timestamp": 1763776948.2290444
}