{
  "status": "OK",
  "group_id": "W256_mu8_w4_eta4_a1_b3_Bt50_Bm50_Cb5_Cbl4_Co6",
  "best_score": 0.04044332355260849,
  "best": [
    256,
    8,
    39762,
    662733,
    4,
    4
  ],
  "Bmin": 39762,
  "B2": 662733,
  "W": 256,
  "mu": 8,
  "w": 4,
  "eta": 4,
  "alpha": 0.001,
  "beta": 0.03,
  "Btime": 1125899906842624,
  "Bmemory": 1125899906842624,
  "Cbase": 32,
  "Cblock": 16,
  "Coracle": 64,
  "timestamp": 1763751420.3164854
}