{
  "status": "OK",
  "group_id": "W256_mu8_w8_eta4_a1_b20_Bt30_Bm30_Cb5_Cbl4_Co6",
  "best_score": 0.000603747961577028,
  "best": [
    256,
    8,
    278682,
    375188,
    8,
    4
  ],
  "Bmin": 278682,
  "B2": 375188,
  "W": 256,
  "mu": 8,
  "w": 8,
  "eta": 4,
  "alpha": 0.001,
  "beta": 0.2,
  "Btime": 1073741824,
  "Bmemory": 1073741824,
  "Cbase": 32,
  "Cblock": 16,
  "Coracle": 64,
  "timestamp": 1762995891.728673
}