{
  "status": "OK",
  "group_id": "W256_mu2_w4_eta32_a1_b15_Bt50_Bm50_Cb5_Cbl4_Co6",
  "best_score": 0.0007281136349774897,
  "best": [
    256,
    2,
    206924,
    293337,
    4,
    32
  ],
  "Bmin": 206924,
  "B2": 293337,
  "W": 256,
  "mu": 2,
  "w": 4,
  "eta": 32,
  "alpha": 0.001,
  "beta": 0.15,
  "Btime": 1125899906842624,
  "Bmemory": 1125899906842624,
  "Cbase": 32,
  "Cblock": 16,
  "Coracle": 64,
  "timestamp": 1763798693.8339834
}