{
  "status": "OK",
  "group_id": "W256_mu4_w4_eta4_a1_b10_Bt50_Bm50_Cb5_Cbl4_Co6",
  "best_score": 0.0029864502139389515,
  "best": [
    256,
    4,
    133909,
    729250,
    4,
    4
  ],
  "Bmin": 133909,
  "B2": 729250,
  "W": 256,
  "mu": 4,
  "w": 4,
  "eta": 4,
  "alpha": 0.001,
  "beta": 0.1,
  "Btime": 1125899906842624,
  "Bmemory": 1125899906842624,
  "Cbase": 32,
  "Cblock": 16,
  "Coracle": 64,
  "timestamp": 1763750009.2701752
}