{
  "status": "OK",
  "group_id": "W256_mu16_w4_eta4_a1_b10_Bt50_Bm50_Cb5_Cbl4_Co6",
  "best_score": 0.0061091589741408825,
  "best": [
    256,
    16,
    133909,
    478122,
    4,
    4
  ],
  "Bmin": 133909,
  "B2": 478122,
  "W": 256,
  "mu": 16,
  "w": 4,
  "eta": 4,
  "alpha": 0.001,
  "beta": 0.1,
  "Btime": 1125899906842624,
  "Bmemory": 1125899906842624,
  "Cbase": 32,
  "Cblock": 16,
  "Coracle": 64,
  "timestamp": 1763755514.7418473
}