{
  "status": "OK",
  "group_id": "W256_mu64_w4_eta2_a1_b3_Bt30_Bm30_Cb5_Cbl4_Co6",
  "best_score": 0.7652946710586548,
  "best": [
    256,
    64,
    39767,
    144932,
    4,
    2
  ],
  "Bmin": 39767,
  "B2": 144932,
  "W": 256,
  "mu": 64,
  "w": 4,
  "eta": 2,
  "alpha": 0.001,
  "beta": 0.03,
  "Btime": 1073741824,
  "Bmemory": 1073741824,
  "Cbase": 32,
  "Cblock": 16,
  "Coracle": 64,
  "timestamp": 1762964344.0768738
}