{
  "status": "OK",
  "group_id": "W256_mu16_w4_eta4_a1_b5_Bt30_Bm50_Cb5_Cbl4_Co6",
  "best_score": 0.017162924632430077,
  "best": [
    256,
    16,
    64813,
    214549,
    4,
    4
  ],
  "Bmin": 64813,
  "B2": 214549,
  "W": 256,
  "mu": 16,
  "w": 4,
  "eta": 4,
  "alpha": 0.001,
  "beta": 0.05,
  "Btime": 1073741824,
  "Bmemory": 1125899906842624,
  "Cbase": 32,
  "Cblock": 16,
  "Coracle": 64,
  "timestamp": 1763298492.9107873
}