{
  "status": "OK",
  "group_id": "W256_mu16_w8_eta8_a1_b5_Bt50_Bm30_Cb5_Cbl4_Co6",
  "best_score": 0.01518204528838396,
  "best": [
    256,
    16,
    64814,
    343011,
    8,
    8
  ],
  "Bmin": 64814,
  "B2": 343011,
  "W": 256,
  "mu": 16,
  "w": 8,
  "eta": 8,
  "alpha": 0.001,
  "beta": 0.05,
  "Btime": 1125899906842624,
  "Bmemory": 1073741824,
  "Cbase": 32,
  "Cblock": 16,
  "Coracle": 64,
  "timestamp": 1763833154.3291526
}