{
  "status": "OK",
  "group_id": "W256_mu4_w16_eta2_a1_b25_Bt30_Bm50_Cb5_Cbl4_Co6",
  "best_score": 0.00017681812460068613,
  "best": [
    256,
    4,
    360849,
    471672,
    16,
    2
  ],
  "Bmin": 360849,
  "B2": 471672,
  "W": 256,
  "mu": 4,
  "w": 16,
  "eta": 2,
  "alpha": 0.001,
  "beta": 0.25,
  "Btime": 1073741824,
  "Bmemory": 1125899906842624,
  "Cbase": 32,
  "Cblock": 16,
  "Coracle": 64,
  "timestamp": 1763321879.8386064
}