{
  "status": "OK",
  "group_id": "W256_mu16_w4_eta2_a1_b3_Bt50_Bm30_Cb5_Cbl4_Co6",
  "best_score": 0.10490911453962326,
  "best": [
    256,
    16,
    39767,
    262140,
    4,
    2
  ],
  "Bmin": 39767,
  "B2": 262140,
  "W": 256,
  "mu": 16,
  "w": 4,
  "eta": 2,
  "alpha": 0.001,
  "beta": 0.03,
  "Btime": 1125899906842624,
  "Bmemory": 1073741824,
  "Cbase": 32,
  "Cblock": 16,
  "Coracle": 64,
  "timestamp": 1763692060.8451872
}