{
  "status": "OK",
  "group_id": "W256_mu4_w8_eta16_a1_b5_Bt50_Bm30_Cb5_Cbl4_Co6",
  "best_score": 0.006700373720377684,
  "best": [
    256,
    4,
    64815,
    154657,
    8,
    16
  ],
  "Bmin": 64815,
  "B2": 154657,
  "W": 256,
  "mu": 4,
  "w": 8,
  "eta": 16,
  "alpha": 0.001,
  "beta": 0.05,
  "Btime": 1125899906842624,
  "Bmemory": 1073741824,
  "Cbase": 32,
  "Cblock": 16,
  "Coracle": 64,
  "timestamp": 1763838320.7967536
}