{
  "status": "OK",
  "group_id": "W256_mu8_w16_eta4_a1_b10_Bt50_Bm30_Cb5_Cbl4_Co6",
  "best_score": 0.009348957799375057,
  "best": [
    256,
    8,
    133907,
    225970,
    16,
    4
  ],
  "Bmin": 133907,
  "B2": 225970,
  "W": 256,
  "mu": 8,
  "w": 16,
  "eta": 4,
  "alpha": 0.001,
  "beta": 0.1,
  "Btime": 1125899906842624,
  "Bmemory": 1073741824,
  "Cbase": 32,
  "Cblock": 16,
  "Coracle": 64,
  "timestamp": 1763848113.2979565
}