{
  "status": "OK",
  "group_id": "W256_mu2_w16_eta2_a1_b3_Bt30_Bm30_Cb5_Cbl4_Co6",
  "best_score": 0.022796496748924255,
  "best": [
    256,
    2,
    39763,
    320208,
    16,
    2
  ],
  "Bmin": 39763,
  "B2": 320208,
  "W": 256,
  "mu": 2,
  "w": 16,
  "eta": 2,
  "alpha": 0.001,
  "beta": 0.03,
  "Btime": 1073741824,
  "Bmemory": 1073741824,
  "Cbase": 32,
  "Cblock": 16,
  "Coracle": 64,
  "timestamp": 1763000559.9078302
}