{
  "status": "OK",
  "group_id": "W256_mu8_w16_eta16_a1_b3_Bt30_Bm30_Cb5_Cbl4_Co6",
  "best_score": 0.009880032390356064,
  "best": [
    256,
    8,
    39763,
    74818,
    16,
    16
  ],
  "Bmin": 39763,
  "B2": 74818,
  "W": 256,
  "mu": 8,
  "w": 16,
  "eta": 16,
  "alpha": 0.001,
  "beta": 0.03,
  "Btime": 1073741824,
  "Bmemory": 1073741824,
  "Cbase": 32,
  "Cblock": 16,
  "Coracle": 64,
  "timestamp": 1763005470.1971908
}