{
  "status": "OK",
  "group_id": "W256_mu16_w16_eta8_a1_b10_Bt50_Bm50_Cb5_Cbl4_Co6",
  "best_score": 0.011249355040490627,
  "best": [
    256,
    16,
    133907,
    225970,
    16,
    8
  ],
  "Bmin": 133907,
  "B2": 225970,
  "W": 256,
  "mu": 16,
  "w": 16,
  "eta": 8,
  "alpha": 0.001,
  "beta": 0.1,
  "Btime": 1125899906842624,
  "Bmemory": 1125899906842624,
  "Cbase": 32,
  "Cblock": 16,
  "Coracle": 64,
  "timestamp": 1763851913.2953622
}