{
  "status": "OK",
  "group_id": "W256_mu2_w4_eta16_a1_b20_Bt50_Bm50_Cb5_Cbl4_Co6",
  "best_score": 0.00044985266868025064,
  "best": [
    256,
    2,
    278681,
    393782,
    4,
    16
  ],
  "Bmin": 278681,
  "B2": 393782,
  "W": 256,
  "mu": 2,
  "w": 4,
  "eta": 16,
  "alpha": 0.001,
  "beta": 0.2,
  "Btime": 1125899906842624,
  "Bmemory": 1125899906842624,
  "Cbase": 32,
  "Cblock": 16,
  "Coracle": 64,
  "timestamp": 1763798085.9394891
}