{
  "status": "OK",
  "group_id": "W256_mu4_w4_eta4_a1_b3_Bt50_Bm30_Cb5_Cbl4_Co6",
  "best_score": 0.04182233288884163,
  "best": [
    256,
    4,
    39762,
    1005261,
    4,
    4
  ],
  "Bmin": 39762,
  "B2": 1005261,
  "W": 256,
  "mu": 4,
  "w": 4,
  "eta": 4,
  "alpha": 0.001,
  "beta": 0.03,
  "Btime": 1125899906842624,
  "Bmemory": 1073741824,
  "Cbase": 32,
  "Cblock": 16,
  "Coracle": 64,
  "timestamp": 1763749223.1310637
}