{
  "status": "OK",
  "group_id": "W256_mu2_w16_eta8_a1_b15_Bt30_Bm30_Cb5_Cbl4_Co6",
  "best_score": 0.0030406832229346037,
  "best": [
    256,
    2,
    206924,
    244846,
    16,
    8
  ],
  "Bmin": 206924,
  "B2": 244846,
  "W": 256,
  "mu": 2,
  "w": 16,
  "eta": 8,
  "alpha": 0.001,
  "beta": 0.15,
  "Btime": 1073741824,
  "Bmemory": 1073741824,
  "Cbase": 32,
  "Cblock": 16,
  "Coracle": 64,
  "timestamp": 1763004824.2549307
}