{
  "status": "OK",
  "group_id": "W256_mu8_w4_eta4_a1_b10_Bt50_Bm30_Cb5_Cbl4_Co6",
  "best_score": 0.0037001953460276127,
  "best": [
    256,
    8,
    133909,
    546145,
    4,
    4
  ],
  "Bmin": 133909,
  "B2": 546145,
  "W": 256,
  "mu": 8,
  "w": 4,
  "eta": 4,
  "alpha": 0.001,
  "beta": 0.1,
  "Btime": 1125899906842624,
  "Bmemory": 1073741824,
  "Cbase": 32,
  "Cblock": 16,
  "Coracle": 64,
  "timestamp": 1763751985.0594866
}