{
  "status": "OK",
  "group_id": "W256_mu64_w8_eta8_a1_b15_Bt30_Bm50_Cb5_Cbl4_Co6",
  "best_score": 0.024737592786550522,
  "best": [
    256,
    64,
    206924,
    388143,
    8,
    8
  ],
  "Bmin": 206924,
  "B2": 388143,
  "W": 256,
  "mu": 64,
  "w": 8,
  "eta": 8,
  "alpha": 0.001,
  "beta": 0.15,
  "Btime": 1073741824,
  "Bmemory": 1125899906842624,
  "Cbase": 32,
  "Cblock": 16,
  "Coracle": 64,
  "timestamp": 1763321281.8857567
}