{
  "status": "OK",
  "group_id": "W256_mu32_w8_eta2_a1_b10_Bt30_Bm30_Cb5_Cbl4_Co6",
  "best_score": 0.02727673389017582,
  "best": [
    256,
    32,
    133909,
    225971,
    8,
    2
  ],
  "Bmin": 133909,
  "B2": 225971,
  "W": 256,
  "mu": 32,
  "w": 8,
  "eta": 2,
  "alpha": 0.001,
  "beta": 0.1,
  "Btime": 1073741824,
  "Bmemory": 1073741824,
  "Cbase": 32,
  "Cblock": 16,
  "Coracle": 64,
  "timestamp": 1762990762.34658
}