{
  "status": "OK",
  "group_id": "W256_mu4_w4_eta2_a1_b20_Bt30_Bm30_Cb5_Cbl4_Co6",
  "best_score": 0.00030774367041885853,
  "best": [
    256,
    4,
    278682,
    343019,
    4,
    2
  ],
  "Bmin": 278682,
  "B2": 343019,
  "W": 256,
  "mu": 4,
  "w": 4,
  "eta": 2,
  "alpha": 0.001,
  "beta": 0.2,
  "Btime": 1073741824,
  "Bmemory": 1073741824,
  "Cbase": 32,
  "Cblock": 16,
  "Coracle": 64,
  "timestamp": 1762925776.391079
}