{
  "status": "OK",
  "group_id": "W256_mu16_w8_eta2_a1_b25_Bt50_Bm50_Cb5_Cbl4_Co6",
  "best_score": 0.00030353834154084325,
  "best": [
    256,
    16,
    360849,
    499376,
    8,
    2
  ],
  "Bmin": 360849,
  "B2": 499376,
  "W": 256,
  "mu": 16,
  "w": 8,
  "eta": 2,
  "alpha": 0.001,
  "beta": 0.25,
  "Btime": 1125899906842624,
  "Bmemory": 1125899906842624,
  "Cbase": 32,
  "Cblock": 16,
  "Coracle": 64,
  "timestamp": 1763804826.9870558
}