{
  "status": "OK",
  "group_id": "W256_mu64_w8_eta8_a1_b10_Bt50_Bm50_Cb5_Cbl4_Co6",
  "best_score": 0.01964663155376911,
  "best": [
    256,
    64,
    133907,
    590129,
    8,
    8
  ],
  "Bmin": 133907,
  "B2": 590129,
  "W": 256,
  "mu": 64,
  "w": 8,
  "eta": 8,
  "alpha": 0.001,
  "beta": 0.1,
  "Btime": 1125899906842624,
  "Bmemory": 1125899906842624,
  "Cbase": 32,
  "Cblock": 16,
  "Coracle": 64,
  "timestamp": 1763836647.1302893
}