{
  "status": "OK",
  "group_id": "W256_mu8_w8_eta16_a1_b20_Bt50_Bm30_Cb5_Cbl4_Co6",
  "best_score": 0.0011911863693967462,
  "best": [
    256,
    8,
    278682,
    343019,
    8,
    16
  ],
  "Bmin": 278682,
  "B2": 343019,
  "W": 256,
  "mu": 8,
  "w": 8,
  "eta": 16,
  "alpha": 0.001,
  "beta": 0.2,
  "Btime": 1125899906842624,
  "Bmemory": 1073741824,
  "Cbase": 32,
  "Cblock": 16,
  "Coracle": 64,
  "timestamp": 1763838400.8923333
}