{
  "status": "OK",
  "group_id": "W256_mu16_w8_eta4_a1_b10_Bt50_Bm50_Cb5_Cbl4_Co6",
  "best_score": 0.010757518000900745,
  "best": [
    256,
    16,
    133907,
    548192,
    8,
    4
  ],
  "Bmin": 133907,
  "B2": 548192,
  "W": 256,
  "mu": 16,
  "w": 8,
  "eta": 4,
  "alpha": 0.001,
  "beta": 0.1,
  "Btime": 1125899906842624,
  "Bmemory": 1125899906842624,
  "Cbase": 32,
  "Cblock": 16,
  "Coracle": 64,
  "timestamp": 1763822434.0624042
}