{
  "status": "OK",
  "group_id": "W256_mu64_w16_eta4_a1_b20_Bt50_Bm50_Cb5_Cbl4_Co6",
  "best_score": 0.02575218863785267,
  "best": [
    256,
    64,
    278681,
    439526,
    16,
    4
  ],
  "Bmin": 278681,
  "B2": 439526,
  "W": 256,
  "mu": 64,
  "w": 16,
  "eta": 4,
  "alpha": 0.001,
  "beta": 0.2,
  "Btime": 1125899906842624,
  "Bmemory": 1125899906842624,
  "Cbase": 32,
  "Cblock": 16,
  "Coracle": 64,
  "timestamp": 1763851332.4501646
}