{
  "status": "OK",
  "group_id": "W256_mu8_w4_eta16_a1_b5_Bt30_Bm30_Cb5_Cbl4_Co6",
  "best_score": 0.004513570573180914,
  "best": [
    256,
    8,
    64814,
    497480,
    4,
    16
  ],
  "Bmin": 64814,
  "B2": 497480,
  "W": 256,
  "mu": 8,
  "w": 4,
  "eta": 16,
  "alpha": 0.001,
  "beta": 0.05,
  "Btime": 1073741824,
  "Bmemory": 1073741824,
  "Cbase": 32,
  "Cblock": 16,
  "Coracle": 64,
  "timestamp": 1762987921.269012
}