{
  "status": "OK",
  "group_id": "W256_mu16_w16_eta2_a1_b10_Bt30_Bm30_Cb5_Cbl4_Co6",
  "best_score": 0.016844026744365692,
  "best": [
    256,
    16,
    133907,
    225971,
    16,
    2
  ],
  "Bmin": 133907,
  "B2": 225971,
  "W": 256,
  "mu": 16,
  "w": 16,
  "eta": 2,
  "alpha": 0.001,
  "beta": 0.1,
  "Btime": 1073741824,
  "Bmemory": 1073741824,
  "Cbase": 32,
  "Cblock": 16,
  "Coracle": 64,
  "timestamp": 1763001190.522788
}