{
  "status": "OK",
  "group_id": "W256_mu32_w4_eta2_a1_b3_Bt30_Bm50_Cb5_Cbl4_Co6",
  "best_score": 0.17368477582931519,
  "best": [
    256,
    32,
    39767,
    144933,
    4,
    2
  ],
  "Bmin": 39767,
  "B2": 144933,
  "W": 256,
  "mu": 32,
  "w": 4,
  "eta": 2,
  "alpha": 0.001,
  "beta": 0.03,
  "Btime": 1073741824,
  "Bmemory": 1125899906842624,
  "Cbase": 32,
  "Cblock": 16,
  "Coracle": 64,
  "timestamp": 1763279455.7801497
}