{
  "status": "OK",
  "group_id": "W256_mu32_w16_eta8_a1_b10_Bt30_Bm30_Cb5_Cbl4_Co6",
  "best_score": 0.013048479333519936,
  "best": [
    256,
    32,
    133907,
    225970,
    16,
    8
  ],
  "Bmin": 133907,
  "B2": 225970,
  "W": 256,
  "mu": 32,
  "w": 16,
  "eta": 8,
  "alpha": 0.001,
  "beta": 0.1,
  "Btime": 1073741824,
  "Bmemory": 1073741824,
  "Cbase": 32,
  "Cblock": 16,
  "Coracle": 64,
  "timestamp": 1763005040.315558
}