{
  "status": "OK",
  "group_id": "W256_mu32_w16_eta2_a1_b25_Bt50_Bm50_Cb5_Cbl4_Co6",
  "best_score": 0.001945618772879243,
  "best": [
    256,
    32,
    360849,
    527084,
    16,
    2
  ],
  "Bmin": 360849,
  "B2": 527084,
  "W": 256,
  "mu": 32,
  "w": 16,
  "eta": 2,
  "alpha": 0.001,
  "beta": 0.25,
  "Btime": 1125899906842624,
  "Bmemory": 1125899906842624,
  "Cbase": 32,
  "Cblock": 16,
  "Coracle": 64,
  "timestamp": 1763843668.7608788
}