{
  "status": "OK",
  "group_id": "W256_mu8_w8_eta16_a1_b15_Bt30_Bm50_Cb5_Cbl4_Co6",
  "best_score": 0.003124757669866085,
  "best": [
    256,
    8,
    206924,
    301729,
    8,
    16
  ],
  "Bmin": 206924,
  "B2": 301729,
  "W": 256,
  "mu": 8,
  "w": 8,
  "eta": 16,
  "alpha": 0.001,
  "beta": 0.15,
  "Btime": 1073741824,
  "Bmemory": 1125899906842624,
  "Cbase": 32,
  "Cblock": 16,
  "Coracle": 64,
  "timestamp": 1763321598.118317
}