{
  "status": "OK",
  "group_id": "W256_mu32_w8_eta4_a1_b10_Bt50_Bm50_Cb5_Cbl4_Co6",
  "best_score": 0.01959235779941082,
  "best": [
    256,
    32,
    133907,
    502161,
    8,
    4
  ],
  "Bmin": 133907,
  "B2": 502161,
  "W": 256,
  "mu": 32,
  "w": 8,
  "eta": 4,
  "alpha": 0.001,
  "beta": 0.1,
  "Btime": 1125899906842624,
  "Bmemory": 1125899906842624,
  "Cbase": 32,
  "Cblock": 16,
  "Coracle": 64,
  "timestamp": 1763825180.8341227
}