{
  "status": "OK",
  "group_id": "W256_mu32_w16_eta8_a1_b5_Bt50_Bm50_Cb5_Cbl4_Co6",
  "best_score": 0.01834758371114731,
  "best": [
    256,
    32,
    64815,
    193274,
    16,
    8
  ],
  "Bmin": 64815,
  "B2": 193274,
  "W": 256,
  "mu": 32,
  "w": 16,
  "eta": 8,
  "alpha": 0.001,
  "beta": 0.05,
  "Btime": 1125899906842624,
  "Bmemory": 1125899906842624,
  "Cbase": 32,
  "Cblock": 16,
  "Coracle": 64,
  "timestamp": 1763852080.8292646
}