{
  "status": "OK",
  "group_id": "W256_mu4_w4_eta8_a1_b25_Bt50_Bm30_Cb5_Cbl4_Co6",
  "best_score": 9.293876064475626e-05,
  "best": [
    256,
    4,
    360849,
    576367,
    4,
    8
  ],
  "Bmin": 360849,
  "B2": 576367,
  "W": 256,
  "mu": 4,
  "w": 4,
  "eta": 8,
  "alpha": 0.001,
  "beta": 0.25,
  "Btime": 1125899906842624,
  "Bmemory": 1073741824,
  "Cbase": 32,
  "Cblock": 16,
  "Coracle": 64,
  "timestamp": 1763777018.3276553
}