{
  "status": "OK",
  "group_id": "W256_mu32_w16_eta4_a1_b5_Bt50_Bm30_Cb5_Cbl4_Co6",
  "best_score": 0.0209793783724308,
  "best": [
    256,
    32,
    64814,
    321734,
    16,
    4
  ],
  "Bmin": 64814,
  "B2": 321734,
  "W": 256,
  "mu": 32,
  "w": 16,
  "eta": 4,
  "alpha": 0.001,
  "beta": 0.05,
  "Btime": 1125899906842624,
  "Bmemory": 1073741824,
  "Cbase": 32,
  "Cblock": 16,
  "Coracle": 64,
  "timestamp": 1763848924.1402462
}