{
  "status": "OK",
  "group_id": "W256_mu64_w4_eta4_a1_b10_Bt50_Bm30_Cb5_Cbl4_Co6",
  "best_score": 0.040228284895420074,
  "best": [
    256,
    64,
    133909,
    341051,
    4,
    4
  ],
  "Bmin": 133909,
  "B2": 341051,
  "W": 256,
  "mu": 64,
  "w": 4,
  "eta": 4,
  "alpha": 0.001,
  "beta": 0.1,
  "Btime": 1125899906842624,
  "Bmemory": 1073741824,
  "Cbase": 32,
  "Cblock": 16,
  "Coracle": 64,
  "timestamp": 1763769581.2150035
}