{
  "status": "OK",
  "group_id": "W256_mu64_w8_eta2_a1_b10_Bt30_Bm50_Cb5_Cbl4_Co6",
  "best_score": 0.05888693407177925,
  "best": [
    256,
    64,
    133909,
    202957,
    8,
    2
  ],
  "Bmin": 133909,
  "B2": 202957,
  "W": 256,
  "mu": 64,
  "w": 8,
  "eta": 2,
  "alpha": 0.001,
  "beta": 0.1,
  "Btime": 1073741824,
  "Bmemory": 1125899906842624,
  "Cbase": 32,
  "Cblock": 16,
  "Coracle": 64,
  "timestamp": 1763314771.5629506
}