{
  "status": "OK",
  "group_id": "W256_mu2_w8_eta16_a1_b10_Bt50_Bm30_Cb5_Cbl4_Co6",
  "best_score": 0.0041084387339651585,
  "best": [
    256,
    2,
    133907,
    179938,
    8,
    16
  ],
  "Bmin": 133907,
  "B2": 179938,
  "W": 256,
  "mu": 2,
  "w": 8,
  "eta": 16,
  "alpha": 0.001,
  "beta": 0.1,
  "Btime": 1125899906842624,
  "Bmemory": 1073741824,
  "Cbase": 32,
  "Cblock": 16,
  "Coracle": 64,
  "timestamp": 1763838299.6206083
}