{
  "status": "OK",
  "group_id": "W256_mu8_w4_eta16_a1_b10_Bt30_Bm30_Cb5_Cbl4_Co6",
  "best_score": 0.0032247777562588453,
  "best": [
    256,
    8,
    133907,
    565067,
    4,
    16
  ],
  "Bmin": 133907,
  "B2": 565067,
  "W": 256,
  "mu": 8,
  "w": 4,
  "eta": 16,
  "alpha": 0.001,
  "beta": 0.1,
  "Btime": 1073741824,
  "Bmemory": 1073741824,
  "Cbase": 32,
  "Cblock": 16,
  "Coracle": 64,
  "timestamp": 1762987960.3919115
}