{
  "status": "OK",
  "group_id": "W256_mu4_w4_eta2_a1_b3_Bt30_Bm30_Cb5_Cbl4_Co6",
  "best_score": 0.04349449649453163,
  "best": [
    256,
    4,
    39767,
    179990,
    4,
    2
  ],
  "Bmin": 39767,
  "B2": 179990,
  "W": 256,
  "mu": 4,
  "w": 4,
  "eta": 2,
  "alpha": 0.001,
  "beta": 0.03,
  "Btime": 1073741824,
  "Bmemory": 1073741824,
  "Cbase": 32,
  "Cblock": 16,
  "Coracle": 64,
  "timestamp": 1762925204.8327203
}