{
  "status": "OK",
  "group_id": "W256_mu16_w4_eta4_a1_b15_Bt30_Bm30_Cb5_Cbl4_Co6",
  "best_score": 0.0019145364640280604,
  "best": [
    256,
    16,
    206925,
    320691,
    4,
    4
  ],
  "Bmin": 206925,
  "B2": 320691,
  "W": 256,
  "mu": 16,
  "w": 4,
  "eta": 4,
  "alpha": 0.001,
  "beta": 0.15,
  "Btime": 1073741824,
  "Bmemory": 1073741824,
  "Cbase": 32,
  "Cblock": 16,
  "Coracle": 64,
  "timestamp": 1762976265.6326537
}