{
  "status": "OK",
  "group_id": "W256_mu32_w4_eta2_a1_b5_Bt50_Bm50_Cb5_Cbl4_Co6",
  "best_score": 0.08334827423095703,
  "best": [
    256,
    32,
    64815,
    304394,
    4,
    2
  ],
  "Bmin": 64815,
  "B2": 304394,
  "W": 256,
  "mu": 32,
  "w": 4,
  "eta": 2,
  "alpha": 0.001,
  "beta": 0.05,
  "Btime": 1125899906842624,
  "Bmemory": 1125899906842624,
  "Cbase": 32,
  "Cblock": 16,
  "Coracle": 64,
  "timestamp": 1763705756.3532646
}