{
  "status": "OK",
  "group_id": "W256_mu32_w4_eta2_a1_b25_Bt30_Bm50_Cb5_Cbl4_Co6",
  "best_score": 0.0010846349177882075,
  "best": [
    256,
    32,
    360844,
    402403,
    4,
    2
  ],
  "Bmin": 360844,
  "B2": 402403,
  "W": 256,
  "mu": 32,
  "w": 4,
  "eta": 2,
  "alpha": 0.001,
  "beta": 0.25,
  "Btime": 1073741824,
  "Bmemory": 1125899906842624,
  "Cbase": 32,
  "Cblock": 16,
  "Coracle": 64,
  "timestamp": 1763284584.5906436
}