{
  "status": "OK",
  "group_id": "W256_mu32_w4_eta4_a1_b10_Bt50_Bm30_Cb5_Cbl4_Co6",
  "best_score": 0.013891322538256645,
  "best": [
    256,
    32,
    133909,
    387083,
    4,
    4
  ],
  "Bmin": 133909,
  "B2": 387083,
  "W": 256,
  "mu": 32,
  "w": 4,
  "eta": 4,
  "alpha": 0.001,
  "beta": 0.1,
  "Btime": 1125899906842624,
  "Bmemory": 1073741824,
  "Cbase": 32,
  "Cblock": 16,
  "Coracle": 64,
  "timestamp": 1763760591.675665
}