{
  "status": "OK",
  "group_id": "W256_mu32_w8_eta2_a1_b10_Bt50_Bm30_Cb5_Cbl4_Co6",
  "best_score": 0.028683029115200043,
  "best": [
    256,
    32,
    133909,
    341051,
    8,
    2
  ],
  "Bmin": 133909,
  "B2": 341051,
  "W": 256,
  "mu": 32,
  "w": 8,
  "eta": 2,
  "alpha": 0.001,
  "beta": 0.1,
  "Btime": 1125899906842624,
  "Bmemory": 1073741824,
  "Cbase": 32,
  "Cblock": 16,
  "Coracle": 64,
  "timestamp": 1763806887.7146358
}