{
  "status": "OK",
  "group_id": "W256_mu4_w4_eta2_a1_b10_Bt30_Bm30_Cb5_Cbl4_Co6",
  "best_score": 0.0027027735486626625,
  "best": [
    256,
    4,
    133904,
    225968,
    4,
    2
  ],
  "Bmin": 133904,
  "B2": 225968,
  "W": 256,
  "mu": 4,
  "w": 4,
  "eta": 2,
  "alpha": 0.001,
  "beta": 0.1,
  "Btime": 1073741824,
  "Bmemory": 1073741824,
  "Cbase": 32,
  "Cblock": 16,
  "Coracle": 64,
  "timestamp": 1762925458.6385303
}