{
  "status": "OK",
  "group_id": "W256_mu8_w4_eta2_a1_b10_Bt50_Bm50_Cb5_Cbl4_Co6",
  "best_score": 0.003851174144074321,
  "best": [
    256,
    8,
    133904,
    364063,
    4,
    2
  ],
  "Bmin": 133904,
  "B2": 364063,
  "W": 256,
  "mu": 8,
  "w": 4,
  "eta": 2,
  "alpha": 0.001,
  "beta": 0.1,
  "Btime": 1125899906842624,
  "Bmemory": 1125899906842624,
  "Cbase": 32,
  "Cblock": 16,
  "Coracle": 64,
  "timestamp": 1763689455.6237934
}