{
  "status": "OK",
  "group_id": "W256_mu8_w16_eta8_a1_b25_Bt50_Bm50_Cb5_Cbl4_Co6",
  "best_score": 0.00026680936571210623,
  "best": [
    256,
    8,
    360849,
    388555,
    16,
    8
  ],
  "Bmin": 360849,
  "B2": 388555,
  "W": 256,
  "mu": 8,
  "w": 16,
  "eta": 8,
  "alpha": 0.001,
  "beta": 0.25,
  "Btime": 1125899906842624,
  "Bmemory": 1125899906842624,
  "Cbase": 32,
  "Cblock": 16,
  "Coracle": 64,
  "timestamp": 1763851842.2030885
}