{
  "status": "OK",
  "group_id": "W256_mu32_w4_eta8_a1_b20_Bt50_Bm50_Cb5_Cbl4_Co6",
  "best_score": 0.0033241300843656063,
  "best": [
    256,
    32,
    278682,
    734061,
    4,
    8
  ],
  "Bmin": 278682,
  "B2": 734061,
  "W": 256,
  "mu": 32,
  "w": 4,
  "eta": 8,
  "alpha": 0.001,
  "beta": 0.2,
  "Btime": 1125899906842624,
  "Bmemory": 1125899906842624,
  "Cbase": 32,
  "Cblock": 16,
  "Coracle": 64,
  "timestamp": 1763789679.756705
}