{
  "status": "OK",
  "group_id": "W256_mu64_w4_eta4_a1_b10_Bt30_Bm50_Cb5_Cbl4_Co6",
  "best_score": 0.039149023592472076,
  "best": [
    256,
    64,
    133909,
    202957,
    4,
    4
  ],
  "Bmin": 133909,
  "B2": 202957,
  "W": 256,
  "mu": 64,
  "w": 4,
  "eta": 4,
  "alpha": 0.001,
  "beta": 0.1,
  "Btime": 1073741824,
  "Bmemory": 1125899906842624,
  "Cbase": 32,
  "Cblock": 16,
  "Coracle": 64,
  "timestamp": 1763303401.3828702
}