{
  "status": "OK",
  "group_id": "W256_mu64_w16_eta2_a1_b20_Bt50_Bm30_Cb5_Cbl4_Co6",
  "best_score": 0.026341332122683525,
  "best": [
    256,
    64,
    278682,
    439525,
    16,
    2
  ],
  "Bmin": 278682,
  "B2": 439525,
  "W": 256,
  "mu": 64,
  "w": 16,
  "eta": 2,
  "alpha": 0.001,
  "beta": 0.2,
  "Btime": 1125899906842624,
  "Bmemory": 1073741824,
  "Cbase": 32,
  "Cblock": 16,
  "Coracle": 64,
  "timestamp": 1763846814.2709625
}