{
  "status": "OK",
  "group_id": "W256_mu64_w16_eta8_a1_b5_Bt30_Bm50_Cb5_Cbl4_Co6",
  "best_score": 0.019003696739673615,
  "best": [
    256,
    64,
    64815,
    253169,
    16,
    8
  ],
  "Bmin": 64815,
  "B2": 253169,
  "W": 256,
  "mu": 64,
  "w": 16,
  "eta": 8,
  "alpha": 0.001,
  "beta": 0.05,
  "Btime": 1073741824,
  "Bmemory": 1125899906842624,
  "Cbase": 32,
  "Cblock": 16,
  "Coracle": 64,
  "timestamp": 1763326082.417688
}