{
  "status": "OK",
  "group_id": "W256_mu8_w4_eta2_a1_b5_Bt30_Bm50_Cb5_Cbl4_Co6",
  "best_score": 0.020622175186872482,
  "best": [
    256,
    8,
    64815,
    184605,
    4,
    2
  ],
  "Bmin": 64815,
  "B2": 184605,
  "W": 256,
  "mu": 8,
  "w": 4,
  "eta": 2,
  "alpha": 0.001,
  "beta": 0.05,
  "Btime": 1073741824,
  "Bmemory": 1125899906842624,
  "Cbase": 32,
  "Cblock": 16,
  "Coracle": 64,
  "timestamp": 1763273909.5423093
}