{
  "status": "OK",
  "group_id": "W256_mu2_w16_eta4_a1_b25_Bt50_Bm50_Cb5_Cbl4_Co6",
  "best_score": 0.00014492814079858363,
  "best": [
    256,
    2,
    360849,
    416261,
    16,
    4
  ],
  "Bmin": 360849,
  "B2": 416261,
  "W": 256,
  "mu": 2,
  "w": 16,
  "eta": 4,
  "alpha": 0.001,
  "beta": 0.25,
  "Btime": 1125899906842624,
  "Bmemory": 1125899906842624,
  "Cbase": 32,
  "Cblock": 16,
  "Coracle": 64,
  "timestamp": 1763847925.2254858
}