{
  "status": "OK",
  "group_id": "W256_mu2_w4_eta16_a1_b10_Bt50_Bm50_Cb5_Cbl4_Co6",
  "best_score": 0.0023544183932244778,
  "best": [
    256,
    2,
    133907,
    315987,
    4,
    16
  ],
  "Bmin": 133907,
  "B2": 315987,
  "W": 256,
  "mu": 2,
  "w": 4,
  "eta": 16,
  "alpha": 0.001,
  "beta": 0.1,
  "Btime": 1125899906842624,
  "Bmemory": 1125899906842624,
  "Cbase": 32,
  "Cblock": 16,
  "Coracle": 64,
  "timestamp": 1763798060.3285472
}