{
  "status": "OK",
  "group_id": "W256_mu4_w8_eta2_a1_b20_Bt50_Bm30_Cb5_Cbl4_Co6",
  "best_score": 0.0004377022560220212,
  "best": [
    256,
    4,
    278680,
    536035,
    8,
    2
  ],
  "Bmin": 278680,
  "B2": 536035,
  "W": 256,
  "mu": 4,
  "w": 8,
  "eta": 2,
  "alpha": 0.001,
  "beta": 0.2,
  "Btime": 1125899906842624,
  "Bmemory": 1073741824,
  "Cbase": 32,
  "Cblock": 16,
  "Coracle": 64,
  "timestamp": 1763800390.1325278
}