{
  "status": "OK",
  "group_id": "W256_mu32_w8_eta4_a1_b25_Bt50_Bm30_Cb5_Cbl4_Co6",
  "best_score": 0.0016000650357455015,
  "best": [
    256,
    32,
    360849,
    634843,
    8,
    4
  ],
  "Bmin": 360849,
  "B2": 634843,
  "W": 256,
  "mu": 32,
  "w": 8,
  "eta": 4,
  "alpha": 0.001,
  "beta": 0.25,
  "Btime": 1125899906842624,
  "Bmemory": 1073741824,
  "Cbase": 32,
  "Cblock": 16,
  "Coracle": 64,
  "timestamp": 1763826493.5245917
}