{
  "status": "OK",
  "group_id": "W256_mu16_w4_eta8_a1_b10_Bt50_Bm30_Cb5_Cbl4_Co6",
  "best_score": 0.007965081371366978,
  "best": [
    256,
    16,
    133907,
    1680560,
    4,
    8
  ],
  "Bmin": 133907,
  "B2": 1680560,
  "W": 256,
  "mu": 16,
  "w": 4,
  "eta": 8,
  "alpha": 0.001,
  "beta": 0.1,
  "Btime": 1125899906842624,
  "Bmemory": 1073741824,
  "Cbase": 32,
  "Cblock": 16,
  "Coracle": 64,
  "timestamp": 1763781471.893316
}