{
  "status": "OK",
  "group_id": "W256_mu16_w4_eta8_a1_b20_Bt50_Bm30_Cb5_Cbl4_Co6",
  "best_score": 0.0010892790742218494,
  "best": [
    256,
    16,
    278682,
    1199476,
    4,
    8
  ],
  "Bmin": 278682,
  "B2": 1199476,
  "W": 256,
  "mu": 16,
  "w": 4,
  "eta": 8,
  "alpha": 0.001,
  "beta": 0.2,
  "Btime": 1125899906842624,
  "Bmemory": 1073741824,
  "Cbase": 32,
  "Cblock": 16,
  "Coracle": 64,
  "timestamp": 1763783475.0523112
}