{
  "status": "OK",
  "group_id": "W256_mu4_w8_eta8_a1_b5_Bt30_Bm30_Cb5_Cbl4_Co6",
  "best_score": 0.012035910971462727,
  "best": [
    256,
    4,
    64814,
    214552,
    8,
    8
  ],
  "Bmin": 64814,
  "B2": 214552,
  "W": 256,
  "mu": 4,
  "w": 8,
  "eta": 8,
  "alpha": 0.001,
  "beta": 0.05,
  "Btime": 1073741824,
  "Bmemory": 1073741824,
  "Cbase": 32,
  "Cblock": 16,
  "Coracle": 64,
  "timestamp": 1762998681.6510973
}