{
  "status": "OK",
  "group_id": "W256_mu32_w4_eta4_a1_b20_Bt50_Bm50_Cb5_Cbl4_Co6",
  "best_score": 0.0027320904191583395,
  "best": [
    256,
    32,
    278680,
    455612,
    4,
    4
  ],
  "Bmin": 278680,
  "B2": 455612,
  "W": 256,
  "mu": 32,
  "w": 4,
  "eta": 4,
  "alpha": 0.001,
  "beta": 0.2,
  "Btime": 1125899906842624,
  "Bmemory": 1125899906842624,
  "Cbase": 32,
  "Cblock": 16,
  "Coracle": 64,
  "timestamp": 1763763285.8341854
}