{
  "status": "OK",
  "group_id": "W256_mu2_w8_eta8_a1_b20_Bt50_Bm50_Cb5_Cbl4_Co6",
  "best_score": 0.00042415206553414464,
  "best": [
    256,
    2,
    278681,
    343020,
    8,
    8
  ],
  "Bmin": 278681,
  "B2": 343020,
  "W": 256,
  "mu": 2,
  "w": 8,
  "eta": 8,
  "alpha": 0.001,
  "beta": 0.2,
  "Btime": 1125899906842624,
  "Bmemory": 1125899906842624,
  "Cbase": 32,
  "Cblock": 16,
  "Coracle": 64,
  "timestamp": 1763832657.3609107
}