{
  "status": "OK",
  "group_id": "W256_mu64_w8_eta8_a1_b10_Bt30_Bm30_Cb5_Cbl4_Co6",
  "best_score": 0.020609857514500618,
  "best": [
    256,
    64,
    133907,
    317010,
    8,
    8
  ],
  "Bmin": 133907,
  "B2": 317010,
  "W": 256,
  "mu": 64,
  "w": 8,
  "eta": 8,
  "alpha": 0.001,
  "beta": 0.1,
  "Btime": 1073741824,
  "Bmemory": 1073741824,
  "Cbase": 32,
  "Cblock": 16,
  "Coracle": 64,
  "timestamp": 1763000026.4971223
}