{
  "status": "OK",
  "group_id": "W256_mu16_w8_eta8_a1_b25_Bt30_Bm50_Cb5_Cbl4_Co6",
  "best_score": 0.0003753331839106977,
  "best": [
    256,
    16,
    360849,
    524020,
    8,
    8
  ],
  "Bmin": 360849,
  "B2": 524020,
  "W": 256,
  "mu": 16,
  "w": 8,
  "eta": 8,
  "alpha": 0.001,
  "beta": 0.25,
  "Btime": 1073741824,
  "Bmemory": 1125899906842624,
  "Cbase": 32,
  "Cblock": 16,
  "Coracle": 64,
  "timestamp": 1763320273.0973732
}