{
  "status": "OK",
  "group_id": "W256_mu2_w8_eta4_a1_b10_Bt30_Bm50_Cb5_Cbl4_Co6",
  "best_score": 0.004339776933193207,
  "best": [
    256,
    2,
    133907,
    318034,
    8,
    4
  ],
  "Bmin": 133907,
  "B2": 318034,
  "W": 256,
  "mu": 2,
  "w": 8,
  "eta": 4,
  "alpha": 0.001,
  "beta": 0.1,
  "Btime": 1073741824,
  "Bmemory": 1125899906842624,
  "Cbase": 32,
  "Cblock": 16,
  "Coracle": 64,
  "timestamp": 1763316856.5343451
}