{
  "status": "OK",
  "group_id": "W256_mu64_w4_eta8_a1_b15_Bt50_Bm30_Cb5_Cbl4_Co6",
  "best_score": 0.03510875254869461,
  "best": [
    256,
    64,
    206924,
    647382,
    4,
    8
  ],
  "Bmin": 206924,
  "B2": 647382,
  "W": 256,
  "mu": 64,
  "w": 4,
  "eta": 8,
  "alpha": 0.001,
  "beta": 0.15,
  "Btime": 1125899906842624,
  "Bmemory": 1073741824,
  "Cbase": 32,
  "Cblock": 16,
  "Coracle": 64,
  "timestamp": 1763795314.7612326
}