{
  "status": "OK",
  "group_id": "W256_mu4_w8_eta8_a1_b20_Bt30_Bm30_Cb5_Cbl4_Co6",
  "best_score": 0.0005023482372052968,
  "best": [
    256,
    4,
    278681,
    343020,
    8,
    8
  ],
  "Bmin": 278681,
  "B2": 343020,
  "W": 256,
  "mu": 4,
  "w": 8,
  "eta": 8,
  "alpha": 0.001,
  "beta": 0.2,
  "Btime": 1073741824,
  "Bmemory": 1073741824,
  "Cbase": 32,
  "Cblock": 16,
  "Coracle": 64,
  "timestamp": 1762998704.576435
}