{
  "status": "OK",
  "group_id": "W256_mu64_w8_eta8_a1_b15_Bt50_Bm30_Cb5_Cbl4_Co6",
  "best_score": 0.02611088566482067,
  "best": [
    256,
    64,
    206924,
    714836,
    8,
    8
  ],
  "Bmin": 206924,
  "B2": 714836,
  "W": 256,
  "mu": 64,
  "w": 8,
  "eta": 8,
  "alpha": 0.001,
  "beta": 0.15,
  "Btime": 1125899906842624,
  "Bmemory": 1073741824,
  "Cbase": 32,
  "Cblock": 16,
  "Coracle": 64,
  "timestamp": 1763836969.2463765
}