{
  "status": "OK",
  "group_id": "W256_mu16_w4_eta4_a1_b15_Bt50_Bm30_Cb5_Cbl4_Co6",
  "best_score": 0.002140195108950138,
  "best": [
    256,
    16,
    206925,
    598893,
    4,
    4
  ],
  "Bmin": 206925,
  "B2": 598893,
  "W": 256,
  "mu": 16,
  "w": 4,
  "eta": 4,
  "alpha": 0.001,
  "beta": 0.15,
  "Btime": 1125899906842624,
  "Bmemory": 1073741824,
  "Cbase": 32,
  "Cblock": 16,
  "Coracle": 64,
  "timestamp": 1763755929.0330212
}