{
  "status": "OK",
  "group_id": "W256_mu4_w4_eta4_a1_b15_Bt50_Bm50_Cb5_Cbl4_Co6",
  "best_score": 0.001068362733349204,
  "best": [
    256,
    4,
    206925,
    893878,
    4,
    4
  ],
  "Bmin": 206925,
  "B2": 893878,
  "W": 256,
  "mu": 4,
  "w": 4,
  "eta": 4,
  "alpha": 0.001,
  "beta": 0.15,
  "Btime": 1125899906842624,
  "Bmemory": 1125899906842624,
  "Cbase": 32,
  "Cblock": 16,
  "Coracle": 64,
  "timestamp": 1763750345.9853854
}