{
  "status": "OK",
  "group_id": "W256_mu2_w8_eta32_a1_b3_Bt50_Bm50_Cb5_Cbl4_Co6",
  "best_score": 0.0022257415112107992,
  "best": [
    256,
    2,
    39763,
    74818,
    8,
    32
  ],
  "Bmin": 39763,
  "B2": 74818,
  "W": 256,
  "mu": 2,
  "w": 8,
  "eta": 32,
  "alpha": 0.001,
  "beta": 0.03,
  "Btime": 1125899906842624,
  "Bmemory": 1125899906842624,
  "Cbase": 32,
  "Cblock": 16,
  "Coracle": 64,
  "timestamp": 1763838434.6189854
}