{
  "status": "OK",
  "group_id": "W256_mu16_w8_eta4_a1_b3_Bt50_Bm50_Cb5_Cbl4_Co6",
  "best_score": 0.05697214603424072,
  "best": [
    256,
    16,
    39763,
    769238,
    8,
    4
  ],
  "Bmin": 39763,
  "B2": 769238,
  "W": 256,
  "mu": 16,
  "w": 8,
  "eta": 4,
  "alpha": 0.001,
  "beta": 0.03,
  "Btime": 1125899906842624,
  "Bmemory": 1125899906842624,
  "Cbase": 32,
  "Cblock": 16,
  "Coracle": 64,
  "timestamp": 1763821838.655319
}