{
  "status": "OK",
  "group_id": "W256_mu16_w16_eta4_a1_b10_Bt30_Bm50_Cb5_Cbl4_Co6",
  "best_score": 0.01401979848742485,
  "best": [
    256,
    16,
    133907,
    318034,
    16,
    4
  ],
  "Bmin": 133907,
  "B2": 318034,
  "W": 256,
  "mu": 16,
  "w": 16,
  "eta": 4,
  "alpha": 0.001,
  "beta": 0.1,
  "Btime": 1073741824,
  "Bmemory": 1125899906842624,
  "Cbase": 32,
  "Cblock": 16,
  "Coracle": 64,
  "timestamp": 1763324576.3206935
}