{
  "status": "OK",
  "group_id": "W256_mu16_w4_eta8_a1_b25_Bt50_Bm30_Cb5_Cbl4_Co6",
  "best_score": 0.00026606154278852046,
  "best": [
    256,
    16,
    360849,
    1327621,
    4,
    8
  ],
  "Bmin": 360849,
  "B2": 1327621,
  "W": 256,
  "mu": 16,
  "w": 4,
  "eta": 8,
  "alpha": 0.001,
  "beta": 0.25,
  "Btime": 1125899906842624,
  "Bmemory": 1073741824,
  "Cbase": 32,
  "Cblock": 16,
  "Coracle": 64,
  "timestamp": 1763784171.6067019
}