{
  "status": "OK",
  "group_id": "W256_mu2_w8_eta2_a1_b25_Bt50_Bm30_Cb5_Cbl4_Co6",
  "best_score": 8.832743333186954e-05,
  "best": [
    256,
    2,
    360849,
    582493,
    8,
    2
  ],
  "Bmin": 360849,
  "B2": 582493,
  "W": 256,
  "mu": 2,
  "w": 8,
  "eta": 2,
  "alpha": 0.001,
  "beta": 0.25,
  "Btime": 1125899906842624,
  "Bmemory": 1073741824,
  "Cbase": 32,
  "Cblock": 16,
  "Coracle": 64,
  "timestamp": 1763799388.298693
}