{
  "status": "OK",
  "group_id": "W256_mu32_w8_eta8_a1_b5_Bt50_Bm30_Cb5_Cbl4_Co6",
  "best_score": 0.01525912992656231,
  "best": [
    256,
    32,
    64814,
    480139,
    8,
    8
  ],
  "Bmin": 64814,
  "B2": 480139,
  "W": 256,
  "mu": 32,
  "w": 8,
  "eta": 8,
  "alpha": 0.001,
  "beta": 0.05,
  "Btime": 1125899906842624,
  "Bmemory": 1073741824,
  "Cbase": 32,
  "Cblock": 16,
  "Coracle": 64,
  "timestamp": 1763833903.8713179
}