{
  "status": "OK",
  "group_id": "W256_mu8_w4_eta4_a1_b15_Bt30_Bm50_Cb5_Cbl4_Co6",
  "best_score": 0.0011093064676970243,
  "best": [
    256,
    8,
    206925,
    320692,
    4,
    4
  ],
  "Bmin": 206925,
  "B2": 320692,
  "W": 256,
  "mu": 8,
  "w": 4,
  "eta": 4,
  "alpha": 0.001,
  "beta": 0.15,
  "Btime": 1073741824,
  "Bmemory": 1125899906842624,
  "Cbase": 32,
  "Cblock": 16,
  "Coracle": 64,
  "timestamp": 1763297925.2926788
}