{
  "status": "OK",
  "group_id": "W256_mu8_w4_eta8_a1_b20_Bt30_Bm30_Cb5_Cbl4_Co6",
  "best_score": 0.00048134036478586495,
  "best": [
    256,
    8,
    278682,
    439526,
    4,
    8
  ],
  "Bmin": 278682,
  "B2": 439526,
  "W": 256,
  "mu": 8,
  "w": 4,
  "eta": 8,
  "alpha": 0.001,
  "beta": 0.2,
  "Btime": 1073741824,
  "Bmemory": 1073741824,
  "Cbase": 32,
  "Cblock": 16,
  "Coracle": 64,
  "timestamp": 1762984242.513812
}