{
  "status": "OK",
  "group_id": "W256_mu2_w4_eta8_a1_b25_Bt30_Bm30_Cb5_Cbl4_Co6",
  "best_score": 7.750122313154861e-05,
  "best": [
    256,
    2,
    360849,
    524019,
    4,
    8
  ],
  "Bmin": 360849,
  "B2": 524019,
  "W": 256,
  "mu": 2,
  "w": 4,
  "eta": 8,
  "alpha": 0.001,
  "beta": 0.25,
  "Btime": 1073741824,
  "Bmemory": 1073741824,
  "Cbase": 32,
  "Cblock": 16,
  "Coracle": 64,
  "timestamp": 1762983684.6671305
}