{
  "status": "OK",
  "group_id": "W256_mu4_w16_eta8_a1_b10_Bt30_Bm30_Cb5_Cbl4_Co6",
  "best_score": 0.00732762273401022,
  "best": [
    256,
    4,
    133907,
    179938,
    16,
    8
  ],
  "Bmin": 133907,
  "B2": 179938,
  "W": 256,
  "mu": 4,
  "w": 16,
  "eta": 8,
  "alpha": 0.001,
  "beta": 0.1,
  "Btime": 1073741824,
  "Bmemory": 1073741824,
  "Cbase": 32,
  "Cblock": 16,
  "Coracle": 64,
  "timestamp": 1763004845.2745137
}