{
  "status": "OK",
  "group_id": "W256_mu4_w16_eta4_a1_b20_Bt30_Bm50_Cb5_Cbl4_Co6",
  "best_score": 0.0007893215515650809,
  "best": [
    256,
    4,
    278681,
    343020,
    16,
    4
  ],
  "Bmin": 278681,
  "B2": 343020,
  "W": 256,
  "mu": 4,
  "w": 16,
  "eta": 4,
  "alpha": 0.001,
  "beta": 0.2,
  "Btime": 1073741824,
  "Bmemory": 1125899906842624,
  "Cbase": 32,
  "Cblock": 16,
  "Coracle": 64,
  "timestamp": 1763324363.648853
}