W,mu,w,eta,alpha,beta,N,N_valid,excluded_seeds,exception_failures,valid_failures,errors,avg_time_sec,Bmin_avg,Bmax_avg,m_bins,edges_last,NE_bin_avg,C_bin_rate,NE_pref_avg,C_pref_rate,excluded_rate,exception_rate,valid_failure_rate,seed
128,8,4,4,0.001,0.05,100,15,85,0,0,0,0.003,32502,751037,16,"[30974, 80772, 130570, 180368, 230166, 279964, 329762, 379560, 429358, 479156, 528954, 578752, 628550, 678348, 728145, 777942, 827739]","[14.666666666666666, 455.1333333333333, 4105.6, 23374.4, 104630.13333333333, 341074.6, 839289.0666666667, 1701100.6666666667, 2520303.6666666665, 3399689.7333333334, 3232031.7333333334, 2388070.466666667, 1502796.3333333333, 544339.4666666667, 156621.53333333333, 19064.8]","[0.6667, 0.2, 0.1333, 0.0, 0.0, 0.0, 0.0, 0.0, 0.0, 0.0, 0.0, 0.0, 0.0, 0.0, 0.0, 0.0]","[14.666666666666666, 469.8, 4575.4, 27949.8, 132579.93333333332, 473654.5333333333, 1312943.6, 3014044.2666666666, 5534347.933333334, 8934037.666666666, 12166069.4, 14554139.866666667, 16056936.2, 16601275.666666666, 16757897.2, 16776962.0]","[0.6667, 0.8667, 1.0, 1.0, 1.0, 1.0, 1.0, 1.0, 1.0, 1.0, 1.0, 1.0, 1.0, 1.0, 1.0, 1.0]",0.85,0.0,0.0,42
