W,mu,w,eta,alpha,beta,N,N_valid,excluded_seeds,exception_failures,valid_failures,errors,avg_time_sec,Bmin_avg,Bmax_avg,m_bins,edges_last,NE_bin_avg,C_bin_rate,NE_pref_avg,C_pref_rate,excluded_rate,exception_rate,valid_failure_rate,seed
128,64,16,8,0.001,0.03,100,18,82,0,0,0,1.3683,20262,116597,8,"[19025, 27789, 36553, 45317, 54081, 62845, 71609, 80373, 89136]","[1.0, 0.0, 5.888888888888889, 1.2222222222222223, 1.2222222222222223, 27.055555555555557, 0.0, 1.1111111111111112]","[0.8889, 0.0, 0.0556, 0.0, 0.0, 0.0, 0.0, 0.0556]","[1.0, 1.0, 6.888888888888889, 8.11111111111111, 9.333333333333334, 36.388888888888886, 36.388888888888886, 37.5]","[0.8889, 0.8889, 0.9444, 0.9444, 0.9444, 0.9444, 0.9444, 1.0]",0.82,0.0,0.0,42
