W,mu,w,eta,alpha,beta,N,N_valid,excluded_seeds,exception_failures,valid_failures,errors,avg_time_sec,Bmin_avg,Bmax_avg,m_bins,edges_last,NE_bin_avg,C_bin_rate,NE_pref_avg,C_pref_rate,excluded_rate,exception_rate,valid_failure_rate,seed
128,32,8,8,0.001,0.05,100,11,89,0,0,0,0.0076,32754,239092,8,"[30974, 55602, 80230, 104858, 129486, 154114, 178742, 203370, 227998]","[0.0, 4.2727272727272725, 28.818181818181817, 81.63636363636364, 155.0909090909091, 223.9090909090909, 313.72727272727275, 94.72727272727273]","[0.8182, 0.0909, 0.0909, 0.0, 0.0, 0.0, 0.0, 0.0]","[0.0, 4.2727272727272725, 33.09090909090909, 114.72727272727273, 269.8181818181818, 493.72727272727275, 807.4545454545455, 902.1818181818181]","[0.8182, 0.9091, 1.0, 1.0, 1.0, 1.0, 1.0, 1.0]",0.89,0.0,0.0,42
