W,mu,w,eta,alpha,beta,N,N_valid,excluded_seeds,exception_failures,valid_failures,errors,avg_time_sec,Bmin_avg,Bmax_avg,m_bins,edges_last,NE_bin_avg,C_bin_rate,NE_pref_avg,C_pref_rate,excluded_rate,exception_rate,valid_failure_rate,seed
128,64,16,4,0.001,0.05,100,12,88,0,0,0,1.3648,32646,211279,8,"[30974, 53435, 75896, 98357, 120818, 143278, 165738, 188198, 210658]","[0.0, 7.916666666666667, 79.33333333333333, 408.0, 179.33333333333334, 1353.3333333333333, 1295.0, 286.5]","[0.75, 0.1667, 0.0833, 0.0, 0.0, 0.0, 0.0, 0.0]","[0.0, 7.916666666666667, 87.25, 495.25, 674.5833333333334, 2027.9166666666667, 3322.9166666666665, 3609.4166666666665]","[0.75, 0.9167, 1.0, 1.0, 1.0, 1.0, 1.0, 1.0]",0.88,0.0,0.0,42
