W,mu,w,eta,alpha,beta,N,N_valid,excluded_seeds,exception_failures,valid_failures,errors,avg_time_sec,Bmin_avg,Bmax_avg,m_bins,edges_last,NE_bin_avg,C_bin_rate,NE_pref_avg,C_pref_rate,excluded_rate,exception_rate,valid_failure_rate,seed
128,32,4,2,0.001,0.03,100,63,37,0,0,0,0.2254,20053,3831740,32,"[21594, 140844, 260093, 379342, 498591, 617840, 737089, 856338, 975587, 1094836, 1214085, 1333334, 1452583, 1571832, 1691081, 1810330, 1929579, 2048828, 2168077, 2287326, 2406575, 2525824, 2645073, 2764322, 2883571, 3002820, 3122069, 3241318, 3360567, 3479816, 3599065, 3718314, 3837563]","[22902.0, 49077242.92063492, 34090961663.38095, 5653668823485.477, 414359642434593.75, 1.920891735668325e+16, 4.9758835592413094e+17, 7.820094910529855e+18, 9.215506653054342e+19, 6.958997228117485e+20, 3.9931730957313e+21, 1.6138904724103145e+22, 4.688878747761097e+22, 1.0918189898429493e+23, 1.8760791386913175e+23, 2.448713048697432e+23, 2.348403742399947e+23, 1.8794187344515466e+23, 1.0884793940827202e+23, 4.694118446659507e+22, 1.6086507735119045e+22, 3.99541195744907e+21, 6.936608610939783e+20, 9.235335936860735e+19, 7.621802072465928e+18, 4.9763625959019366e+17, 1.9161013690620496e+16, 414373073708463.2, 5640237549616.096, 34091170978.349205, 48867943.41269841, 22917.539682539682]","[0.8889, 0.0952, 0.0159, 0.0, 0.0, 0.0, 0.0, 0.0, 0.0, 0.0, 0.0, 0.0, 0.0, 0.0, 0.0, 0.0, 0.0, 0.0, 0.0, 0.0, 0.0, 0.0, 0.0, 0.0, 0.0, 0.0, 0.0, 0.0, 0.0, 0.0, 0.0, 0.0]","[22902.0, 49100144.92063492, 34140061808.301586, 5687808885293.777, 420047451319887.56, 1.9628964808003136e+16, 5.172173207321341e+17, 8.337312231261989e+18, 1.0049237876180541e+20, 7.96392101573554e+20, 4.789565197304853e+21, 2.0928469921407997e+22, 6.7817257399018966e+22, 1.769991563833139e+23, 3.646070702524456e+23, 6.094783751221889e+23, 8.443187493621835e+23, 1.0322606228073381e+24, 1.1411085622156102e+24, 1.1880497466822053e+24, 1.2041362544173243e+24, 1.2081316663747734e+24, 1.2088253272358674e+24, 1.208917680595236e+24, 1.2089253023973085e+24, 1.208925800033568e+24, 1.2089258191945818e+24, 1.2089258196089549e+24, 1.2089258196145951e+24, 1.2089258196146292e+24, 1.2089258196146292e+24, 1.2089258196146292e+24]","[0.8889, 0.9841, 1.0, 1.0, 1.0, 1.0, 1.0, 1.0, 1.0, 1.0, 1.0, 1.0, 1.0, 1.0, 1.0, 1.0, 1.0, 1.0, 1.0, 1.0, 1.0, 1.0, 1.0, 1.0, 1.0, 1.0, 1.0, 1.0, 1.0, 1.0, 1.0, 1.0]",0.37,0.0,0.0,42
