W,mu,w,eta,alpha,beta,N,N_valid,excluded_seeds,exception_failures,valid_failures,errors,avg_time_sec,Bmin_avg,Bmax_avg,m_bins,edges_last,NE_bin_avg,C_bin_rate,NE_pref_avg,C_pref_rate,excluded_rate,exception_rate,valid_failure_rate,seed
128,32,16,4,0.001,0.03,100,19,81,0,0,0,1.3683,20272,165818,8,"[19024, 36552, 54080, 71608, 89136, 106664, 124192, 141720, 159247]","[0.0, 4.052631578947368, 4.684210526315789, 65.6842105263158, 69.21052631578948, 308.3157894736842, 109.10526315789474, 220.1578947368421]","[0.8421, 0.0, 0.1053, 0.0, 0.0, 0.0526, 0.0, 0.0]","[0.0, 4.052631578947368, 8.736842105263158, 74.42105263157895, 143.6315789473684, 451.94736842105266, 561.0526315789474, 781.2105263157895]","[0.8421, 0.8421, 0.9474, 0.9474, 0.9474, 1.0, 1.0, 1.0]",0.81,0.0,0.0,42
