W,mu,w,eta,alpha,beta,N,N_valid,excluded_seeds,exception_failures,valid_failures,errors,avg_time_sec,Bmin_avg,Bmax_avg,m_bins,edges_last,NE_bin_avg,C_bin_rate,NE_pref_avg,C_pref_rate,excluded_rate,exception_rate,valid_failure_rate,seed
128,32,4,8,0.001,0.03,100,19,81,0,0,0,0.0033,20317,1028434,8,"[19025, 161455, 303885, 446315, 588745, 731175, 873605, 1016034, 1158463]","[331.36842105263156, 17063.842105263157, 129022.94736842105, 385017.3157894737, 370658.36842105264, 129556.36842105263, 16545.63157894737, 347.1578947368421]","[1.0, 0.0, 0.0, 0.0, 0.0, 0.0, 0.0, 0.0]","[331.36842105263156, 17395.21052631579, 146418.15789473685, 531435.4736842106, 902093.8421052631, 1031650.2105263158, 1048195.8421052631, 1048543.0]","[1.0, 1.0, 1.0, 1.0, 1.0, 1.0, 1.0, 1.0]",0.81,0.0,0.0,42
