W,mu,w,eta,alpha,beta,N,N_valid,excluded_seeds,exception_failures,valid_failures,errors,avg_time_sec,Bmin_avg,Bmax_avg,m_bins,edges_last,NE_bin_avg,C_bin_rate,NE_pref_avg,C_pref_rate,excluded_rate,exception_rate,valid_failure_rate,seed
128,2,4,16,0.001,0.05,100,9,91,0,0,0,0.001,32991,127212,8,"[30974, 43288, 55602, 67916, 80230, 92544, 104858, 117172, 129486]","[0.0, 0.0, 0.2222222222222222, 0.2222222222222222, 0.1111111111111111, 0.4444444444444444, 0.0, 0.0]","[1.0, 0.0, 0.0, 0.0, 0.0, 0.0, 0.0, 0.0]","[0.0, 0.0, 0.2222222222222222, 0.4444444444444444, 0.5555555555555556, 1.0, 1.0, 1.0]","[1.0, 1.0, 1.0, 1.0, 1.0, 1.0, 1.0, 1.0]",0.91,0.0,0.0,42
