W,mu,w,eta,alpha,beta,N,N_valid,excluded_seeds,exception_failures,valid_failures,errors,avg_time_sec,Bmin_avg,Bmax_avg,m_bins,edges_last,NE_bin_avg,C_bin_rate,NE_pref_avg,C_pref_rate,excluded_rate,exception_rate,valid_failure_rate,seed
128,8,4,2,0.001,0.05,100,24,76,0,0,0,0.0131,32607,1497810,32,"[35275, 81059, 126843, 172627, 218411, 264195, 309979, 355763, 401547, 447331, 493115, 538899, 584683, 630467, 676251, 722035, 767819, 813603, 859386, 905169, 950952, 996735, 1042518, 1088301, 1134084, 1179867, 1225650, 1271433, 1317216, 1362999, 1408782, 1454565, 1500348]","[29.708333333333332, 3470.0833333333335, 54665.916666666664, 1068799.1666666667, 10248449.5, 85815434.16666667, 616936127.375, 3266721373.3333335, 15032180110.75, 61511776422.541664, 192945122648.625, 605807369802.25, 1552629456697.6667, 3413398512295.2085, 7328067825795.583, 12685249112971.5, 20241134361608.125, 28818553771217.168, 35567823374193.164, 39895726583805.375, 39032944976250.336, 35252263643363.836, 24159191005266.957, 17073199827749.541, 9322658767082.666, 4015305336007.625, 1659668988073.5417, 459511090016.7917, 100534599389.66667, 16483356403.083334, 1307688860.75, 47045375.0]","[0.4583, 0.3333, 0.2083, 0.0, 0.0, 0.0, 0.0, 0.0, 0.0, 0.0, 0.0, 0.0, 0.0, 0.0, 0.0, 0.0, 0.0, 0.0, 0.0, 0.0, 0.0, 0.0, 0.0, 0.0, 0.0, 0.0, 0.0, 0.0, 0.0, 0.0, 0.0, 0.0]","[29.708333333333332, 3499.7916666666665, 58165.708333333336, 1126964.875, 11375414.375, 97190848.54166667, 714126975.9166666, 3980848349.25, 19013028460.0, 80524804882.54167, 273469927531.16666, 879277297333.4166, 2431906754031.0835, 5845305266326.292, 13173373092121.875, 25858622205093.375, 46099756566701.5, 74918310337918.67, 110486133712111.83, 150381860295917.22, 189414805272167.53, 224667068915531.38, 248826259920798.34, 265899459748547.88, 275222118515630.53, 279237423851638.16, 280897092839711.72, 281356603929728.5, 281457138529118.16, 281473621885521.25, 281474929574382.0, 281474976619757.0]","[0.4583, 0.7917, 1.0, 1.0, 1.0, 1.0, 1.0, 1.0, 1.0, 1.0, 1.0, 1.0, 1.0, 1.0, 1.0, 1.0, 1.0, 1.0, 1.0, 1.0, 1.0, 1.0, 1.0, 1.0, 1.0, 1.0, 1.0, 1.0, 1.0, 1.0, 1.0, 1.0]",0.76,0.0,0.0,42
