W,mu,w,eta,alpha,beta,N,N_valid,excluded_seeds,exception_failures,valid_failures,errors,avg_time_sec,Bmin_avg,Bmax_avg,m_bins,edges_last,NE_bin_avg,C_bin_rate,NE_pref_avg,C_pref_rate,excluded_rate,exception_rate,valid_failure_rate,seed
128,32,8,2,0.001,0.05,100,29,71,0,0,0,0.0132,32703,852511,16,"[30973, 82101, 133229, 184357, 235485, 286613, 337741, 388869, 439997, 491125, 542253, 593381, 644508, 695635, 746762, 797889, 849016]","[31.379310344827587, 8936.586206896553, 352497.8965517241, 5449885.068965517, 77532410.27586207, 680056233.0344827, 4084148535.206897, 19379819089.41379, 63327364906.965515, 142736929469.55173, 244397754852.9655, 287030151507.7241, 218263752871.7586, 96834853628.44827, 20909635095.62069, 1776105834.310345]","[0.5172, 0.4828, 0.0, 0.0, 0.0, 0.0, 0.0, 0.0, 0.0, 0.0, 0.0, 0.0, 0.0, 0.0, 0.0, 0.0]","[31.379310344827587, 8967.965517241379, 361465.8620689655, 5811350.931034483, 83343761.20689656, 763399994.2413793, 4847548529.448276, 24227367618.86207, 87554732525.82759, 230291661995.3793, 474689416848.34485, 761719568356.069, 979983321227.8276, 1076818174856.2759, 1097727809951.8966, 1099503915786.2069]","[0.5172, 1.0, 1.0, 1.0, 1.0, 1.0, 1.0, 1.0, 1.0, 1.0, 1.0, 1.0, 1.0, 1.0, 1.0, 1.0]",0.71,0.0,0.0,42
