W,mu,w,eta,alpha,beta,N,N_valid,excluded_seeds,exception_failures,valid_failures,errors,avg_time_sec,Bmin_avg,Bmax_avg,m_bins,edges_last,NE_bin_avg,C_bin_rate,NE_pref_avg,C_pref_rate,excluded_rate,exception_rate,valid_failure_rate,seed
128,4,8,2,0.001,0.03,100,22,78,0,0,0,0.0082,20296,319132,16,"[19024, 38660, 58296, 77931, 97566, 117201, 136836, 156471, 176106, 195741, 215376, 235011, 254646, 274281, 293916, 313551, 333186]","[0.0, 13.545454545454545, 6.545454545454546, 185.9090909090909, 130.45454545454547, 1120.909090909091, 438.90909090909093, 4666.5, 4647.681818181818, 8142.954545454545, 6594.136363636364, 12269.045454545454, 7963.772727272727, 9443.863636363636, 4871.045454545455, 0.0]","[0.7273, 0.0909, 0.0909, 0.0455, 0.0, 0.0455, 0.0, 0.0, 0.0, 0.0, 0.0, 0.0, 0.0, 0.0, 0.0, 0.0]","[0.0, 13.545454545454545, 20.09090909090909, 206.0, 336.45454545454544, 1457.3636363636363, 1896.2727272727273, 6562.772727272727, 11210.454545454546, 19353.409090909092, 25947.545454545456, 38216.59090909091, 46180.36363636364, 55624.22727272727, 60495.27272727273, 60495.27272727273]","[0.7273, 0.8182, 0.9091, 0.9545, 0.9545, 1.0, 1.0, 1.0, 1.0, 1.0, 1.0, 1.0, 1.0, 1.0, 1.0, 1.0]",0.78,0.0,0.0,42
