W,mu,w,eta,alpha,beta,N,N_valid,excluded_seeds,exception_failures,valid_failures,errors,avg_time_sec,Bmin_avg,Bmax_avg,m_bins,edges_last,NE_bin_avg,C_bin_rate,NE_pref_avg,C_pref_rate,excluded_rate,exception_rate,valid_failure_rate,seed
128,32,16,2,0.001,0.05,100,14,86,0,0,0,1.3491,32919,294059,8,"[30973, 66832, 102691, 138550, 174408, 210266, 246124, 281982, 317840]","[21.714285714285715, 429.64285714285717, 3939.285714285714, 23017.14285714286, 90908.28571428571, 246538.2142857143, 388965.14285714284, 226894.2142857143]","[0.8571, 0.1429, 0.0, 0.0, 0.0, 0.0, 0.0, 0.0]","[21.714285714285715, 451.35714285714283, 4390.642857142857, 27407.785714285714, 118316.07142857143, 364854.28571428574, 753819.4285714285, 980713.6428571428]","[0.8571, 1.0, 1.0, 1.0, 1.0, 1.0, 1.0, 1.0]",0.86,0.0,0.0,42
