W,mu,w,eta,alpha,beta,N,N_valid,excluded_seeds,exception_failures,valid_failures,errors,avg_time_sec,Bmin_avg,Bmax_avg,m_bins,edges_last,NE_bin_avg,C_bin_rate,NE_pref_avg,C_pref_rate,excluded_rate,exception_rate,valid_failure_rate,seed
128,2,8,2,0.001,0.03,100,18,82,0,0,0,0.0056,20118,302436,16,"[19024, 36552, 54080, 71608, 89136, 106664, 124192, 141720, 159248, 176776, 194304, 211832, 229360, 246888, 264415, 281942, 299469]","[0.0, 2.8333333333333335, 4.111111111111111, 17.333333333333332, 10.333333333333334, 42.611111111111114, 12.61111111111111, 59.5, 12.833333333333334, 47.833333333333336, 7.388888888888889, 24.61111111111111, 3.0555555555555554, 7.111111111111111, 0.8333333333333334, 0.0]","[0.8889, 0.0556, 0.0556, 0.0, 0.0, 0.0, 0.0, 0.0, 0.0, 0.0, 0.0, 0.0, 0.0, 0.0, 0.0, 0.0]","[0.0, 2.8333333333333335, 6.944444444444445, 24.27777777777778, 34.611111111111114, 77.22222222222223, 89.83333333333333, 149.33333333333334, 162.16666666666666, 210.0, 217.38888888888889, 242.0, 245.05555555555554, 252.16666666666666, 253.0, 253.0]","[0.8889, 0.9444, 1.0, 1.0, 1.0, 1.0, 1.0, 1.0, 1.0, 1.0, 1.0, 1.0, 1.0, 1.0, 1.0, 1.0]",0.82,0.0,0.0,42
