W,mu,w,eta,alpha,beta,N,N_valid,excluded_seeds,exception_failures,valid_failures,errors,avg_time_sec,Bmin_avg,Bmax_avg,m_bins,edges_last,NE_bin_avg,C_bin_rate,NE_pref_avg,C_pref_rate,excluded_rate,exception_rate,valid_failure_rate,seed
128,2,4,2,0.001,0.05,100,13,87,0,0,0,0.0018,32518,562176,32,"[30975, 49570, 68165, 86759, 105353, 123947, 142541, 161135, 179729, 198323, 216917, 235511, 254105, 272699, 291293, 309887, 328481, 347075, 365669, 384263, 402857, 421451, 440045, 458639, 477233, 495827, 514421, 533015, 551609, 570203, 588797, 607391, 625985]","[0.0, 12.384615384615385, 1.3846153846153846, 98.3076923076923, 48.0, 394.84615384615387, 388.61538461538464, 1021.9230769230769, 804.1538461538462, 2768.769230769231, 1525.4615384615386, 5175.0, 4525.153846153846, 5693.384615384615, 5006.615384615385, 7578.923076923077, 3025.076923076923, 7646.0, 3054.0, 6371.0, 3329.153846153846, 2529.0, 1765.2307692307693, 1218.0, 608.0769230769231, 512.0, 271.46153846153845, 72.07692307692308, 74.3076923076923, 3.6923076923076925, 11.0, 0.0]","[0.6923, 0.0769, 0.0, 0.1538, 0.0, 0.0, 0.0, 0.0769, 0.0, 0.0, 0.0, 0.0, 0.0, 0.0, 0.0, 0.0, 0.0, 0.0, 0.0, 0.0, 0.0, 0.0, 0.0, 0.0, 0.0, 0.0, 0.0, 0.0, 0.0, 0.0, 0.0, 0.0]","[0.0, 12.384615384615385, 13.76923076923077, 112.07692307692308, 160.07692307692307, 554.9230769230769, 943.5384615384615, 1965.4615384615386, 2769.6153846153848, 5538.384615384615, 7063.846153846154, 12238.846153846154, 16764.0, 22457.384615384617, 27464.0, 35042.92307692308, 38068.0, 45714.0, 48768.0, 55139.0, 58468.153846153844, 60997.153846153844, 62762.38461538462, 63980.38461538462, 64588.46153846154, 65100.46153846154, 65371.92307692308, 65444.0, 65518.307692307695, 65522.0, 65533.0, 65533.0]","[0.6923, 0.7692, 0.7692, 0.9231, 0.9231, 0.9231, 0.9231, 1.0, 1.0, 1.0, 1.0, 1.0, 1.0, 1.0, 1.0, 1.0, 1.0, 1.0, 1.0, 1.0, 1.0, 1.0, 1.0, 1.0, 1.0, 1.0, 1.0, 1.0, 1.0, 1.0, 1.0, 1.0]",0.87,0.0,0.0,42
