W,mu,w,eta,alpha,beta,N,N_valid,excluded_seeds,exception_failures,valid_failures,errors,avg_time_sec,Bmin_avg,Bmax_avg,m_bins,edges_last,NE_bin_avg,C_bin_rate,NE_pref_avg,C_pref_rate,excluded_rate,exception_rate,valid_failure_rate,seed
128,64,4,4,0.001,0.03,100,31,69,0,0,0,0.0383,20368,2121956,16,"[19024, 157240, 295455, 433670, 571885, 710100, 848315, 986530, 1124745, 1262960, 1401175, 1539390, 1677605, 1815820, 1954035, 2092250, 2230465]","[8314.838709677419, 10078216.129032258, 1356233739.2903225, 54623702052.870964, 949490316839.742, 7184162033790.968, 30127768190177.29, 64231848329569.39, 87442687130401.64, 61646414860852.29, 23590260517243.613, 5648637720114.097, 572135425962.9354, 25147969719.741936, 433284295.3548387, 908917.0]","[1.0, 0.0, 0.0, 0.0, 0.0, 0.0, 0.0, 0.0, 0.0, 0.0, 0.0, 0.0, 0.0, 0.0, 0.0, 0.0]","[8314.838709677419, 10086530.967741935, 1366320270.2580645, 55990022323.129036, 1005480339162.871, 8189642372953.839, 38317410563131.13, 102549258892700.52, 189991946023102.16, 251638360883954.44, 275228621401198.06, 280877259121312.16, 281449394547275.1, 281474542516994.84, 281474975801290.2, 281474976710207.2]","[1.0, 1.0, 1.0, 1.0, 1.0, 1.0, 1.0, 1.0, 1.0, 1.0, 1.0, 1.0, 1.0, 1.0, 1.0, 1.0]",0.69,0.0,0.0,42
