W,mu,w,eta,alpha,beta,N,N_valid,excluded_seeds,exception_failures,valid_failures,errors,avg_time_sec,Bmin_avg,Bmax_avg,m_bins,edges_last,NE_bin_avg,C_bin_rate,NE_pref_avg,C_pref_rate,excluded_rate,exception_rate,valid_failure_rate,seed
128,64,4,2,0.001,0.05,100,91,9,0,0,0,0.6773,33163,3516256,32,"[35275, 148219, 261163, 374107, 487051, 599995, 712939, 825883, 938827, 1051771, 1164715, 1277659, 1390603, 1503547, 1616491, 1729435, 1842379, 1955323, 2068267, 2181211, 2294155, 2407099, 2520043, 2632987, 2745931, 2858875, 2971818, 3084761, 3197704, 3310647, 3423590, 3536533, 3649476]","[88228.71428571429, 959442100.8351648, 1167128940298.4285, 445599433068749.6, 6.693210721103234e+16, 5.227452916619254e+18, 2.1185230935468117e+20, 5.648586875346573e+21, 9.28710899089601e+22, 1.0688921342334552e+24, 8.97190911351156e+24, 5.368846947370931e+25, 2.4268153201679487e+26, 8.473910510127938e+26, 2.3099841815290975e+27, 4.9368398104176333e+27, 8.370702241575262e+27, 1.1691852165896966e+28, 1.3399209035334963e+28, 1.27096927285672e+28, 1.0085293060564088e+28, 6.901579956487097e+27, 4.04096988639364e+27, 2.0764482718146439e+27, 9.478296954504592e+26, 3.85075347925021e+26, 1.4387838602578145e+26, 5.1718171465532595e+25, 1.6634183847186993e+25, 4.819566045938566e+24, 1.3120437688260843e+24, 3.38287519385116e+23]","[0.6374, 0.3516, 0.0, 0.011, 0.0, 0.0, 0.0, 0.0, 0.0, 0.0, 0.0, 0.0, 0.0, 0.0, 0.0, 0.0, 0.0, 0.0, 0.0, 0.0, 0.0, 0.0, 0.0, 0.0, 0.0, 0.0, 0.0, 0.0, 0.0, 0.0, 0.0, 0.0]","[88228.71428571429, 959530329.5494505, 1168088470627.978, 446767521539377.56, 6.737887473257172e+16, 5.294831791351825e+18, 2.17147141146033e+20, 5.865734016492606e+21, 9.873682392545271e+22, 1.167628958158908e+24, 1.0139538071670467e+25, 6.382800754537977e+25, 3.0650953956217466e+26, 1.1539005905749685e+27, 3.463884772104066e+27, 8.400724582521699e+27, 1.6771426824096963e+28, 2.846327898999393e+28, 4.186248802532889e+28, 5.45721807538961e+28, 6.465747381446018e+28, 7.155905377094728e+28, 7.560002365734092e+28, 7.767647192915556e+28, 7.862430162460602e+28, 7.900937697253104e+28, 7.915325535855682e+28, 7.920497353002236e+28, 7.922160771386954e+28, 7.9226427279915485e+28, 7.922773932368431e+28, 7.922807761120369e+28]","[0.6374, 0.989, 0.989, 1.0, 1.0, 1.0, 1.0, 1.0, 1.0, 1.0, 1.0, 1.0, 1.0, 1.0, 1.0, 1.0, 1.0, 1.0, 1.0, 1.0, 1.0, 1.0, 1.0, 1.0, 1.0, 1.0, 1.0, 1.0, 1.0, 1.0, 1.0, 1.0]",0.09,0.0,0.0,42
