W,mu,w,eta,alpha,beta,N,N_valid,excluded_seeds,exception_failures,valid_failures,errors,avg_time_sec,Bmin_avg,Bmax_avg,m_bins,edges_last,NE_bin_avg,C_bin_rate,NE_pref_avg,C_pref_rate,excluded_rate,exception_rate,valid_failure_rate,seed
128,64,4,2,0.001,0.15,100,40,60,0,0,0,0.5258,102145,2607518,32,"[105544, 173249, 240954, 308659, 376364, 444069, 511774, 579479, 647184, 714889, 782594, 850299, 918004, 985709, 1053414, 1121119, 1188824, 1256529, 1324234, 1391939, 1459644, 1527349, 1595053, 1662757, 1730461, 1798165, 1865869, 1933573, 2001277, 2068981, 2136685, 2204389, 2272093]","[832769.8, 16311955639.025, 18605764099991.6, 5064245453862059.0, 4.3969127077693856e+17, 1.757200410665587e+19, 4.253324295626005e+20, 7.218371283161007e+21, 7.774385748660018e+22, 6.442036872527455e+23, 3.890533575929416e+24, 1.9397709776556584e+25, 7.651622515745586e+25, 2.428562740233962e+26, 6.669667018032438e+26, 1.474640481794487e+27, 2.9042833238464497e+27, 4.754441291891091e+27, 6.892477132970488e+27, 8.741155848582552e+27, 9.906930787140735e+27, 9.95784522549334e+27, 9.150999568781556e+27, 7.631657606684808e+27, 5.996266225935615e+27, 4.1889818578608933e+27, 2.8395374053163454e+27, 1.7855471670682482e+27, 1.0146810543298894e+27, 5.333795667328483e+26, 2.5677226863551078e+26, 1.150334246804624e+26]","[0.0, 0.325, 0.625, 0.025, 0.0, 0.025, 0.0, 0.0, 0.0, 0.0, 0.0, 0.0, 0.0, 0.0, 0.0, 0.0, 0.0, 0.0, 0.0, 0.0, 0.0, 0.0, 0.0, 0.0, 0.0, 0.0, 0.0, 0.0, 0.0, 0.0, 0.0, 0.0]","[832769.8, 16312788408.825, 18622076888400.426, 5082867530750460.0, 4.4477413830768896e+17, 1.801677824496356e+19, 4.4334920780756405e+20, 7.661720490968572e+21, 8.540557797756875e+22, 7.296092652303142e+23, 4.62014284115973e+24, 2.4017852617716314e+25, 1.0053407777517218e+26, 3.433903517985684e+26, 1.0103570536018122e+27, 2.4849975353962994e+27, 5.38928085924275e+27, 1.014372215113384e+28, 1.7036199284104329e+28, 2.577735513268688e+28, 3.5684285919827616e+28, 4.564213114532095e+28, 5.479313071410251e+28, 6.242478832078732e+28, 6.842105454672294e+28, 7.261003640458383e+28, 7.544957380990017e+28, 7.723512097696842e+28, 7.824980203129831e+28, 7.878318159803116e+28, 7.903995386666667e+28, 7.915498729134714e+28]","[0.0, 0.325, 0.95, 0.975, 0.975, 1.0, 1.0, 1.0, 1.0, 1.0, 1.0, 1.0, 1.0, 1.0, 1.0, 1.0, 1.0, 1.0, 1.0, 1.0, 1.0, 1.0, 1.0, 1.0, 1.0, 1.0, 1.0, 1.0, 1.0, 1.0, 1.0, 1.0]",0.6,0.0,0.0,42
