W,mu,w,eta,alpha,beta,N,N_valid,excluded_seeds,exception_failures,valid_failures,errors,avg_time_sec,Bmin_avg,Bmax_avg,m_bins,edges_last,NE_bin_avg,C_bin_rate,NE_pref_avg,C_pref_rate,excluded_rate,exception_rate,valid_failure_rate,seed
128,32,4,4,0.001,0.03,100,27,73,0,0,0,0.0149,20240,1954449,16,"[19024, 150918, 282811, 414704, 546597, 678490, 810383, 942276, 1074169, 1206062, 1337955, 1469848, 1601741, 1733634, 1865527, 1997420, 2129313]","[2672.5185185185187, 711071.5185185185, 62634022.11111111, 1104971316.6666667, 12050498547.74074, 62568721242.77778, 175765341889.77777, 308395198298.7778, 288010667887.0, 178065887335.4074, 60268175797.14815, 12104645209.11111, 1050824655.2962962, 62648628.03703704, 696481.1481481482, 2687.962962962963]","[1.0, 0.0, 0.0, 0.0, 0.0, 0.0, 0.0, 0.0, 0.0, 0.0, 0.0, 0.0, 0.0, 0.0, 0.0, 0.0]","[2672.5185185185187, 713744.0370370371, 63347766.14814815, 1168319082.8148148, 13218817630.555555, 75787538873.33333, 251552880763.1111, 559948079061.8889, 847958746948.8889, 1026024634284.2963, 1086292810081.4445, 1098397455290.5555, 1099448279945.8518, 1099510928573.8889, 1099511625055.037, 1099511627743.0]","[1.0, 1.0, 1.0, 1.0, 1.0, 1.0, 1.0, 1.0, 1.0, 1.0, 1.0, 1.0, 1.0, 1.0, 1.0, 1.0]",0.73,0.0,0.0,42
