W,mu,w,eta,alpha,beta,N,N_valid,excluded_seeds,exception_failures,valid_failures,errors,avg_time_sec,Bmin_avg,Bmax_avg,m_bins,edges_last,NE_bin_avg,C_bin_rate,NE_pref_avg,C_pref_rate,excluded_rate,exception_rate,valid_failure_rate,seed
128,32,16,2,0.001,0.03,100,31,69,0,0,0,1.3488,20194,310428,8,"[19025, 58296, 97567, 136837, 176107, 215377, 254647, 293917, 333187]","[12.96774193548387, 385.258064516129, 4235.387096774193, 26519.064516129034, 98906.0, 239741.64516129033, 347907.6451612903, 286090.06451612903]","[0.7097, 0.129, 0.129, 0.0, 0.0323, 0.0, 0.0, 0.0]","[12.96774193548387, 398.2258064516129, 4633.612903225807, 31152.677419354837, 130058.67741935483, 369800.32258064515, 717707.9677419355, 1003798.0322580645]","[0.7097, 0.8387, 0.9677, 0.9677, 1.0, 1.0, 1.0, 1.0]",0.69,0.0,0.0,42
