W,mu,w,eta,alpha,beta,N,N_valid,excluded_seeds,exception_failures,valid_failures,errors,avg_time_sec,Bmin_avg,Bmax_avg,m_bins,edges_last,NE_bin_avg,C_bin_rate,NE_pref_avg,C_pref_rate,excluded_rate,exception_rate,valid_failure_rate,seed
128,4,4,2,0.001,0.03,100,41,59,0,0,0,0.0034,20145,908340,32,"[18740, 49966, 81192, 112418, 143644, 174870, 206096, 237322, 268548, 299774, 331000, 362226, 393452, 424678, 455904, 487129, 518354, 549579, 580804, 612029, 643254, 674479, 705704, 736929, 768154, 799379, 830604, 861829, 893054, 924279, 955504, 986729, 1017954]","[0.0, 31.75609756097561, 532.2439024390244, 3638.9268292682927, 21919.0, 62983.560975609755, 283805.3658536585, 747716.5365853659, 2593352.7804878047, 7617831.634146341, 15389987.07317073, 35080665.07317073, 56398053.09756097, 110071992.68292683, 197001022.2682927, 173489677.80487806, 407507884.14634144, 424902181.9512195, 444743290.0, 483185469.5609756, 491580853.63414633, 476449485.4634146, 335580247.8780488, 217548666.65853658, 178485649.02439025, 113507016.87804878, 68782618.7804878, 31742052.951219514, 9232852.463414634, 9656411.487804879, 2861645.7073170734, 0.0]","[0.3902, 0.2439, 0.1951, 0.1463, 0.0244, 0.0, 0.0, 0.0, 0.0, 0.0, 0.0, 0.0, 0.0, 0.0, 0.0, 0.0, 0.0, 0.0, 0.0, 0.0, 0.0, 0.0, 0.0, 0.0, 0.0, 0.0, 0.0, 0.0, 0.0, 0.0, 0.0, 0.0]","[0.0, 31.75609756097561, 564.0, 4202.926829268293, 26121.926829268294, 89105.48780487805, 372910.85365853657, 1120627.3902439023, 3713980.1707317075, 11331811.804878049, 26721798.87804878, 61802463.951219514, 118200517.04878049, 228272509.7317073, 425273532.0, 598763209.804878, 1006271093.9512196, 1431173275.902439, 1875916565.902439, 2359102035.4634147, 2850682889.097561, 3327132374.5609756, 3662712622.4390244, 3880261289.097561, 4058746938.121951, 4172253955.0, 4241036573.780488, 4272778626.731707, 4282011479.195122, 4291667890.6829267, 4294529536.390244, 4294529536.390244]","[0.3902, 0.6341, 0.8293, 0.9756, 1.0, 1.0, 1.0, 1.0, 1.0, 1.0, 1.0, 1.0, 1.0, 1.0, 1.0, 1.0, 1.0, 1.0, 1.0, 1.0, 1.0, 1.0, 1.0, 1.0, 1.0, 1.0, 1.0, 1.0, 1.0, 1.0, 1.0, 1.0]",0.59,0.0,0.0,42
