W,mu,w,eta,alpha,beta,N,N_valid,excluded_seeds,exception_failures,valid_failures,errors,avg_time_sec,Bmin_avg,Bmax_avg,m_bins,edges_last,NE_bin_avg,C_bin_rate,NE_pref_avg,C_pref_rate,excluded_rate,exception_rate,valid_failure_rate,seed
128,16,4,2,0.001,0.05,100,24,76,0,0,0,0.0929,32607,3194642,32,"[35275, 131374, 227473, 323572, 419671, 515770, 611869, 707968, 804067, 900166, 996264, 1092362, 1188460, 1284558, 1380656, 1476754, 1572852, 1668950, 1765048, 1861146, 1957244, 2053342, 2149440, 2245538, 2341636, 2437734, 2533832, 2629930, 2726028, 2822126, 2918224, 3014322, 3110420]","[5758.0, 2327305.0416666665, 314486431.375, 17861006445.083332, 542697316270.8333, 10338086530188.666, 130201837181350.67, 1071151104116640.0, 7434174229253621.0, 3.5083103201639236e+16, 1.3481756370456506e+17, 3.909028572263534e+17, 9.424523605898904e+17, 1.766120468380459e+18, 2.6509758419945943e+18, 3.3692388016844585e+18, 3.239349618678272e+18, 2.644898028842642e+18, 1.759813741294928e+18, 9.381347059285267e+17, 3.8878284629732864e+17, 1.3405089570384859e+17, 3.487758354791228e+16, 7402311513140022.0, 1056470648402601.6, 129595160171628.8, 10294464603244.041, 540602022346.8333, 17797813603.625, 313430810.7083333, 2320041.6666666665, 5768.041666666667]","[0.875, 0.125, 0.0, 0.0, 0.0, 0.0, 0.0, 0.0, 0.0, 0.0, 0.0, 0.0, 0.0, 0.0, 0.0, 0.0, 0.0, 0.0, 0.0, 0.0, 0.0, 0.0, 0.0, 0.0, 0.0, 0.0, 0.0, 0.0, 0.0, 0.0, 0.0, 0.0]","[5758.0, 2333063.0416666665, 316819494.4166667, 18177825939.5, 560875142210.3334, 10898961672399.0, 141100798853749.66, 1212251902970389.8, 8646426132224011.0, 4.372952933386325e+16, 1.7854709303842832e+17, 5.694499502647817e+17, 1.5119023108546721e+18, 3.278022779235131e+18, 5.928998621229726e+18, 9.298237422914183e+18, 1.2537587041592455e+19, 1.5182485070435097e+19, 1.6942298811730024e+19, 1.7880433517658552e+19, 1.826921636395588e+19, 1.8403267259659729e+19, 1.8438144843207641e+19, 1.8445547154720782e+19, 1.8446603625369184e+19, 1.8446733220529357e+19, 1.8446743514993959e+19, 1.844674405559598e+19, 1.8446744073393795e+19, 1.8446744073707225e+19, 1.8446744073709545e+19, 1.8446744073709552e+19]","[0.875, 1.0, 1.0, 1.0, 1.0, 1.0, 1.0, 1.0, 1.0, 1.0, 1.0, 1.0, 1.0, 1.0, 1.0, 1.0, 1.0, 1.0, 1.0, 1.0, 1.0, 1.0, 1.0, 1.0, 1.0, 1.0, 1.0, 1.0, 1.0, 1.0, 1.0, 1.0]",0.76,0.0,0.0,42
