W,mu,w,eta,alpha,beta,N,N_valid,excluded_seeds,exception_failures,valid_failures,errors,avg_time_sec,Bmin_avg,Bmax_avg,m_bins,edges_last,NE_bin_avg,C_bin_rate,NE_pref_avg,C_pref_rate,excluded_rate,exception_rate,valid_failure_rate,seed
128,2,4,2,0.001,0.03,100,24,76,0,0,0,0.0018,19964,630024,32,"[18740, 37322, 55904, 74486, 93068, 111650, 130232, 148814, 167396, 185978, 204560, 223142, 241724, 260305, 278886, 297467, 316048, 334629, 353210, 371791, 390372, 408953, 427534, 446115, 464696, 483277, 501858, 520439, 539020, 557601, 576182, 594763, 613344]","[0.0, 12.333333333333334, 1.25, 95.33333333333333, 16.208333333333332, 416.5416666666667, 122.0, 1274.0416666666667, 1144.5416666666667, 2148.7916666666665, 2053.625, 4474.291666666667, 2917.875, 6164.041666666667, 3716.375, 10136.958333333334, 6280.541666666667, 5619.583333333333, 4260.833333333333, 4244.083333333333, 3148.0833333333335, 2767.9166666666665, 1434.5, 1469.6666666666667, 948.9166666666666, 204.54166666666666, 334.0, 31.166666666666668, 80.41666666666667, 2.6666666666666665, 11.875, 0.0]","[0.6667, 0.1667, 0.0417, 0.0833, 0.0, 0.0417, 0.0, 0.0, 0.0, 0.0, 0.0, 0.0, 0.0, 0.0, 0.0, 0.0, 0.0, 0.0, 0.0, 0.0, 0.0, 0.0, 0.0, 0.0, 0.0, 0.0, 0.0, 0.0, 0.0, 0.0, 0.0, 0.0]","[0.0, 12.333333333333334, 13.583333333333334, 108.91666666666667, 125.125, 541.6666666666666, 663.6666666666666, 1937.7083333333333, 3082.25, 5231.041666666667, 7284.666666666667, 11758.958333333334, 14676.833333333334, 20840.875, 24557.25, 34694.208333333336, 40974.75, 46594.333333333336, 50855.166666666664, 55099.25, 58247.333333333336, 61015.25, 62449.75, 63919.416666666664, 64868.333333333336, 65072.875, 65406.875, 65438.041666666664, 65518.458333333336, 65521.125, 65533.0, 65533.0]","[0.6667, 0.8333, 0.875, 0.9583, 0.9583, 1.0, 1.0, 1.0, 1.0, 1.0, 1.0, 1.0, 1.0, 1.0, 1.0, 1.0, 1.0, 1.0, 1.0, 1.0, 1.0, 1.0, 1.0, 1.0, 1.0, 1.0, 1.0, 1.0, 1.0, 1.0, 1.0, 1.0]",0.76,0.0,0.0,42
