W,mu,w,eta,alpha,beta,N,N_valid,excluded_seeds,exception_failures,valid_failures,errors,avg_time_sec,Bmin_avg,Bmax_avg,m_bins,edges_last,NE_bin_avg,C_bin_rate,NE_pref_avg,C_pref_rate,excluded_rate,exception_rate,valid_failure_rate,seed
128,64,4,2,0.001,0.03,100,89,11,0,0,0,0.5553,20028,4219010,32,"[21594, 151380, 281166, 410952, 540738, 670524, 800310, 930096, 1059882, 1189668, 1319454, 1449240, 1579026, 1708812, 1838598, 1968384, 2098170, 2227956, 2357742, 2487528, 2617314, 2747100, 2876886, 3006672, 3136458, 3266243, 3396028, 3525813, 3655598, 3785383, 3915168, 4044953, 4174738]","[67455.40449438202, 1177604501.7191012, 1787450388877.5393, 785404513815183.0, 1.4879339378803184e+17, 1.333545602963873e+19, 6.485105584742527e+20, 1.8873420041032238e+22, 3.794394156731158e+23, 4.852231386701876e+24, 4.207723492181669e+25, 2.513485574355755e+26, 1.0722830211377798e+27, 3.451669099035133e+27, 8.119269100566068e+27, 1.2801496800779302e+28, 1.7627606234195103e+28, 1.6234706171880717e+28, 1.1059521184190261e+28, 5.688427276526143e+27, 2.1633177791219246e+27, 5.818028891889573e+26, 1.1231985738042601e+26, 1.5538265329385315e+25, 1.4345169720483148e+24, 8.967496732041738e+22, 3.5656503281599387e+21, 7.788319341926484e+19, 8.801228585707644e+17, 4711713739510588.0, 9475555447424.91, 1424644981.1910112]","[0.8989, 0.1011, 0.0, 0.0, 0.0, 0.0, 0.0, 0.0, 0.0, 0.0, 0.0, 0.0, 0.0, 0.0, 0.0, 0.0, 0.0, 0.0, 0.0, 0.0, 0.0, 0.0, 0.0, 0.0, 0.0, 0.0, 0.0, 0.0, 0.0, 0.0, 0.0, 0.0]","[67455.40449438202, 1177671957.1235955, 1788628060834.6628, 787193141876017.6, 1.4958058692990787e+17, 1.348503661656864e+19, 6.619955950908214e+20, 1.9535415636123057e+22, 3.9897483130923886e+23, 5.251206218011115e+24, 4.73284411398278e+25, 2.9867699857540328e+26, 1.370960019713183e+27, 4.822629118748316e+27, 1.2941898219314383e+28, 2.5743395020093685e+28, 4.337100125428879e+28, 5.9605707426169505e+28, 7.066522861035977e+28, 7.635365588688591e+28, 7.8516973666007835e+28, 7.909877655519679e+28, 7.921109641257722e+28, 7.92266346779066e+28, 7.922806919487865e+28, 7.9228158869845975e+28, 7.92281624354963e+28, 7.9228162513379495e+28, 7.922816251425961e+28, 7.922816251426433e+28, 7.922816251426434e+28, 7.922816251426434e+28]","[0.8989, 1.0, 1.0, 1.0, 1.0, 1.0, 1.0, 1.0, 1.0, 1.0, 1.0, 1.0, 1.0, 1.0, 1.0, 1.0, 1.0, 1.0, 1.0, 1.0, 1.0, 1.0, 1.0, 1.0, 1.0, 1.0, 1.0, 1.0, 1.0, 1.0, 1.0, 1.0]",0.11,0.0,0.0,42
