W,mu,w,eta,alpha,beta,N,N_valid,excluded_seeds,exception_failures,valid_failures,errors,avg_time_sec,Bmin_avg,Bmax_avg,m_bins,edges_last,NE_bin_avg,C_bin_rate,NE_pref_avg,C_pref_rate,excluded_rate,exception_rate,valid_failure_rate,seed
128,4,4,4,0.001,0.05,100,14,86,0,0,0,0.0015,32407,421049,16,"[30974, 58804, 86634, 114464, 142294, 170124, 197954, 225784, 253614, 281443, 309272, 337101, 364930, 392759, 420588, 448417, 476246]","[0.0, 13.857142857142858, 104.5, 368.85714285714283, 899.7142857142857, 1448.9285714285713, 3042.5, 5724.714285714285, 8534.357142857143, 8851.285714285714, 9420.42857142857, 9701.285714285714, 7816.642857142857, 5755.5, 3174.4285714285716, 0.0]","[0.6429, 0.0714, 0.1429, 0.0714, 0.0714, 0.0, 0.0, 0.0, 0.0, 0.0, 0.0, 0.0, 0.0, 0.0, 0.0, 0.0]","[0.0, 13.857142857142858, 118.35714285714286, 487.2142857142857, 1386.9285714285713, 2835.8571428571427, 5878.357142857143, 11603.07142857143, 20137.428571428572, 28988.714285714286, 38409.142857142855, 48110.42857142857, 55927.07142857143, 61682.57142857143, 64857.0, 64857.0]","[0.6429, 0.7143, 0.8571, 0.9286, 1.0, 1.0, 1.0, 1.0, 1.0, 1.0, 1.0, 1.0, 1.0, 1.0, 1.0, 1.0]",0.86,0.0,0.0,42
