W,mu,w,eta,alpha,beta,N,N_valid,excluded_seeds,exception_failures,valid_failures,errors,avg_time_sec,Bmin_avg,Bmax_avg,m_bins,edges_last,NE_bin_avg,C_bin_rate,NE_pref_avg,C_pref_rate,excluded_rate,exception_rate,valid_failure_rate,seed
128,64,16,2,0.001,0.03,100,32,68,0,0,0,1.3786,20211,408130,8,"[19025, 62510, 105995, 149480, 192965, 236450, 279935, 323420, 366904]","[25.6875, 854.375, 45280.40625, 255932.15625, 2057363.78125, 5943640.25, 5806516.28125, 2166093.1875]","[0.75, 0.1562, 0.0625, 0.0312, 0.0, 0.0, 0.0, 0.0]","[25.6875, 880.0625, 46160.46875, 302092.625, 2359456.40625, 8303096.65625, 14109612.9375, 16275706.125]","[0.75, 0.9062, 0.9688, 1.0, 1.0, 1.0, 1.0, 1.0]",0.68,0.0,0.0,42
