W,mu,w,eta,alpha,beta,N,N_valid,excluded_seeds,exception_failures,valid_failures,errors,avg_time_sec,Bmin_avg,Bmax_avg,m_bins,edges_last,NE_bin_avg,C_bin_rate,NE_pref_avg,C_pref_rate,excluded_rate,exception_rate,valid_failure_rate,seed
128,64,4,4,0.001,0.05,100,24,76,0,0,0,0.0439,32566,1825809,16,"[30973, 159187, 287401, 415615, 543829, 672043, 800257, 928470, 1056683, 1184896, 1313109, 1441322, 1569535, 1697748, 1825961, 1954174, 2082387]","[13844.125, 12219957.041666666, 1378105366.4166667, 48481465746.541664, 649096574871.8334, 4950132104426.708, 19409182870781.332, 46624801424738.664, 69884301120560.125, 66213458729171.0, 44501260647506.625, 20050843976756.25, 6852099825279.625, 1829180533158.25, 389349792902.25, 62715447660.041664]","[1.0, 0.0, 0.0, 0.0, 0.0, 0.0, 0.0, 0.0, 0.0, 0.0, 0.0, 0.0, 0.0, 0.0, 0.0, 0.0]","[13844.125, 12233801.166666666, 1390339167.5833333, 49871804914.125, 698968379785.9584, 5649100484212.667, 25058283354994.0, 71683084779732.67, 141567385900292.78, 207780844629463.78, 252282105276970.4, 272332949253726.66, 279185049079006.28, 281014229612164.53, 281403579405066.78, 281466294852726.84]","[1.0, 1.0, 1.0, 1.0, 1.0, 1.0, 1.0, 1.0, 1.0, 1.0, 1.0, 1.0, 1.0, 1.0, 1.0, 1.0]",0.76,0.0,0.0,42
