W,mu,w,eta,alpha,beta,N,N_valid,excluded_seeds,exception_failures,valid_failures,errors,avg_time_sec,Bmin_avg,Bmax_avg,m_bins,edges_last,NE_bin_avg,C_bin_rate,NE_pref_avg,C_pref_rate,excluded_rate,exception_rate,valid_failure_rate,seed
128,4,4,2,0.001,0.05,100,22,78,0,0,0,0.0031,32429,877550,32,"[30975, 58263, 85551, 112839, 140127, 167415, 194703, 221991, 249279, 276567, 303855, 331143, 358431, 385719, 413007, 440295, 467583, 494871, 522159, 549447, 576735, 604022, 631309, 658596, 685883, 713170, 740457, 767744, 795031, 822318, 849605, 876892, 904179]","[0.0, 28.863636363636363, 460.8181818181818, 4077.2727272727275, 24758.954545454544, 117266.31818181818, 423244.7272727273, 1322577.8636363635, 3020944.409090909, 7764987.863636363, 18036422.59090909, 38232458.90909091, 68477933.04545455, 109544356.0, 172586393.9090909, 273817427.8181818, 346982750.45454544, 419580633.77272725, 480301209.6363636, 453910508.45454544, 475549638.54545456, 427793449.0, 348844350.95454544, 267137719.3181818, 176327300.8181818, 101068679.13636364, 57703734.45454545, 30041998.09090909, 10987644.545454545, 4489274.045454546, 806053.0909090909, 0.0]","[0.4091, 0.0909, 0.2273, 0.1818, 0.0909, 0.0, 0.0, 0.0, 0.0, 0.0, 0.0, 0.0, 0.0, 0.0, 0.0, 0.0, 0.0, 0.0, 0.0, 0.0, 0.0, 0.0, 0.0, 0.0, 0.0, 0.0, 0.0, 0.0, 0.0, 0.0, 0.0, 0.0]","[0.0, 28.863636363636363, 489.6818181818182, 4566.954545454545, 29325.909090909092, 146592.22727272726, 569836.9545454546, 1892414.8181818181, 4913359.2272727275, 12678347.090909092, 30714769.681818184, 68947228.5909091, 137425161.63636363, 246969517.63636363, 419555911.54545456, 693373339.3636364, 1040356089.8181819, 1459936723.590909, 1940237933.2272727, 2394148441.681818, 2869698080.2272725, 3297491529.2272725, 3646335880.181818, 3913473599.5, 4089800900.318182, 4190869579.4545455, 4248573313.909091, 4278615312.0, 4289602956.5454545, 4294092230.590909, 4294898283.681818, 4294898283.681818]","[0.4091, 0.5, 0.7273, 0.9091, 1.0, 1.0, 1.0, 1.0, 1.0, 1.0, 1.0, 1.0, 1.0, 1.0, 1.0, 1.0, 1.0, 1.0, 1.0, 1.0, 1.0, 1.0, 1.0, 1.0, 1.0, 1.0, 1.0, 1.0, 1.0, 1.0, 1.0, 1.0]",0.78,0.0,0.0,42
