W,mu,w,eta,alpha,beta,N,N_valid,excluded_seeds,exception_failures,valid_failures,errors,avg_time_sec,Bmin_avg,Bmax_avg,m_bins,edges_last,NE_bin_avg,C_bin_rate,NE_pref_avg,C_pref_rate,excluded_rate,exception_rate,valid_failure_rate,seed
128,32,8,2,0.001,0.03,100,34,66,0,0,0,0.0144,20317,947604,16,"[19024, 79452, 139880, 200308, 260736, 321164, 381592, 442019, 502446, 562873, 623300, 683727, 744154, 804581, 865008, 925435, 985862]","[29.61764705882353, 7306.85294117647, 201049.20588235295, 3709764.588235294, 64805809.294117644, 476102388.1764706, 3726712358.2647057, 11919823872.970589, 61409360445.05882, 149702381713.29413, 222166495070.88235, 289287785727.85297, 243149293010.44116, 87257538047.52942, 28624222676.47059, 1719010087.6764705]","[0.7353, 0.2647, 0.0, 0.0, 0.0, 0.0, 0.0, 0.0, 0.0, 0.0, 0.0, 0.0, 0.0, 0.0, 0.0, 0.0]","[29.61764705882353, 7336.470588235294, 208385.67647058822, 3918150.2647058824, 68723959.55882353, 544826347.7352941, 4271538706.0, 16191362578.970589, 77600723024.02942, 227303104737.32352, 449469599808.2059, 738757385536.0588, 981906678546.5, 1069164216594.0294, 1097788439270.5, 1099507449358.1765]","[0.7353, 1.0, 1.0, 1.0, 1.0, 1.0, 1.0, 1.0, 1.0, 1.0, 1.0, 1.0, 1.0, 1.0, 1.0, 1.0]",0.66,0.0,0.0,42
