W,mu,w,eta,alpha,beta,N,N_valid,excluded_seeds,exception_failures,valid_failures,errors,avg_time_sec,Bmin_avg,Bmax_avg,m_bins,edges_last,NE_bin_avg,C_bin_rate,NE_pref_avg,C_pref_rate,excluded_rate,exception_rate,valid_failure_rate,seed
128,16,4,4,0.001,0.05,100,15,85,0,0,0,0.0068,32502,1559778,16,"[30974, 134314, 237653, 340992, 444331, 547670, 651009, 754348, 857687, 961026, 1064365, 1167704, 1271043, 1374382, 1477721, 1581060, 1684399]","[713.6666666666666, 55776.933333333334, 1418081.3333333333, 12986405.8, 86266214.4, 302265527.93333334, 702099651.2, 1049181429.6, 1025393016.0, 707259262.3333334, 305797624.26666665, 87517860.26666667, 13226048.666666666, 1442013.4666666666, 56912.066666666666, 741.0666666666667]","[0.9333, 0.0667, 0.0, 0.0, 0.0, 0.0, 0.0, 0.0, 0.0, 0.0, 0.0, 0.0, 0.0, 0.0, 0.0, 0.0]","[713.6666666666666, 56490.6, 1474571.9333333333, 14460977.733333332, 100727192.13333334, 402992720.06666666, 1105092371.2666667, 2154273800.866667, 3179666816.866667, 3886926079.2, 4192723703.4666667, 4280241563.733333, 4293467612.4, 4294909625.866667, 4294966537.9333334, 4294967279.0]","[0.9333, 1.0, 1.0, 1.0, 1.0, 1.0, 1.0, 1.0, 1.0, 1.0, 1.0, 1.0, 1.0, 1.0, 1.0, 1.0]",0.85,0.0,0.0,42
