W,mu,w,eta,alpha,beta,N,N_valid,excluded_seeds,exception_failures,valid_failures,errors,avg_time_sec,Bmin_avg,Bmax_avg,m_bins,edges_last,NE_bin_avg,C_bin_rate,NE_pref_avg,C_pref_rate,excluded_rate,exception_rate,valid_failure_rate,seed
192,32,4,2,0.001,0.05,100,26,74,0,0,0,1.5039,49145,4722027,32,"[49807, 192329, 334851, 477373, 619895, 762417, 904939, 1047461, 1189983, 1332505, 1475027, 1617549, 1760071, 1902593, 2045115, 2187637, 2330159, 2472681, 2615203, 2757725, 2900247, 3042769, 3185291, 3327813, 3470335, 3612857, 3755379, 3897901, 4040423, 4182945, 4325467, 4467988, 4610509]","[3454936.3846153845, 446626202622.3077, 4840352872862469.0, 7.274904831409698e+18, 3.9628483698455735e+21, 9.312985579450644e+23, 1.0644022154256426e+26, 6.020762766546581e+27, 1.9827788677065063e+29, 3.905411156289688e+30, 4.8928456192000415e+31, 4.006910630041258e+32, 2.346230745771271e+33, 9.733490853762821e+33, 2.9997557395500798e+34, 7.236094483090594e+34, 1.3725595110889957e+35, 2.0928893106556272e+35, 2.4987591338637534e+35, 2.4124595818760745e+35, 1.80705787679756e+35, 1.1034486722500746e+35, 5.473894981643004e+34, 2.1706706624654366e+34, 6.952184394035656e+33, 1.7890016489508332e+33, 3.645760644220443e+32, 5.9148156560955615e+31, 7.340104230114939e+30, 6.758277346173728e+29, 4.8702642135673805e+28, 2.5357947919882665e+27]","[0.8077, 0.1538, 0.0385, 0.0, 0.0, 0.0, 0.0, 0.0, 0.0, 0.0, 0.0, 0.0, 0.0, 0.0, 0.0, 0.0, 0.0, 0.0, 0.0, 0.0, 0.0, 0.0, 0.0, 0.0, 0.0, 0.0, 0.0, 0.0, 0.0, 0.0, 0.0, 0.0]","[3454936.3846153845, 446629657558.6923, 4840799502520028.0, 7.279745630912218e+18, 3.9701281154764856e+21, 9.352686860605409e+23, 1.073754902286248e+26, 6.128138256775206e+27, 2.0440602502742582e+29, 4.1098171813171136e+30, 5.303827337331753e+31, 4.537293363774433e+32, 2.7999600821487143e+33, 1.2533450935911535e+34, 4.253100833141233e+34, 1.1489195316231828e+35, 2.5214790427121785e+35, 4.614368353367806e+35, 7.113127487231558e+35, 9.525587069107633e+35, 1.1332644945905194e+36, 1.2436093618155268e+36, 1.2983483116319569e+36, 1.3200550182566112e+36, 1.3270072026506469e+36, 1.3287962042995977e+36, 1.3291607803640197e+36, 1.3292199285205807e+36, 1.3292272686248109e+36, 1.3292279444525455e+36, 1.3292279931551876e+36, 1.3292279956909824e+36]","[0.8077, 0.9615, 1.0, 1.0, 1.0, 1.0, 1.0, 1.0, 1.0, 1.0, 1.0, 1.0, 1.0, 1.0, 1.0, 1.0, 1.0, 1.0, 1.0, 1.0, 1.0, 1.0, 1.0, 1.0, 1.0, 1.0, 1.0, 1.0, 1.0, 1.0, 1.0, 1.0]",0.74,0.0,0.0,42
