W,mu,w,eta,alpha,beta,N,N_valid,excluded_seeds,exception_failures,valid_failures,errors,avg_time_sec,Bmin_avg,Bmax_avg,m_bins,edges_last,NE_bin_avg,C_bin_rate,NE_pref_avg,C_pref_rate,excluded_rate,exception_rate,valid_failure_rate,seed
192,64,4,2,0.001,0.1,100,61,39,0,0,0,1.5403,100654,4733490,32,"[102075, 244613, 387151, 529689, 672227, 814765, 957303, 1099841, 1242379, 1384917, 1527455, 1669993, 1812531, 1955069, 2097607, 2240145, 2382683, 2525221, 2667759, 2810297, 2952835, 3095373, 3237911, 3380449, 3522987, 3665525, 3808062, 3950599, 4093136, 4235673, 4378210, 4520747, 4663284]","[1558746000.0491803, 3445125256634281.5, 2.1150801871738225e+20, 1.1869767844306559e+24, 1.7709625563745028e+27, 7.225681350586668e+29, 1.3173962780206521e+32, 1.2189677059625202e+34, 5.579740615913446e+35, 1.5815762196916766e+37, 2.5573454522087297e+38, 2.984576213997483e+39, 2.229596397367633e+40, 1.1791655631107143e+41, 4.39683557559624e+41, 1.1882025913842594e+42, 2.4571408158944105e+42, 3.669964302593022e+42, 4.2433150095353907e+42, 3.930605536808451e+42, 2.969354778773913e+42, 1.7595175138576157e+42, 9.03706886624458e+41, 3.906762176514779e+41, 1.4293024856697116e+41, 4.642691129509439e+40, 1.261071242599506e+40, 2.5545928478259896e+39, 5.0942060035657545e+38, 6.856473393007068e+37, 7.545147359674762e+36, 7.32016980850421e+35]","[0.2295, 0.5738, 0.1967, 0.0, 0.0, 0.0, 0.0, 0.0, 0.0, 0.0, 0.0, 0.0, 0.0, 0.0, 0.0, 0.0, 0.0, 0.0, 0.0, 0.0, 0.0, 0.0, 0.0, 0.0, 0.0, 0.0, 0.0, 0.0, 0.0, 0.0, 0.0, 0.0]","[1558746000.0491803, 3445126815380281.5, 2.1151146384419763e+20, 1.1871882958945e+24, 1.7721497446703974e+27, 7.243402848033373e+29, 1.3246396808686854e+32, 1.232214102771207e+34, 5.7029620261905665e+35, 1.6386058399535823e+37, 2.721206036204088e+38, 3.2566968176178917e+39, 2.5552660791294223e+40, 1.4346921710236564e+41, 5.831527746619897e+41, 1.771355366046249e+42, 4.22849618194066e+42, 7.898460484533682e+42, 1.2141775494069073e+43, 1.6072381030877524e+43, 1.9041735809651436e+43, 2.0801253323509053e+43, 2.170496021013351e+43, 2.209563642778499e+43, 2.2238566676351959e+43, 2.2284993587647055e+43, 2.229760430007305e+43, 2.2300158892920876e+43, 2.2300668313521233e+43, 2.2300736878255163e+43, 2.2300744423402522e+43, 2.2300745155419502e+43]","[0.2295, 0.8033, 1.0, 1.0, 1.0, 1.0, 1.0, 1.0, 1.0, 1.0, 1.0, 1.0, 1.0, 1.0, 1.0, 1.0, 1.0, 1.0, 1.0, 1.0, 1.0, 1.0, 1.0, 1.0, 1.0, 1.0, 1.0, 1.0, 1.0, 1.0, 1.0, 1.0]",0.39,0.0,0.0,42
