W,mu,w,eta,alpha,beta,N,N_valid,excluded_seeds,exception_failures,valid_failures,errors,avg_time_sec,Bmin_avg,Bmax_avg,m_bins,edges_last,NE_bin_avg,C_bin_rate,NE_pref_avg,C_pref_rate,excluded_rate,exception_rate,valid_failure_rate,seed
192,64,8,2,0.001,0.1,100,1,99,0,0,0,0.0833,96424,1555105,16,"[96424, 187592, 278760, 369928, 461096, 552264, 643432, 734600, 825768, 916936, 1008103, 1099270, 1190437, 1281604, 1372771, 1463938, 1555105]","[30008.0, 250405730.0, 208374841701.0, 41334048715881.0, 3052248488439402.0, 1.0665992874994355e+17, 2.0138388282211384e+18, 2.2413324982112547e+19, 1.4655743859643636e+20, 5.728860276596877e+20, 1.2933096218885489e+21, 1.5704579909807175e+21, 9.045129300485894e+20, 1.987746342474763e+20, 1.1259615725576958e+19, 7.13057185898496e+16]","[0.0, 1.0, 0.0, 0.0, 0.0, 0.0, 0.0, 0.0, 0.0, 0.0, 0.0, 0.0, 0.0, 0.0, 0.0, 0.0]","[30008.0, 250435738.0, 208625277439.0, 41542673993320.0, 3093791162432722.0, 1.0975371991237627e+17, 2.1235925481335148e+18, 2.4536917530246062e+19, 1.710943561266824e+20, 7.439803837863701e+20, 2.037290005674919e+21, 3.6077479966556364e+21, 4.512260926704226e+21, 4.711035560951702e+21, 4.7222951766772794e+21, 4.722366482395869e+21]","[0.0, 1.0, 1.0, 1.0, 1.0, 1.0, 1.0, 1.0, 1.0, 1.0, 1.0, 1.0, 1.0, 1.0, 1.0, 1.0]",0.99,0.0,0.0,42
