W,mu,w,eta,alpha,beta,N,N_valid,excluded_seeds,exception_failures,valid_failures,errors,avg_time_sec,Bmin_avg,Bmax_avg,m_bins,edges_last,NE_bin_avg,C_bin_rate,NE_pref_avg,C_pref_rate,excluded_rate,exception_rate,valid_failure_rate,seed
192,32,4,2,0.001,0.1,100,6,94,0,0,0,0.6001,100976,4065906,32,"[97363, 208606, 319849, 431092, 542335, 653578, 764821, 876064, 987307, 1098550, 1209793, 1321036, 1432279, 1543522, 1654765, 1766008, 1877251, 1988494, 2099737, 2210980, 2322223, 2433466, 2544709, 2655952, 2767195, 2878437, 2989679, 3100921, 3212163, 3323405, 3434647, 3545889, 3657131]","[13010184.166666666, 3263941695168.3335, 2.673686451620133e+16, 4.363459538805678e+19, 1.6702569824565936e+22, 2.8243408183784375e+24, 2.1138100114467276e+26, 9.492213949729358e+27, 2.246955374937395e+29, 3.4556213157457233e+30, 3.7457048645839843e+31, 2.9816894681602295e+32, 1.786763721177287e+33, 7.435288793360778e+33, 2.4363786298366057e+34, 6.090304267434139e+34, 1.1077056332775347e+35, 1.707351271329325e+35, 2.0159331724743122e+35, 2.068791461421547e+35, 1.8518487584927e+35, 1.4026954694842688e+35, 1.001548969671113e+35, 5.888938275573636e+34, 3.328699239984028e+34, 1.650684188471339e+34, 6.500200442667423e+33, 2.5712051883009005e+33, 8.070641825464153e+32, 2.010138746678499e+32, 4.186340541782473e+31, 6.782299761312273e+30]","[0.3333, 0.5, 0.0, 0.1667, 0.0, 0.0, 0.0, 0.0, 0.0, 0.0, 0.0, 0.0, 0.0, 0.0, 0.0, 0.0, 0.0, 0.0, 0.0, 0.0, 0.0, 0.0, 0.0, 0.0, 0.0, 0.0, 0.0, 0.0, 0.0, 0.0, 0.0, 0.0]","[13010184.166666666, 3263954705352.5, 2.674012847090668e+16, 4.366133551652769e+19, 1.6746231160082465e+22, 2.84108704953852e+24, 2.142220881942113e+26, 9.70643603792357e+27, 2.3440197353166304e+29, 3.690023289277386e+30, 4.114707193511723e+31, 3.393160187511402e+32, 2.1260797399284273e+33, 9.561368533289205e+33, 3.392515483165526e+34, 9.482819750599665e+34, 2.0559876083375012e+35, 3.7633388796668265e+35, 5.779272052141138e+35, 7.848063513562686e+35, 9.699912272055386e+35, 1.1102607741539653e+36, 1.2104156711210767e+36, 1.2693050538768131e+36, 1.3025920462766533e+36, 1.3190988881613667e+36, 1.3255990886040342e+36, 1.328170293792335e+36, 1.3289773579748814e+36, 1.3291783718495493e+36, 1.3292202352549671e+36, 1.3292270175547284e+36]","[0.3333, 0.8333, 0.8333, 1.0, 1.0, 1.0, 1.0, 1.0, 1.0, 1.0, 1.0, 1.0, 1.0, 1.0, 1.0, 1.0, 1.0, 1.0, 1.0, 1.0, 1.0, 1.0, 1.0, 1.0, 1.0, 1.0, 1.0, 1.0, 1.0, 1.0, 1.0, 1.0]",0.94,0.0,0.0,42
