W,mu,w,eta,alpha,beta,N,N_valid,excluded_seeds,exception_failures,valid_failures,errors,avg_time_sec,Bmin_avg,Bmax_avg,m_bins,edges_last,NE_bin_avg,C_bin_rate,NE_pref_avg,C_pref_rate,excluded_rate,exception_rate,valid_failure_rate,seed
192,4,8,2,0.001,0.03,100,9,91,0,0,0,0.0129,29456,483840,16,"[29393, 59900, 90407, 120914, 151421, 181928, 212435, 242942, 273448, 303954, 334460, 364966, 395472, 425978, 456484, 486990, 517496]","[0.0, 31.333333333333332, 541.1111111111111, 4762.444444444444, 25158.777777777777, 37921.333333333336, 224937.0, 490464.0, 934416.0, 2290545.0, 1451196.0, 3836970.0, 2870073.0, 2895588.0, 1393119.0, 0.0]","[0.4444, 0.3333, 0.1111, 0.1111, 0.0, 0.0, 0.0, 0.0, 0.0, 0.0, 0.0, 0.0, 0.0, 0.0, 0.0, 0.0]","[0.0, 31.333333333333332, 572.4444444444445, 5334.888888888889, 30493.666666666668, 68415.0, 293352.0, 783816.0, 1718232.0, 4008777.0, 5459973.0, 9296943.0, 12167016.0, 15062604.0, 16455723.0, 16455723.0]","[0.4444, 0.7778, 0.8889, 1.0, 1.0, 1.0, 1.0, 1.0, 1.0, 1.0, 1.0, 1.0, 1.0, 1.0, 1.0, 1.0]",0.91,0.0,0.0,42
