W,mu,w,eta,alpha,beta,N,N_valid,excluded_seeds,exception_failures,valid_failures,errors,avg_time_sec,Bmin_avg,Bmax_avg,m_bins,edges_last,NE_bin_avg,C_bin_rate,NE_pref_avg,C_pref_rate,excluded_rate,exception_rate,valid_failure_rate,seed
192,32,8,2,0.001,0.05,100,11,89,0,0,0,0.0402,50282,1277704,16,"[50283, 129783, 209283, 288782, 368281, 447780, 527279, 606778, 686277, 765776, 845275, 924774, 1004273, 1083772, 1163271, 1242770, 1322269]","[1590.2727272727273, 2863441.272727273, 432871741.27272725, 50069290902.09091, 2023401207432.7273, 57827766060216.37, 827940076703704.6, 8095011219778994.0, 4.219675722811192e+16, 1.512913700899126e+17, 3.1063381124212755e+17, 3.703650145975512e+17, 2.134692588971645e+17, 5.218112981799944e+16, 3758328634642112.5, 42978148200066.91]","[0.6364, 0.3636, 0.0, 0.0, 0.0, 0.0, 0.0, 0.0, 0.0, 0.0, 0.0, 0.0, 0.0, 0.0, 0.0, 0.0]","[1590.2727272727273, 2865031.5454545454, 435736772.8181818, 50505027674.90909, 2073906235107.6365, 59901672295324.0, 887841748999028.6, 8982852968778023.0, 5.1179610196889944e+16, 2.0247098028680256e+17, 5.131047915289301e+17, 8.834698061264813e+17, 1.0969390650236458e+18, 1.1491201948416452e+18, 1.1528785234762874e+18, 1.1529215016244874e+18]","[0.6364, 1.0, 1.0, 1.0, 1.0, 1.0, 1.0, 1.0, 1.0, 1.0, 1.0, 1.0, 1.0, 1.0, 1.0, 1.0]",0.89,0.0,0.0,42
