W,mu,w,eta,alpha,beta,N,N_valid,excluded_seeds,exception_failures,valid_failures,errors,avg_time_sec,Bmin_avg,Bmax_avg,m_bins,edges_last,NE_bin_avg,C_bin_rate,NE_pref_avg,C_pref_rate,excluded_rate,exception_rate,valid_failure_rate,seed
192,64,4,4,0.001,0.05,100,8,92,0,0,0,0.205,50939,2818333,16,"[50283, 226669, 403055, 579441, 755827, 932213, 1108599, 1284985, 1461370, 1637755, 1814140, 1990525, 2166910, 2343295, 2519680, 2696065, 2872450]","[6828092.5, 173025739170.875, 208036080137854.25, 4.279785083939644e+16, 2.209412938807155e+18, 4.132882731565715e+19, 3.0087912617883795e+20, 9.856594202172141e+20, 1.55257383512029e+21, 1.2132706650062062e+21, 5.0796064541231114e+20, 1.0592082496144325e+20, 1.1810563668550928e+19, 6.93557123768291e+17, 1.6432451951657682e+16, 166098461169251.5]","[1.0, 0.0, 0.0, 0.0, 0.0, 0.0, 0.0, 0.0, 0.0, 0.0, 0.0, 0.0, 0.0, 0.0, 0.0, 0.0]","[6828092.5, 173032567263.375, 208209112705117.62, 4.300605995210155e+16, 2.2524189987592566e+18, 4.35812463144164e+19, 3.444603724932543e+20, 1.3301197927104685e+21, 2.8826936278307585e+21, 4.0959642928369647e+21, 4.603924938249276e+21, 4.7098457632107193e+21, 4.72165632687927e+21, 4.7223498840030383e+21, 4.72236631645499e+21, 4.7223664825534513e+21]","[1.0, 1.0, 1.0, 1.0, 1.0, 1.0, 1.0, 1.0, 1.0, 1.0, 1.0, 1.0, 1.0, 1.0, 1.0, 1.0]",0.92,0.0,0.0,42
