W,mu,w,eta,alpha,beta,N,N_valid,excluded_seeds,exception_failures,valid_failures,errors,avg_time_sec,Bmin_avg,Bmax_avg,m_bins,edges_last,NE_bin_avg,C_bin_rate,NE_pref_avg,C_pref_rate,excluded_rate,exception_rate,valid_failure_rate,seed
192,32,8,2,0.001,0.03,100,18,82,0,0,0,0.0354,30043,1435192,16,"[29393, 122016, 214639, 307262, 399885, 492508, 585131, 677754, 770377, 863000, 955623, 1048246, 1140869, 1233492, 1326114, 1418736, 1511358]","[1282.9444444444443, 1161614.6666666667, 282107178.7777778, 21058271131.944443, 1232910738139.389, 28642066110336.39, 476352232335098.6, 4953139056168044.0, 3.5687919009518676e+16, 1.1526013530370672e+17, 3.1292202570453446e+17, 3.633567580901148e+17, 2.416096030540855e+17, 7.090565197608532e+16, 7552651218595600.0, 167162143814866.22]","[0.8333, 0.1667, 0.0, 0.0, 0.0, 0.0, 0.0, 0.0, 0.0, 0.0, 0.0, 0.0, 0.0, 0.0, 0.0, 0.0]","[1282.9444444444443, 1162897.611111111, 283270076.3888889, 21341541208.333332, 1254252279347.7222, 29896318389684.11, 506248550724782.75, 5459387606892827.0, 4.11473066164115e+16, 1.564074419201182e+17, 4.693294676246527e+17, 8.326862257147675e+17, 1.074295828768853e+18, 1.1452014807449382e+18, 1.1527541319635338e+18, 1.1529212941073487e+18]","[0.8333, 1.0, 1.0, 1.0, 1.0, 1.0, 1.0, 1.0, 1.0, 1.0, 1.0, 1.0, 1.0, 1.0, 1.0, 1.0]",0.82,0.0,0.0,42
