W,mu,w,eta,alpha,beta,N,N_valid,excluded_seeds,exception_failures,valid_failures,errors,avg_time_sec,Bmin_avg,Bmax_avg,m_bins,edges_last,NE_bin_avg,C_bin_rate,NE_pref_avg,C_pref_rate,excluded_rate,exception_rate,valid_failure_rate,seed
192,16,4,2,0.001,0.03,100,26,74,0,0,0,0.3519,29635,4949858,32,"[30251, 184941, 339631, 494321, 649010, 803699, 958388, 1113077, 1267766, 1422455, 1577144, 1731833, 1886522, 2041211, 2195900, 2350589, 2505278, 2659967, 2814656, 2969345, 3124034, 3278723, 3433412, 3588101, 3742790, 3897479, 4052168, 4206857, 4361546, 4516235, 4670924, 4825613, 4980302]","[315818.46153846156, 2888120351.269231, 5811132361500.692, 2891175110606948.0, 5.3949977978507994e+17, 4.820141646905159e+19, 2.511269304948983e+21, 6.799524435685963e+22, 1.3872112528939004e+24, 1.4861972076757585e+25, 1.217511631652583e+26, 6.393173270064611e+26, 2.5167877802623285e+27, 6.284640564073196e+27, 1.2808631323302673e+28, 1.728704324225941e+28, 1.7166223479210838e+28, 1.2821228941933743e+28, 6.272042945442125e+27, 2.522095165605074e+27, 6.340099416637156e+26, 1.2177188533036507e+26, 1.484124991165081e+25, 1.3876766124597632e+24, 6.752988479099675e+22, 2.511298217225876e+21, 4.817250419215834e+19, 5.395081821545882e+17, 2882772741098640.0, 5811133172817.23, 2887309037.3076925, 315830.8846153846]","[1.0, 0.0, 0.0, 0.0, 0.0, 0.0, 0.0, 0.0, 0.0, 0.0, 0.0, 0.0, 0.0, 0.0, 0.0, 0.0, 0.0, 0.0, 0.0, 0.0, 0.0, 0.0, 0.0, 0.0, 0.0, 0.0, 0.0, 0.0, 0.0, 0.0, 0.0, 0.0]","[315818.46153846156, 2888436169.730769, 5814020797670.423, 2896989131404618.5, 5.4239676891648454e+17, 4.874381323796808e+19, 2.560013118186951e+21, 7.055525747504658e+22, 1.4577665103689469e+24, 1.6319738587126533e+25, 1.3807090175238483e+26, 7.77388228758846e+26, 3.294176009021175e+27, 9.578816573094372e+27, 2.2387447896397045e+28, 3.967449113865646e+28, 5.684071461786729e+28, 6.966194355980103e+28, 7.593398650524316e+28, 7.845608167084823e+28, 7.909009161251195e+28, 7.921186349784232e+28, 7.922670474775397e+28, 7.922809242436642e+28, 7.922815995425122e+28, 7.922816246554944e+28, 7.922816251372194e+28, 7.922816251426145e+28, 7.922816251426433e+28, 7.922816251426434e+28, 7.922816251426434e+28, 7.922816251426434e+28]","[1.0, 1.0, 1.0, 1.0, 1.0, 1.0, 1.0, 1.0, 1.0, 1.0, 1.0, 1.0, 1.0, 1.0, 1.0, 1.0, 1.0, 1.0, 1.0, 1.0, 1.0, 1.0, 1.0, 1.0, 1.0, 1.0, 1.0, 1.0, 1.0, 1.0, 1.0, 1.0]",0.74,0.0,0.0,42
