W,mu,w,eta,alpha,beta,N,N_valid,excluded_seeds,exception_failures,valid_failures,errors,avg_time_sec,Bmin_avg,Bmax_avg,m_bins,edges_last,NE_bin_avg,C_bin_rate,NE_pref_avg,C_pref_rate,excluded_rate,exception_rate,valid_failure_rate,seed
192,32,4,2,0.001,0.03,100,47,53,0,0,0,1.1404,29843,5790383,32,"[30251, 211232, 392213, 573194, 754175, 935156, 1116137, 1297118, 1478099, 1659080, 1840061, 2021042, 2202023, 2383004, 2563985, 2744966, 2925947, 3106928, 3287909, 3468890, 3649871, 3830852, 4011833, 4192814, 4373795, 4554776, 4735756, 4916736, 5097716, 5278696, 5459676, 5640656, 5821636]","[17046891.489361703, 1636132826239.1702, 1.597397480504398e+16, 3.970526170697047e+19, 2.932702061577394e+22, 7.718939460134116e+24, 9.891388984000918e+26, 6.814766748622713e+28, 2.4053665196354478e+30, 5.114930969621113e+31, 6.653786746190867e+32, 5.431812530774103e+33, 2.809437437620424e+34, 9.667657210038826e+34, 2.1544982541233385e+35, 3.214469651724304e+35, 3.150378567823053e+35, 2.1544982541233385e+35, 9.667657210038826e+34, 2.816011046652063e+34, 5.366076440457713e+33, 6.653786746190867e+32, 5.114930969621113e+31, 2.4060876056072495e+30, 6.742658151442547e+28, 9.891388984000918e+26, 7.718939460134116e+24, 2.932719038120613e+22, 3.953549627478044e+19, 1.597397480504398e+16, 1636132826243.0212, 17046918.63829787]","[0.9574, 0.0426, 0.0, 0.0, 0.0, 0.0, 0.0, 0.0, 0.0, 0.0, 0.0, 0.0, 0.0, 0.0, 0.0, 0.0, 0.0, 0.0, 0.0, 0.0, 0.0, 0.0, 0.0, 0.0, 0.0, 0.0, 0.0, 0.0, 0.0, 0.0, 0.0, 0.0]","[17046891.489361703, 1636149873130.6597, 1.597561095491711e+16, 3.972123731792539e+19, 2.9366741853091865e+22, 7.748306201987209e+24, 9.968872046020791e+26, 6.914455469082921e+28, 2.4745110743262772e+30, 5.3623820770537405e+31, 7.19002495389624e+32, 6.150815026163728e+33, 3.424518940236797e+34, 1.3092176150275624e+35, 3.463715869150901e+35, 6.678185520875205e+35, 9.828564088698259e+35, 1.1983062342821596e+36, 1.2949828063825479e+36, 1.3231429168490685e+36, 1.3285089932895262e+36, 1.3291743719641454e+36, 1.3292255212738416e+36, 1.3292279273614471e+36, 1.3292279947880287e+36, 1.3292279957771675e+36, 1.3292279957848865e+36, 1.329227995784916e+36, 1.329227995784916e+36, 1.329227995784916e+36, 1.329227995784916e+36, 1.329227995784916e+36]","[0.9574, 1.0, 1.0, 1.0, 1.0, 1.0, 1.0, 1.0, 1.0, 1.0, 1.0, 1.0, 1.0, 1.0, 1.0, 1.0, 1.0, 1.0, 1.0, 1.0, 1.0, 1.0, 1.0, 1.0, 1.0, 1.0, 1.0, 1.0, 1.0, 1.0, 1.0, 1.0]",0.53,0.0,0.0,42
