W,mu,w,eta,alpha,beta,N,N_valid,excluded_seeds,exception_failures,valid_failures,errors,avg_time_sec,Bmin_avg,Bmax_avg,m_bins,edges_last,NE_bin_avg,C_bin_rate,NE_pref_avg,C_pref_rate,excluded_rate,exception_rate,valid_failure_rate,seed
192,32,8,8,0.001,0.03,100,7,93,0,0,0,0.01,29108,379510,8,"[29394, 72545, 115696, 158846, 201996, 245146, 288296, 331446, 374596]","[7.142857142857143, 58.0, 464.42857142857144, 1617.2857142857142, 4990.428571428572, 9003.57142857143, 8148.428571428572, 6987.857142857143]","[1.0, 0.0, 0.0, 0.0, 0.0, 0.0, 0.0, 0.0]","[7.142857142857143, 65.14285714285714, 529.5714285714286, 2146.8571428571427, 7137.285714285715, 16140.857142857143, 24289.285714285714, 31277.14285714286]","[1.0, 1.0, 1.0, 1.0, 1.0, 1.0, 1.0, 1.0]",0.93,0.0,0.0,42
