W,mu,w,eta,alpha,beta,N,N_valid,excluded_seeds,exception_failures,valid_failures,errors,avg_time_sec,Bmin_avg,Bmax_avg,m_bins,edges_last,NE_bin_avg,C_bin_rate,NE_pref_avg,C_pref_rate,excluded_rate,exception_rate,valid_failure_rate,seed
256,64,4,2,0.001,0.2,100,6,94,0,0,0,9.2061,273851,4311150,32,"[264186, 406220, 548254, 690288, 832322, 974356, 1116390, 1258424, 1400458, 1542492, 1684526, 1826560, 1968594, 2110628, 2252662, 2394696, 2536730, 2678764, 2820798, 2962832, 3104866, 3246900, 3388934, 3530968, 3673002, 3815036, 3957070, 4099104, 4241138, 4383172, 4525206, 4667240, 4809273]","[1521212230137.8333, 4.138174565274973e+20, 9.987300583836025e+26, 5.149432755377978e+31, 1.9454114598900993e+35, 2.734933913740167e+38, 1.227819150945933e+41, 2.1233808255763743e+43, 2.309420318192565e+45, 1.2819028500957668e+47, 5.276710909032397e+48, 1.231003637646704e+50, 2.276669868711715e+51, 2.6357294580911906e+52, 2.515879761498882e+53, 1.5957018948151397e+54, 8.398176738796745e+54, 3.16131339594451e+55, 9.906657802246427e+55, 2.311029068939134e+56, 4.5685495875573135e+56, 6.967563569432453e+56, 9.018036928412233e+56, 9.787074687539961e+56, 8.945322290944226e+56, 7.285870880227439e+56, 5.254946069959741e+56, 3.5211503100701667e+56, 1.9591731260299288e+56, 1.0231560366511713e+56, 4.664492160201329e+55, 1.731507966479767e+55]","[0.0, 0.0, 0.3333, 0.6667, 0.0, 0.0, 0.0, 0.0, 0.0, 0.0, 0.0, 0.0, 0.0, 0.0, 0.0, 0.0, 0.0, 0.0, 0.0, 0.0, 0.0, 0.0, 0.0, 0.0, 0.0, 0.0, 0.0, 0.0, 0.0, 0.0, 0.0, 0.0]","[1521212230137.8333, 4.138174580487095e+20, 9.987304722010604e+26, 5.149532628425198e+31, 1.945926413152942e+35, 2.73687984015332e+38, 1.2305560307860863e+41, 2.135686385884235e+43, 2.3307771820514074e+45, 1.3052106219162809e+47, 5.407231971224025e+48, 1.2850759573589442e+50, 2.4051774644476096e+51, 2.8762472045359515e+52, 2.8035044819524775e+53, 1.8760523430103874e+54, 1.0274229081807133e+55, 4.1887363041252233e+55, 1.409539410637165e+56, 3.720568479576299e+56, 8.289118067133613e+56, 1.5256681636566067e+57, 2.4274718564978298e+57, 3.406179325251826e+57, 4.300711554346249e+57, 5.0292986423689926e+57, 5.5547932493649666e+57, 5.906908280371983e+57, 6.102825592974976e+57, 6.2051411966400936e+57, 6.2517861182421065e+57, 6.2691011979069045e+57]","[0.0, 0.0, 0.3333, 1.0, 1.0, 1.0, 1.0, 1.0, 1.0, 1.0, 1.0, 1.0, 1.0, 1.0, 1.0, 1.0, 1.0, 1.0, 1.0, 1.0, 1.0, 1.0, 1.0, 1.0, 1.0, 1.0, 1.0, 1.0, 1.0, 1.0, 1.0, 1.0]",0.94,0.0,0.0,42
