W,mu,w,eta,alpha,beta,N,N_valid,excluded_seeds,exception_failures,valid_failures,errors,avg_time_sec,Bmin_avg,Bmax_avg,m_bins,edges_last,NE_bin_avg,C_bin_rate,NE_pref_avg,C_pref_rate,excluded_rate,exception_rate,valid_failure_rate,seed
256,4,4,2,0.001,0.03,100,14,86,0,0,0,0.0532,40761,1834479,32,"[40619, 94641, 148663, 202685, 256707, 310729, 364751, 418773, 472795, 526817, 580839, 634861, 688883, 742905, 796927, 850949, 904971, 958993, 1013015, 1067037, 1121058, 1175079, 1229100, 1283121, 1337142, 1391163, 1445184, 1499205, 1553226, 1607247, 1661268, 1715289, 1769310]","[66.42857142857143, 49094.92857142857, 1852043.5714285714, 105344307.57142857, 3595841805.642857, 66555285152.35714, 941133563325.7142, 12322073309642.5, 88693076071751.08, 633921087331746.6, 4104505091277283.0, 1.366838318558288e+16, 6.506252082459646e+16, 1.627694409089044e+17, 4.633968360276926e+17, 9.030764539102237e+17, 1.481553275633311e+18, 2.5246939574582625e+18, 3.356399644638706e+18, 2.773097690068096e+18, 2.7392865752597627e+18, 1.9110212811668332e+18, 1.1479218817286221e+18, 5.825039820981194e+17, 2.1743461835921613e+17, 7.464543650981176e+16, 2.1568587147667324e+16, 3005597264395468.0, 756585577097970.4, 34921661980468.5, 5895575585063.357, 53855901952.71429]","[0.4286, 0.5, 0.0714, 0.0, 0.0, 0.0, 0.0, 0.0, 0.0, 0.0, 0.0, 0.0, 0.0, 0.0, 0.0, 0.0, 0.0, 0.0, 0.0, 0.0, 0.0, 0.0, 0.0, 0.0, 0.0, 0.0, 0.0, 0.0, 0.0, 0.0, 0.0, 0.0]","[66.42857142857143, 49161.357142857145, 1901204.9285714286, 107245512.5, 3703087318.142857, 70258372470.5, 1011391935796.2142, 13333465245438.715, 102026541317189.78, 735947628648936.4, 4840452719926220.0, 1.85088359055091e+16, 8.357135673010557e+16, 2.4634079763900995e+17, 7.097376336667026e+17, 1.6128140875769262e+18, 3.0943673632102374e+18, 5.6190613206685e+18, 8.975460965307206e+18, 1.1748558655375303e+19, 1.4487845230635065e+19, 1.6398866511801897e+19, 1.754678839353052e+19, 1.8129292375628638e+19, 1.8346726993987854e+19, 1.8421372430497667e+19, 1.8442941017645335e+19, 1.844594661490973e+19, 1.8446703200486828e+19, 1.8446738122148809e+19, 1.8446744017724393e+19, 1.8446744071580295e+19]","[0.4286, 0.9286, 1.0, 1.0, 1.0, 1.0, 1.0, 1.0, 1.0, 1.0, 1.0, 1.0, 1.0, 1.0, 1.0, 1.0, 1.0, 1.0, 1.0, 1.0, 1.0, 1.0, 1.0, 1.0, 1.0, 1.0, 1.0, 1.0, 1.0, 1.0, 1.0, 1.0]",0.86,0.0,0.0,42
