W,mu,w,eta,alpha,beta,N,N_valid,excluded_seeds,exception_failures,valid_failures,errors,avg_time_sec,Bmin_avg,Bmax_avg,m_bins,edges_last,NE_bin_avg,C_bin_rate,NE_pref_avg,C_pref_rate,excluded_rate,exception_rate,valid_failure_rate,seed
256,32,4,2,0.001,0.1,100,1,99,0,0,0,1.8952,137674,5293200,32,"[137674, 298785, 459896, 621007, 782118, 943229, 1104340, 1265450, 1426560, 1587670, 1748780, 1909890, 2071000, 2232110, 2393220, 2554330, 2715440, 2876550, 3037660, 3198770, 3359880, 3520990, 3682100, 3843210, 4004320, 4165430, 4326540, 4487650, 4648760, 4809870, 4970980, 5132090, 5293200]","[8627659074.0, 4.359939897698262e+16, 5.014985311412355e+21, 5.4052766353152165e+25, 1.1641500578861938e+29, 8.016309916095525e+31, 2.3012263265270173e+34, 3.2329788941097865e+36, 2.4778117609807498e+38, 1.1197537235813443e+40, 3.1607852836774315e+41, 5.822818253097628e+42, 7.244635302308131e+43, 6.3243147631255846e+44, 4.2104563214902866e+45, 2.024280620508554e+46, 6.308328697785993e+46, 1.4215012081875668e+47, 2.4082893888774588e+47, 3.060894181846988e+47, 2.9271565412137026e+47, 2.11079614818027e+47, 1.1483286777943553e+47, 4.709549043095364e+46, 1.4595049741307053e+46, 3.317272939549927e+45, 4.919028755631338e+44, 5.291061980020301e+43, 4.525326956457149e+42, 2.8060807262856495e+41, 1.2136724907852307e+40, 3.559077891426317e+38]","[0.0, 1.0, 0.0, 0.0, 0.0, 0.0, 0.0, 0.0, 0.0, 0.0, 0.0, 0.0, 0.0, 0.0, 0.0, 0.0, 0.0, 0.0, 0.0, 0.0, 0.0, 0.0, 0.0, 0.0, 0.0, 0.0, 0.0, 0.0, 0.0, 0.0, 0.0, 0.0]","[8627659074.0, 4.35994076046417e+16, 5.01502891081996e+21, 5.405778138206299e+25, 1.1646906357000145e+29, 8.027956822452525e+31, 2.30925428334947e+34, 3.256071436943281e+36, 2.5103724753501826e+38, 1.1448574483348463e+40, 3.275271028510916e+41, 6.150345355948719e+42, 7.859669837903003e+43, 7.110281746915885e+44, 4.921484496181875e+45, 2.5164290701267416e+46, 8.824757767912734e+46, 2.30397698497884e+47, 4.712266373856299e+47, 7.773160555703287e+47, 1.070031709691699e+48, 1.281111324509726e+48, 1.3959441922891615e+48, 1.4430396827201152e+48, 1.4576347324614222e+48, 1.4609520054009722e+48, 1.4614439082765353e+48, 1.4614968188963355e+48, 1.4615013442232919e+48, 1.4615016248313645e+48, 1.4615016369680894e+48, 1.4615016373239972e+48]","[0.0, 1.0, 1.0, 1.0, 1.0, 1.0, 1.0, 1.0, 1.0, 1.0, 1.0, 1.0, 1.0, 1.0, 1.0, 1.0, 1.0, 1.0, 1.0, 1.0, 1.0, 1.0, 1.0, 1.0, 1.0, 1.0, 1.0, 1.0, 1.0, 1.0, 1.0, 1.0]",0.99,0.0,0.0,42
