W,mu,w,eta,alpha,beta,N,N_valid,excluded_seeds,exception_failures,valid_failures,errors,avg_time_sec,Bmin_avg,Bmax_avg,m_bins,edges_last,NE_bin_avg,C_bin_rate,NE_pref_avg,C_pref_rate,excluded_rate,exception_rate,valid_failure_rate,seed
256,64,4,2,0.001,0.25,100,7,93,0,0,0,4.8106,351012,3889826,32,"[376384, 488860, 601336, 713812, 826288, 938764, 1051240, 1163716, 1276192, 1388668, 1501144, 1613620, 1726096, 1838572, 1951048, 2063524, 2176000, 2288476, 2400952, 2513428, 2625904, 2738380, 2850856, 2963332, 3075808, 3188284, 3300760, 3413236, 3525712, 3638188, 3750664, 3863140, 3975616]","[14532544166427.285, 9.340248737069786e+21, 2.632634454306772e+28, 1.6379554692258352e+33, 7.541738558944478e+36, 9.226629129606997e+39, 2.8329709410551204e+42, 3.908177926034727e+44, 2.9531825859544967e+46, 1.31178705658345e+48, 3.6107204758772646e+49, 6.631750823446515e+50, 8.927012641066308e+51, 8.770625890306646e+52, 6.122996785110294e+53, 3.4167961472499266e+54, 1.4163123233865405e+55, 4.622728763655943e+55, 1.2372178064427772e+56, 2.6514256416210404e+56, 4.4636395499764085e+56, 6.498395258528144e+56, 7.967530049954244e+56, 8.367551905266285e+56, 7.906708404744821e+56, 6.80904061013517e+56, 5.40285905396624e+56, 4.093501735829859e+56, 2.834797979264568e+56, 1.803376597572105e+56, 1.0654738832254192e+56, 5.83329854780942e+55]","[0.0, 0.0, 0.1429, 0.2857, 0.5714, 0.0, 0.0, 0.0, 0.0, 0.0, 0.0, 0.0, 0.0, 0.0, 0.0, 0.0, 0.0, 0.0, 0.0, 0.0, 0.0, 0.0, 0.0, 0.0, 0.0, 0.0, 0.0, 0.0, 0.0, 0.0, 0.0, 0.0]","[14532544166427.285, 9.34024875160233e+21, 2.6326353883316474e+28, 1.6379817955797187e+33, 7.543376540740058e+36, 9.234172506147737e+39, 2.842205113561268e+42, 3.936599977170339e+44, 2.9925485857262005e+46, 1.3417125424407121e+48, 3.744891730121336e+49, 7.006239996458648e+50, 9.627636640712173e+51, 9.733389554377865e+52, 7.096335740548081e+53, 4.1264297213047345e+54, 1.828955295517014e+55, 6.451684059172957e+55, 1.8823862123600729e+56, 4.533811853981113e+56, 8.997451403957522e+56, 1.5495846662485666e+57, 2.346337671243991e+57, 3.183092861770619e+57, 3.973763702245102e+57, 4.6546677632586184e+57, 5.1949536686552426e+57, 5.6043038422382286e+57, 5.887783640164685e+57, 6.068121299921896e+57, 6.1746686882444375e+57, 6.233001673722532e+57]","[0.0, 0.0, 0.1429, 0.4286, 1.0, 1.0, 1.0, 1.0, 1.0, 1.0, 1.0, 1.0, 1.0, 1.0, 1.0, 1.0, 1.0, 1.0, 1.0, 1.0, 1.0, 1.0, 1.0, 1.0, 1.0, 1.0, 1.0, 1.0, 1.0, 1.0, 1.0, 1.0]",0.93,0.0,0.0,42
