W,mu,w,eta,alpha,beta,N,N_valid,excluded_seeds,exception_failures,valid_failures,errors,avg_time_sec,Bmin_avg,Bmax_avg,m_bins,edges_last,NE_bin_avg,C_bin_rate,NE_pref_avg,C_pref_rate,excluded_rate,exception_rate,valid_failure_rate,seed
256,32,4,4,0.001,0.05,100,1,99,0,0,0,0.3236,67682,3532145,32,"[67682, 175947, 284212, 392477, 500742, 609007, 717272, 825537, 933802, 1042067, 1150332, 1258597, 1366862, 1475127, 1583392, 1691657, 1799921, 1908185, 2016449, 2124713, 2232977, 2341241, 2449505, 2557769, 2666033, 2774297, 2882561, 2990825, 3099089, 3207353, 3315617, 3423881, 3532145]","[19046.0, 82986813.0, 28066472609.0, 4783770652576.0, 349377834035836.0, 1.2555474240788572e+16, 2.9720021281898925e+17, 4.56798991418545e+18, 4.685978556928019e+19, 3.4924910361328144e+20, 1.955394373750413e+21, 8.109879784572216e+21, 2.568018699415563e+22, 6.371905378061317e+22, 1.2450430733769151e+23, 1.8963679743628988e+23, 2.289916457031972e+23, 2.2105852493466697e+23, 1.6963958497541886e+23, 1.01901814734892e+23, 4.845497900840136e+22, 1.8249855136709533e+22, 5.244237146209275e+21, 1.1595399998946741e+21, 1.9283209482376164e+20, 2.3994378314259935e+19, 2.0791106589169288e+18, 1.2080842206939432e+17, 4774218606536848.0, 111608889249661.0, 1139094610523.0, 7304511779.0]","[1.0, 0.0, 0.0, 0.0, 0.0, 0.0, 0.0, 0.0, 0.0, 0.0, 0.0, 0.0, 0.0, 0.0, 0.0, 0.0, 0.0, 0.0, 0.0, 0.0, 0.0, 0.0, 0.0, 0.0, 0.0, 0.0, 0.0, 0.0, 0.0, 0.0, 0.0, 0.0]","[19046.0, 83005859.0, 28149478468.0, 4811920131044.0, 354189754166880.0, 1.2909663994955452e+16, 3.101098768139447e+17, 4.878099790999394e+18, 5.1737885360279585e+19, 4.00986988973561e+20, 2.356381362723974e+21, 1.046626114729619e+22, 3.614644814145182e+22, 9.9865501922065e+22, 2.243698092597565e+23, 4.140066066960464e+23, 6.429982523992435e+23, 8.640567773339105e+23, 1.0336963623093294e+24, 1.1355981770442214e+24, 1.1840531560526228e+24, 1.2023030111893324e+24, 1.2075472483355416e+24, 1.2087067883354363e+24, 1.20889962043026e+24, 1.2089236148085742e+24, 1.2089256939192332e+24, 1.2089258147276553e+24, 1.208925819501874e+24, 1.2089258196134828e+24, 1.2089258196146219e+24, 1.2089258196146292e+24]","[1.0, 1.0, 1.0, 1.0, 1.0, 1.0, 1.0, 1.0, 1.0, 1.0, 1.0, 1.0, 1.0, 1.0, 1.0, 1.0, 1.0, 1.0, 1.0, 1.0, 1.0, 1.0, 1.0, 1.0, 1.0, 1.0, 1.0, 1.0, 1.0, 1.0, 1.0, 1.0]",0.99,0.0,0.0,42
