W,mu,w,eta,alpha,beta,N,N_valid,excluded_seeds,exception_failures,valid_failures,errors,avg_time_sec,Bmin_avg,Bmax_avg,m_bins,edges_last,NE_bin_avg,C_bin_rate,NE_pref_avg,C_pref_rate,excluded_rate,exception_rate,valid_failure_rate,seed
256,4,4,2,0.001,0.05,100,2,98,0,0,0,0.0436,70786,1714349,32,"[72935, 122832, 172729, 222626, 272522, 322418, 372314, 422210, 472106, 522002, 571898, 621794, 671690, 721586, 771482, 821378, 871274, 921170, 971066, 1020962, 1070858, 1120754, 1170650, 1220546, 1270442, 1320338, 1370234, 1420130, 1470026, 1519922, 1569818, 1619714, 1669610]","[63.0, 44752.0, 4537492.0, 342197065.0, 4568676677.5, 99046006609.5, 2180508725269.5, 20802133686526.5, 108162355337298.0, 1071447099466546.5, 5065700513330596.0, 1.6957087613759424e+16, 7.240712019585603e+16, 2.0076374003260483e+17, 4.24397022512987e+17, 9.62777052647619e+17, 1.6969471354471053e+18, 2.0942532937087352e+18, 3.010091287693579e+18, 3.0309433525658537e+18, 2.5504541987425526e+18, 1.9632645256396224e+18, 1.3720796951854234e+18, 6.063749418067274e+17, 2.969307570836795e+17, 1.1644208758933651e+17, 1.7941383936911794e+16, 6743117754510962.0, 678652869595149.0, 25160841423049.5, 4032921191350.5, 29314285560.0]","[0.0, 0.5, 0.5, 0.0, 0.0, 0.0, 0.0, 0.0, 0.0, 0.0, 0.0, 0.0, 0.0, 0.0, 0.0, 0.0, 0.0, 0.0, 0.0, 0.0, 0.0, 0.0, 0.0, 0.0, 0.0, 0.0, 0.0, 0.0, 0.0, 0.0, 0.0, 0.0]","[63.0, 44815.0, 4582307.0, 346779372.0, 4915456049.5, 103961462659.0, 2284470187928.5, 23086603874455.0, 131248959211753.0, 1202696058678299.5, 6268396572008895.0, 2.322548418576832e+16, 9.563260438162435e+16, 2.963963444142292e+17, 7.207933669272161e+17, 1.6835704195748352e+18, 3.38051755502194e+18, 5.474770848730675e+18, 8.484862136424254e+18, 1.1515805488990108e+19, 1.406625968773266e+19, 1.6029524213372283e+19, 1.7401603908557705e+19, 1.8007978850364434e+19, 1.8304909607448113e+19, 1.842135169503745e+19, 1.8439293078974362e+19, 1.8446036196728873e+19, 1.8446714849598468e+19, 1.844674001043989e+19, 1.8446744043361081e+19, 1.8446744072675367e+19]","[0.0, 0.5, 1.0, 1.0, 1.0, 1.0, 1.0, 1.0, 1.0, 1.0, 1.0, 1.0, 1.0, 1.0, 1.0, 1.0, 1.0, 1.0, 1.0, 1.0, 1.0, 1.0, 1.0, 1.0, 1.0, 1.0, 1.0, 1.0, 1.0, 1.0, 1.0, 1.0]",0.98,0.0,0.0,42
