W,mu,w,eta,alpha,beta,N,N_valid,excluded_seeds,exception_failures,valid_failures,errors,avg_time_sec,Bmin_avg,Bmax_avg,m_bins,edges_last,NE_bin_avg,C_bin_rate,NE_pref_avg,C_pref_rate,excluded_rate,exception_rate,valid_failure_rate,seed
256,64,4,4,0.001,0.05,100,4,96,0,0,0,0.6683,67083,3840088,32,"[72937, 199821, 326705, 453589, 580473, 707357, 834241, 961125, 1088009, 1214893, 1341777, 1468661, 1595544, 1722427, 1849310, 1976193, 2103076, 2229959, 2356842, 2483725, 2610608, 2737491, 2864374, 2991257, 3118140, 3245023, 3371906, 3498789, 3625672, 3752555, 3879438, 4006321, 4133204]","[235373.5, 3191090907.25, 5482646665025.5, 2394319664707142.0, 3.711845288971937e+17, 2.3309340801544544e+19, 9.995416418961157e+20, 2.425900616849274e+22, 3.870664890714758e+23, 4.3278904751115975e+24, 3.3652233949945018e+25, 1.8615107709974447e+26, 7.49965743043145e+26, 2.222774762844381e+27, 5.290928154843144e+27, 9.599213748777307e+27, 1.2995979687281365e+28, 1.4483849224988555e+28, 1.3309986272566978e+28, 9.240370008276982e+27, 5.944603585842348e+27, 2.970153760117747e+27, 1.4243791126750283e+27, 5.205590327360347e+26, 1.847570275077731e+26, 5.194760901222261e+25, 1.1854702936285911e+25, 1.9684126591999117e+24, 2.934921690081265e+23, 3.2071608083897364e+22, 2.395180760967187e+21, 1.537096329145956e+20]","[0.75, 0.25, 0.0, 0.0, 0.0, 0.0, 0.0, 0.0, 0.0, 0.0, 0.0, 0.0, 0.0, 0.0, 0.0, 0.0, 0.0, 0.0, 0.0, 0.0, 0.0, 0.0, 0.0, 0.0, 0.0, 0.0, 0.0, 0.0, 0.0, 0.0, 0.0, 0.0]","[235373.5, 3191326280.75, 5485837991306.25, 2399805502698448.0, 3.7358433439989216e+17, 2.3682925135944434e+19, 1.02322456703206e+21, 2.52822307355248e+22, 4.123487198070006e+23, 4.740239194918598e+24, 3.8392473144863616e+25, 2.2454355024460807e+26, 9.745092932877532e+26, 3.197284056132134e+27, 8.488212210975278e+27, 1.8087425959752585e+28, 3.108340564703395e+28, 4.5567254872022506e+28, 5.887724114458948e+28, 6.8117611152866465e+28, 7.4062214738708815e+28, 7.703236849882656e+28, 7.845674761150159e+28, 7.897730664423762e+28, 7.916206367174539e+28, 7.921401128075762e+28, 7.92258659836939e+28, 7.92278343963531e+28, 7.9228127888522115e+28, 7.922815996013019e+28, 7.922816235531096e+28, 7.922816250902059e+28]","[0.75, 1.0, 1.0, 1.0, 1.0, 1.0, 1.0, 1.0, 1.0, 1.0, 1.0, 1.0, 1.0, 1.0, 1.0, 1.0, 1.0, 1.0, 1.0, 1.0, 1.0, 1.0, 1.0, 1.0, 1.0, 1.0, 1.0, 1.0, 1.0, 1.0, 1.0, 1.0]",0.96,0.0,0.0,42
