{
  "brier": [
    0.08850874751806259,
    0.04655176028609276,
    0.04586119204759598,
    0.051109008491039276,
    0.04997549578547478,
    0.04353521391749382,
    0.03552236407995224,
    0.0296906977891922,
    0.026983775198459625,
    0.026059390977025032,
    0.025649061426520348,
    0.026272132992744446,
    0.025699114426970482,
    0.02390989288687706,
    0.02311929315328598,
    0.022693181410431862,
    0.021623821929097176,
    0.020731233060359955,
    0.019508618861436844,
    0.018511997535824776,
    0.017258241772651672,
    0.016557708382606506,
    0.015897640958428383,
    0.015261922962963581,
    0.014871614053845406,
    0.014556653797626495,
    0.013244401663541794,
    0.01258178986608982,
    0.012023338116705418,
    0.011184046976268291,
    0.00987314898520708,
    0.008905312046408653,
    0.008268923498690128,
    0.00756944390013814,
    0.00663641607388854,
    0.0056448583491146564,
    0.004789986647665501,
    0.005339211784303188,
    0.0044869729317724705,
    0.004086099099367857,
    0.0042614382691681385,
    0.003739595413208008,
    0.003649416146799922,
    0.0034507077652961016,
    0.0029640397988259792,
    0.0030759023502469063,
    0.00315007078461349,
    0.003316862042993307,
    0.003056033281609416,
    0.002892076037824154,
    0.0028595449402928352,
    0.0027383293490856886,
    0.002934875898063183,
    0.002792136278003454,
    0.0028471853584051132,
    0.0025376963894814253,
    0.0027203841600567102
  ],
  "loss": [
    0.012358038686215878,
    0.006914285011589527,
    0.005330182611942291,
    0.005622312426567078,
    0.005582817830145359,
    0.005116110201925039,
    0.004522310569882393,
    0.004260899033397436,
    0.004199252463877201,
    0.004053022712469101,
    0.003792962757870555,
    0.0037574099842458963,
    0.00364461587741971,
    0.003522682934999466,
    0.0034413172397762537,
    0.0033569077495485544,
    0.0032785863149911165,
    0.0032205982133746147,
    0.003106535878032446,
    0.0030943218152970076,
    0.002939794445410371,
    0.002820543944835663,
    0.0027370438911020756,
    0.0026369462721049786,
    0.0025833663530647755,
    0.0025372281670570374,
    0.002415176946669817,
    0.0023241208400577307,
    0.002283170586451888,
    0.0021811125334352255,
    0.0020590603817254305,
    0.0019367310451343656,
    0.0018352607730776072,
    0.0017653934191912413,
    0.001679477863945067,
    0.001514243078418076,
    0.0013803185429424047,
    0.0014230923261493444,
    0.0012995828874409199,
    0.0012236613547429442,
    0.0012536996509879827,
    0.0011753211729228497,
    0.001160167157649994,
    0.0011281931074336171,
    0.0010138108627870679,
    0.0010392745025455952,
    0.0010338483843952417,
    0.0010784475598484278,
    0.0010170520981773734,
    0.0010005946969613433,
    0.0009657677146606147,
    0.0009460121509619057,
    0.0009908427018672228,
    0.000949634239077568,
    0.00095079728635028,
    0.0009196226601488888,
    0.0009311684989370406
  ],
  "nll": [
    0.5517402291297913,
    0.4598708152770996,
    0.5151116251945496,
    0.609222412109375,
    0.6114887595176697,
    0.5422905683517456,
    0.469459593296051,
    0.4247084856033325,
    0.40810880064964294,
    0.40909719467163086,
    0.4184669554233551,
    0.4292133152484894,
    0.4294624626636505,
    0.42223072052001953,
    0.4155717194080353,
    0.4148791432380676,
    0.4141291677951813,
    0.40538880228996277,
    0.39357003569602966,
    0.3837701380252838,
    0.37691256403923035,
    0.37277600169181824,
    0.3685632050037384,
    0.36661991477012634,
    0.36711546778678894,
    0.3651534616947174,
    0.36004915833473206,
    0.35698238015174866,
    0.3565155267715454,
    0.3540162742137909,
    0.34936946630477905,
    0.34456148743629456,
    0.3434612452983856,
    0.3418295383453369,
    0.33802083134651184,
    0.3358425498008728,
    0.3317066431045532,
    0.33371102809906006,
    0.330745130777359,
    0.3297499716281891,
    0.33036404848098755,
    0.328585147857666,
    0.3281925618648529,
    0.32735520601272583,
    0.3261127471923828,
    0.32623594999313354,
    0.32610639929771423,
    0.3265113830566406,
    0.32550281286239624,
    0.3253209590911865,
    0.3251950144767761,
    0.3247341513633728,
    0.32526159286499023,
    0.3248727023601532,
    0.32500845193862915,
    0.324541836977005,
    0.32469606399536133
  ],
  "val_brier": [
    0.059567276388406754,
    0.02950425073504448,
    0.03236173838376999,
    0.03297978267073631,
    0.029336387291550636,
    0.022632475942373276,
    0.017580052837729454,
    0.017136894166469574,
    0.016533227637410164,
    0.01440409105271101,
    0.013373435474932194,
    0.01293623074889183,
    0.012493147514760494,
    0.012425408698618412,
    0.012011950835585594,
    0.01135127991437912,
    0.010883044451475143,
    0.010567138902842999,
    0.010627654381096363,
    0.010931022465229034,
    0.011347273364663124,
    0.011635015718638897,
    0.011328359134495258,
    0.009997083805501461,
    0.009234176948666573,
    0.009153187274932861,
    0.009165611118078232,
    0.007866633124649525,
    0.007020117715001106,
    0.006387172732502222,
    0.0061081768944859505,
    0.005405937787145376,
    0.0037112219724804163,
    0.003226767759770155,
    0.0027403244748711586,
    0.0026619506534188986,
    0.002479050774127245,
    0.0020598352421075106,
    0.0025700274854898453,
    0.001868382329121232,
    0.002258146647363901,
    0.001861635479144752,
    0.0021882359869778156,
    0.0021049142815172672,
    0.0020942569244652987,
    0.0019833361729979515,
    0.0019884458743035793,
    0.0020886228885501623,
    0.0021464156452566385,
    0.0020705407951027155,
    0.0021058872807770967,
    0.0021989017259329557,
    0.002161606913432479,
    0.0021362535189837217,
    0.002163864439353347,
    0.0021703257225453854,
    0.002148277824744582
  ],
  "val_loss": [
    0.009619167074561119,
    0.004532037768512964,
    0.00404825434088707,
    0.004118652548640966,
    0.003845611121505499,
    0.0033911538776010275,
    0.0032002946827560663,
    0.003470797324553132,
    0.003425218863412738,
    0.0029013087041676044,
    0.002545352792367339,
    0.0024010655470192432,
    0.002367346780374646,
    0.00246052211150527,
    0.002361059421673417,
    0.002149805426597595,
    0.002038096310570836,
    0.0020075123757123947,
    0.0020910664461553097,
    0.0021368905436247587,
    0.002146243117749691,
    0.0021649973932653666,
    0.002127974759787321,
    0.001900885603390634,
    0.001771520939655602,
    0.0018216462340205908,
    0.0018516606651246548,
    0.001651371130719781,
    0.0016091389115899801,
    0.001530553330667317,
    0.001529403030872345,
    0.001511707087047398,
    0.001194450305774808,
    0.0011881390819326043,
    0.001057277200743556,
    0.0010653958888724446,
    0.0010186753934249282,
    0.0008589108474552631,
    0.0010068579576909542,
    0.0007887151441536844,
    0.0009256991907022893,
    0.000780548551119864,
    0.0008934291545301676,
    0.000856058846693486,
    0.0008491958724334836,
    0.000815231294836849,
    0.0008197611314244568,
    0.0008490683976560831,
    0.0008658934966661036,
    0.0008370807045139372,
    0.0008456617943011224,
    0.0008775638998486102,
    0.0008655324345454574,
    0.0008577357511967421,
    0.0008670269744470716,
    0.0008701086044311523,
    0.0008645729976706207
  ],