{
  "brier": [
    0.1727362424135208,
    0.14722582697868347,
    0.13566996157169342,
    0.12232205271720886,
    0.11090921610593796,
    0.10441648960113525,
    0.09878095239400864,
    0.09275386482477188,
    0.08987530320882797,
    0.08454214781522751,
    0.08012751489877701,
    0.07893101871013641,
    0.07348208874464035,
    0.07255467772483826,
    0.06935330480337143,
    0.0690128430724144,
    0.06714299321174622,
    0.06627717614173889,
    0.06330753117799759,
    0.06173965707421303,
    0.05994036793708801,
    0.05882131680846214,
    0.05701691284775734,
    0.0566224604845047,
    0.0543234683573246,
    0.054216671735048294,
    0.051698144525289536,
    0.05095157027244568,
    0.04839223250746727,
    0.048690371215343475,
    0.048626404255628586,
    0.04679129272699356,
    0.04608561098575592,
    0.04484151303768158,
    0.0436890535056591,
    0.04319102689623833,
    0.04124389961361885,
    0.04029664024710655,
    0.03933026269078255,
    0.03913691267371178,
    0.03741047903895378,
    0.03673144802451134,
    0.036350980401039124,
    0.03517365828156471,
    0.0343359149992466,
    0.032635219395160675,
    0.033078812062740326,
    0.03113980032503605,
    0.030801985412836075,
    0.03010810911655426,
    0.02958110347390175,
    0.028321286663413048,
    0.027121396735310555,
    0.027479294687509537,
    0.026114311069250107,
    0.02563280239701271,
    0.025868773460388184,
    0.02381454035639763,
    0.024426782503724098,
    0.024783000349998474,
    0.023970838636159897,
    0.023155178874731064,
    0.022866180166602135,
    0.022320611402392387
  ],
  "loss": [
    0.1727362424135208,
    0.14722582697868347,
    0.13566996157169342,
    0.12232205271720886,
    0.11090921610593796,
    0.10441648960113525,
    0.09878095239400864,
    0.09275386482477188,
    0.08987530320882797,
    0.08454214781522751,
    0.08012751489877701,
    0.07893101871013641,
    0.07348208874464035,
    0.07255467772483826,
    0.06935330480337143,
    0.0690128430724144,
    0.06714299321174622,
    0.06627717614173889,
    0.06330753117799759,
    0.06173965707421303,
    0.05994036793708801,
    0.05882131680846214,
    0.05701691284775734,
    0.0566224604845047,
    0.0543234683573246,
    0.054216671735048294,
    0.051698144525289536,
    0.05095157027244568,
    0.04839223250746727,
    0.048690371215343475,
    0.048626404255628586,
    0.04679129272699356,
    0.04608561098575592,
    0.04484151303768158,
    0.0436890535056591,
    0.04319102689623833,
    0.04124389961361885,
    0.04029664024710655,
    0.03933026269078255,
    0.03913691267371178,
    0.03741047903895378,
    0.03673144802451134,
    0.036350980401039124,
    0.03517365828156471,
    0.0343359149992466,
    0.032635219395160675,
    0.033078812062740326,
    0.03113980032503605,
    0.030801985412836075,
    0.03010810911655426,
    0.02958110347390175,
    0.028321286663413048,
    0.027121396735310555,
    0.027479294687509537,
    0.026114311069250107,
    0.02563280239701271,
    0.025868773460388184,
    0.02381454035639763,
    0.024426782503724098,
    0.024783000349998474,
    0.023970838636159897,
    0.023155178874731064,
    0.022866180166602135,
    0.022320611402392387
  ],
  "nll": [
    0.7926152348518372,
    0.74782794713974,
    0.7508924007415771,
    0.7579509615898132,
    0.7794741988182068,
    0.7932178974151611,
    0.8096319437026978,
    0.8139652609825134,
    0.828607439994812,
    0.8297498822212219,
    0.8321678638458252,
    0.852665901184082,
    0.8402040004730225,
    0.8425260782241821,
    0.8393963575363159,
    0.8459557890892029,
    0.8503370881080627,
    0.8498023152351379,
    0.8494147062301636,
    0.8501875400543213,
    0.843690812587738,
    0.8559120297431946,
    0.8366580605506897,
    0.8403474688529968,
    0.8302756547927856,
    0.8221470713615417,
    0.816993236541748,
    0.8145479559898376,
    0.8085609078407288,
    0.8091306686401367,
    0.803709864616394,
    0.7924479842185974,
    0.7815453410148621,
    0.7900699377059937,
    0.775393009185791,
    0.7700355052947998,
    0.7688507437705994,
    0.7631400227546692,
    0.7468143701553345,
    0.741507351398468,
    0.7342538833618164,
    0.7311383485794067,
    0.7294938564300537,
    0.7181451320648193,
    0.7182361483573914,
    0.7003757953643799,
    0.6914076805114746,
    0.6845906376838684,
    0.6963220834732056,
    0.6844396591186523,
    0.6882409453392029,
    0.6698558926582336,
    0.6618115305900574,
    0.6442201733589172,
    0.649893581867218,
    0.6326104998588562,
    0.6202445030212402,
    0.629350483417511,
    0.6193397641181946,
    0.6260509490966797,
    0.6110246777534485,
    0.600862443447113,
    0.593682050704956,
    0.5956820845603943
  ],
  "val_brier": [
    0.17705631256103516,
    0.16633914411067963,
    0.15777194499969482,
    0.14869417250156403,
    0.14030121266841888,
    0.13232089579105377,
    0.1243409514427185,
    0.11619435995817184,
    0.10783607512712479,
    0.0994831919670105,
    0.09178633242845535,
    0.08436069637537003,
    0.07766556739807129,
    0.07170979678630829,
    0.06595049798488617,
    0.06022575870156288,
    0.05496476590633392,
    0.050635963678359985,
    0.04665306583046913,
    0.04280724376440048,
    0.03939657658338547,
    0.036447472870349884,
    0.03403349220752716,
    0.0318404845893383,
    0.02969883754849434,
    0.02789960987865925,
    0.026384279131889343,
    0.024867089465260506,
    0.023470044136047363,
    0.02229032851755619,
    0.021014530211687088,
    0.019882233813405037,
    0.01912080869078636,
    0.01850738935172558,
    0.017994627356529236,
    0.01745953969657421,
    0.016960477456450462,
    0.016683416441082954,
    0.016598958522081375,
    0.01647217385470867,
    0.01626475714147091,
    0.016135402023792267,
    0.015870651230216026,
    0.01583990827202797,
    0.016050158068537712,
    0.01618332788348198,
    0.01608562469482422,
    0.015800273045897484,
    0.015359880402684212,
    0.015444022603332996,
    0.015838216990232468,
    0.016162151470780373,
    0.016005227342247963,
    0.015689417719841003,
    0.015707839280366898,
    0.01595419831573963,
    0.01594880409538746,
    0.01591775193810463,
    0.0159346591681242,
    0.015867039561271667,
    0.015734978020191193,
    0.01570005901157856,
    0.015598940663039684,
    0.015401233918964863
  ],