{
  "brier": [
    0.19370011985301971,
    0.1743348240852356,
    0.16061995923519135,
    0.1480766087770462,
    0.1397167444229126,
    0.12887167930603027,
    0.11946672946214676,
    0.11469230055809021,
    0.10830679535865784,
    0.10153668373823166,
    0.09722810238599777,
    0.09370291233062744,
    0.09071209281682968,
    0.08801835030317307,
    0.08693983405828476,
    0.0844246968626976,
    0.08259367942810059,
    0.08165443688631058,
    0.07941875606775284,
    0.0784858837723732,
    0.07786566764116287,
    0.07712117582559586,
    0.07645685225725174,
    0.07593952864408493,
    0.07497016340494156,
    0.07426721602678299,
    0.07318247854709625,
    0.07253879308700562,
    0.07199940085411072,
    0.07004126161336899,
    0.0697825700044632,
    0.06726101785898209,
    0.06611590087413788,
    0.06391292810440063,
    0.0607125386595726,
    0.0585843063890934,
    0.05564165487885475,
    0.051571521908044815,
    0.049009110778570175,
    0.044852159917354584,
    0.04170481488108635,
    0.039947330951690674,
    0.03891998901963234,
    0.036582328379154205,
    0.034055035561323166,
    0.032585904002189636,
    0.030671868473291397,
    0.029483865946531296
  ],
  "loss": [
    0.03197840601205826,
    0.028882447630167007,
    0.026454122737050056,
    0.024307994171977043,
    0.022532029077410698,
    0.020623384043574333,
    0.018940342590212822,
    0.01772424764931202,
    0.016711954027414322,
    0.015521878376603127,
    0.014807669445872307,
    0.014161785133183002,
    0.01349314209073782,
    0.01289372704923153,
    0.012606589123606682,
    0.012205831706523895,
    0.011870996095240116,
    0.01161996927112341,
    0.011253421194851398,
    0.011023121885955334,
    0.01083940640091896,
    0.010735442861914635,
    0.01050040777772665,
    0.010521955788135529,
    0.010389748029410839,
    0.010252797044813633,
    0.010073990561068058,
    0.010070535354316235,
    0.01004286203533411,
    0.009760714136064053,
    0.009778364561498165,
    0.009496700018644333,
    0.009352344088256359,
    0.009186523035168648,
    0.008872484788298607,
    0.008690579794347286,
    0.008474437519907951,
    0.007997225038707256,
    0.007792000193148851,
    0.007509517949074507,
    0.007148780394345522,
    0.00683936383575201,
    0.0067795501090586185,
    0.00659414567053318,
    0.0063573820516467094,
    0.006296530365943909,
    0.0060181389562785625,
    0.005869273096323013
  ],
  "nll": [
    0.8281840085983276,
    0.8035421967506409,
    0.8042701482772827,
    0.8178490400314331,
    0.8518673181533813,
    0.8717750310897827,
    0.9035859704017639,
    0.9514977335929871,
    0.9651591777801514,
    0.9910278916358948,
    0.996259331703186,
    1.0206098556518555,
    1.037729024887085,
    1.0508828163146973,
    1.0519225597381592,
    1.069593906402588,
    1.058665156364441,
    1.0850013494491577,
    1.0859509706497192,
    1.1065897941589355,
    1.093780279159546,
    1.0982747077941895,
    1.0966070890426636,
    1.105305790901184,
    1.1025269031524658,
    1.099389910697937,
    1.089616298675537,
    1.094499111175537,
    1.081202507019043,
    1.072349190711975,
    1.053538203239441,
    1.0438302755355835,
    1.027532696723938,
    0.9888743162155151,
    0.9841369986534119,
    0.9435557723045349,
    0.8982372879981995,
    0.8887313008308411,
    0.8360731601715088,
    0.7895129323005676,
    0.7539122104644775,
    0.7435117363929749,
    0.7312533259391785,
    0.708034873008728,
    0.6815399527549744,
    0.6780076026916504,
    0.6541371941566467,
    0.6468027830123901
  ],
  "val_brier": [
    0.1669306606054306,
    0.15365494787693024,
    0.1420423686504364,
    0.13113468885421753,
    0.11998739838600159,
    0.10825005918741226,
    0.09639149159193039,
    0.08452942222356796,
    0.07342090457677841,
    0.0635615885257721,
    0.05521267279982567,
    0.04770423471927643,
    0.04093397781252861,
    0.035005584359169006,
    0.029942583292722702,
    0.02568945474922657,
    0.022447438910603523,
    0.01990731619298458,
    0.017866969108581543,
    0.01609179563820362,
    0.014708009548485279,
    0.013820230029523373,
    0.01302302721887827,
    0.012386785820126534,
    0.011866278015077114,
    0.011452501639723778,
    0.011215382255613804,
    0.011066032573580742,
    0.010877330787479877,
    0.010746678337454796,
    0.010538565926253796,
    0.01033230684697628,
    0.010625086724758148,
    0.011360757052898407,
    0.01234879344701767,
    0.013444731943309307,
    0.014568242244422436,
    0.015277305617928505,
    0.016150182113051414,
    0.01704237423837185,
    0.017134355381131172,
    0.017235852777957916,
    0.017253216356039047,
    0.01736481487751007,
    0.01754017174243927,
    0.017729774117469788,
    0.01791989803314209,
    0.01770460605621338
  ],
  "val_loss": [
    0.034587424248456955,
    0.03283539414405823,
    0.031227363273501396,
    0.029666975140571594,
    0.028017595410346985,
    0.02617580071091652,
    0.024211300536990166,
    0.022145263850688934,
    0.020105745643377304,
    0.018172943964600563,
    0.0164279043674469,
    0.014734836295247078,
    0.01311040110886097,
    0.011606861837208271,
    0.010260961949825287,
    0.009068792685866356,
    0.008104117587208748,
    0.007280019111931324,
    0.006590544246137142,
    0.005990692414343357,
    0.005503774154931307,
    0.005146438721567392,
    0.004848674405366182,
    0.004608371295034885,
    0.004422495141625404,
    0.004246656317263842,
    0.00410168943926692,
    0.003977105021476746,
    0.003855066141113639,
    0.0037507221568375826,
    0.003649818478152156,
    0.0035499960649758577,
    0.003518512938171625,
    0.003563274396583438,
    0.003660632064566016,
    0.003775782184675336,
    0.0038824339862912893,
    0.0039513129740953445,
    0.0040410105139017105,
    0.004145034123212099,
    0.004158801399171352,
    0.004164393525570631,
    0.004163400270044804,
    0.004169384017586708,
    0.004176019225269556,
    0.004182689357548952,
    0.004192819818854332,
    0.004159965552389622
  ],
  "val_nll": [
    0.6858232617378235,
    0.6591729521751404,
    0.6357107758522034,
    0.6135022640228271,
    0.5905762910842896,
    0.5661112666130066,
    0.5409887433052063,
    0.5153935551643372,
    0.49086397886276245,
    0.46836167573928833,
    0.4486163854598999,
    0.43010252714157104,
    0.41271495819091797,
    0.39684486389160156,
    0.382682204246521,
    0.3702297806739807,
    0.36017414927482605,
    0.3517879545688629,
    0.34481877088546753,
    0.33871138095855713,
    0.33359622955322266,
    0.32984036207199097,
    0.326681911945343,
    0.32411739230155945,
    0.3220809996128082,
    0.3201776444911957,
    0.31864386796951294,
    0.31738409399986267,
    0.3161782920360565,
    0.3151804506778717,
    0.3141914904117584,
    0.31321579217910767,
    0.31316959857940674,
    0.31418997049331665,
    0.3159852623939514,
    0.31821802258491516,
    0.32058775424957275,
    0.3222692310810089,
    0.32453274726867676,
    0.32705003023147583,
    0.32736700773239136,
    0.32764241099357605,
    0.3277781903743744,
    0.3281571567058563,
    0.3286485970020294,
    0.32917118072509766,
    0.3297117054462433,
    0.3290948271751404
  ],